{
  "England": {
    "0": {
      "score": 7,
      "time": 1.776867389678955
    }
  },
  "Netherlands": {
    "0": {
      "score": 5,
      "time": 0.707564115524292
    }
  },
  "Korea,Republic": {
    "0": {
      "score": 7,
      "time": 1.3604726791381836
    }
  },
  "Japan": {
    "0": {
      "score": 7,
      "time": 1.6094529628753662
    }
  },
  "Northern,Ireland": {
    "0": {
      "score": 8,
      "time": 1.0552074909210205
    }
  },
  "Wales": {
    "0": {
      "score": 7,
      "time": 1.3410229682922363
    }
  },
  "Iceland": {
    "0": {
      "score": 5,
      "time": 1.4932560920715332
    }
  },
  "United,States": {
    "0": {
      "score": 3,
      "time": 1.6759014129638672
    }
  },
  "Finland": {
    "0": {
      "score": 7,
      "time": 1.3675613403320312
    }
  },
  "Turkey": {
    "0": {
      "score": 7,
      "time": 0.5820484161376953
    }
  },
  "Norway": {
    "0": {
      "score": 9,
      "time": 1.3891024589538574
    }
  },
  "Senegal": {
    "0": {
      "score": 8,
      "time": 1.4898812770843506
    }
  },
  "Scotland": {
    "0": {
      "score": 7,
      "time": 1.4002275466918945
    }
  },
  "Republic,of,Ireland": {
    "0": {
      "score": 9,
      "time": 0.9505953788757324
    }
  },
  "Germany": {
    "0": {
      "score": 11,
      "time": 1.7997550964355469
    }
  },
  "Kosovo": {
    "0": {
      "score": 9,
      "time": 1.7685823440551758
    }
  },
  "Denmark": {
    "0": {
      "score": 7,
      "time": 1.681957721710205
    }
  },
  "Australia": {
    "0": {
      "score": 9,
      "time": 0.9640579223632812
    }
  },
  "Ghana": {
    "0": {
      "score": 4,
      "time": 1.2925477027893066
    }
  },
  "Brazil": {
    "0": {
      "score": 9,
      "time": 0.5651528835296631
    }
  },
  "France": {
    "0": {
      "score": 8,
      "time": 1.2830944061279297
    }
  },
  "Austria": {
    "0": {
      "score": 7,
      "time": 0.45552611351013184
    }
  },
  "Romania": {
    "0": {
      "score": 9,
      "time": 0.45874857902526855
    }
  },
  "Switzerland": {
    "0": {
      "score": 5,
      "time": 1.924809455871582
    }
  },
  "Sweden": {
    "0": {
      "score": 7,
      "time": 0.9444174766540527
    }
  },
  "Serbia": {
    "0": {
      "score": 9,
      "time": 1.6043353080749512
    }
  },
  "Mexico": {
    "0": {
      "score": 9,
      "time": 1.9814019203186035
    }
  },
  "Italy": {
    "0": {
      "score": 5,
      "time": 0.6208286285400391
    }
  },
  "Nigeria": {
    "0": {
      "score": 7,
      "time": 1.6567268371582031
    }
  },
  "China,PR": {
    "0": {
      "score": 9,
      "time": 0.8881456851959229
    }
  },
  "Croatia": {
    "0": {
      "score": 7,
      "time": 0.4513838291168213
    }
  },
  "Saudi,Arabia": {
    "0": {
      "score": 7,
      "time": 1.1579663753509521
    }
  },
  "Chile": {
    "0": {
      "score": 5,
      "time": 1.801360845565796
    }
  },
  "Belgium": {
    "0": {
      "score": 7,
      "time": 1.3669497966766357
    }
  },
  "Colombia": {
    "0": {
      "score": 9,
      "time": 1.1266310214996338
    }
  },
  "South,Africa": {
    "0": {
      "score": 8,
      "time": 1.4326786994934082
    }
  },
  "Canada": {
    "0": {
      "score": 8,
      "time": 0.8829154968261719
    }
  },
  "Spain": {
    "0": {
      "score": 7,
      "time": 1.633382797241211
    }
  },
  "Argentina": {
    "0": {
      "score": 7,
      "time": 1.1686956882476807
    }
  },
  "Poland": {
    "0": {
      "score": 9,
      "time": 1.5777812004089355
    }
  }
}