{
  "England": {
    "0": {
      "score": 7,
      "time": 1.2955148220062256
    }
  },
  "Netherlands": {
    "0": {
      "score": 5,
      "time": 1.8200345039367676
    }
  },
  "Korea,Republic": {
    "0": {
      "score": 7,
      "time": 0.8117356300354004
    }
  },
  "Japan": {
    "0": {
      "score": 9,
      "time": 1.5997350215911865
    }
  },
  "Northern,Ireland": {
    "0": {
      "score": 8,
      "time": 0.9169607162475586
    }
  },
  "Wales": {
    "0": {
      "score": 7,
      "time": 1.8022181987762451
    }
  },
  "Iceland": {
    "0": {
      "score": 5,
      "time": 1.6495561599731445
    }
  },
  "United,States": {
    "0": {
      "score": 7,
      "time": 1.71458101272583
    }
  },
  "Finland": {
    "0": {
      "score": 7,
      "time": 0.6816613674163818
    }
  },
  "Turkey": {
    "0": {
      "score": 7,
      "time": 1.6587231159210205
    }
  },
  "Norway": {
    "0": {
      "score": 9,
      "time": 0.8449513912200928
    }
  },
  "Senegal": {
    "0": {
      "score": 8,
      "time": 1.389733076095581
    }
  },
  "Scotland": {
    "0": {
      "score": 7,
      "time": 0.51938796043396
    }
  },
  "Republic,of,Ireland": {
    "0": {
      "score": 9,
      "time": 0.7741343975067139
    }
  },
  "Germany": {
    "0": {
      "score": 11,
      "time": 1.4962208271026611
    }
  },
  "Kosovo": {
    "0": {
      "score": 9,
      "time": 0.8354597091674805
    }
  },
  "Denmark": {
    "0": {
      "score": 7,
      "time": 1.8020334243774414
    }
  },
  "Australia": {
    "0": {
      "score": 9,
      "time": 1.7630081176757812
    }
  },
  "Ghana": {
    "0": {
      "score": 4,
      "time": 1.2124977111816406
    }
  },
  "Brazil": {
    "0": {
      "score": 9,
      "time": 0.5698516368865967
    }
  },
  "France": {
    "0": {
      "score": 8,
      "time": 1.1596381664276123
    }
  },
  "Austria": {
    "0": {
      "score": 7,
      "time": 1.883349895477295
    }
  },
  "Romania": {
    "0": {
      "score": 9,
      "time": 0.5184392929077148
    }
  },
  "Switzerland": {
    "0": {
      "score": 5,
      "time": 1.8002848625183105
    }
  },
  "Sweden": {
    "0": {
      "score": 8,
      "time": 1.1976823806762695
    }
  },
  "Serbia": {
    "0": {
      "score": 9,
      "time": 1.9004697799682617
    }
  },
  "Mexico": {
    "0": {
      "score": 9,
      "time": 0.9127094745635986
    }
  },
  "Italy": {
    "0": {
      "score": 7,
      "time": 1.6709685325622559
    }
  },
  "Nigeria": {
    "0": {
      "score": 7,
      "time": 0.5420615673065186
    }
  },
  "China,PR": {
    "0": {
      "score": 9,
      "time": 1.7951781749725342
    }
  },
  "Croatia": {
    "0": {
      "score": 7,
      "time": 0.9201643466949463
    }
  },
  "Saudi,Arabia": {
    "0": {
      "score": 7,
      "time": 1.656916856765747
    }
  },
  "Chile": {
    "0": {
      "score": 5,
      "time": 1.9246361255645752
    }
  },
  "Belgium": {
    "0": {
      "score": 7,
      "time": 1.3438684940338135
    }
  },
  "Colombia": {
    "0": {
      "score": 9,
      "time": 1.711409091949463
    }
  },
  "South,Africa": {
    "0": {
      "score": 5,
      "time": 0.6552474498748779
    }
  },
  "Canada": {
    "0": {
      "score": 6,
      "time": 1.716247797012329
    }
  },
  "Spain": {
    "0": {
      "score": 7,
      "time": 1.274857759475708
    }
  },
  "Argentina": {
    "0": {
      "score": 7,
      "time": 1.8181421756744385
    }
  },
  "Poland": {
    "0": {
      "score": 9,
      "time": 1.7168922424316406
    }
  }
}