{
  "England": {
    "0": {
      "score": 3,
      "time": 0.3418722152709961
    }
  },
  "Netherlands": {
    "0": {
      "score": 9,
      "time": 0.44104743003845215
    }
  },
  "Korea,Republic": {
    "0": {
      "score": 6,
      "time": 0.2982752323150635
    }
  },
  "Japan": {
    "0": {
      "score": 7,
      "time": 0.20314383506774902
    }
  },
  "Northern,Ireland": {
    "0": {
      "score": 9,
      "time": 0.12032127380371094
    }
  },
  "Wales": {
    "0": {
      "score": 7,
      "time": 0.11880683898925781
    }
  },
  "Iceland": {
    "0": {
      "score": 7,
      "time": 0.21743440628051758
    }
  },
  "United,States": {
    "0": {
      "score": 7,
      "time": 0.44152092933654785
    }
  },
  "Finland": {
    "0": {
      "score": 7,
      "time": 0.10820531845092773
    }
  },
  "Turkey": {
    "0": {
      "score": 7,
      "time": 0.4260239601135254
    }
  },
  "Norway": {
    "0": {
      "score": 7,
      "time": 0.3742837905883789
    }
  },
  "Senegal": {
    "0": {
      "score": 9,
      "time": 0.13571381568908691
    }
  },
  "Scotland": {
    "0": {
      "score": 9,
      "time": 0.12740468978881836
    }
  },
  "Republic,of,Ireland": {
    "0": {
      "score": 9,
      "time": 0.10515284538269043
    }
  },
  "Germany": {
    "0": {
      "score": 7,
      "time": 0.4360325336456299
    }
  },
  "Kosovo": {
    "0": {
      "score": 9,
      "time": 0.22302722930908203
    }
  },
  "Denmark": {
    "0": {
      "score": 5,
      "time": 0.40887928009033203
    }
  },
  "Australia": {
    "0": {
      "score": 9,
      "time": 0.5798885822296143
    }
  },
  "Ghana": {
    "0": {
      "score": 3,
      "time": 0.35002589225769043
    }
  },
  "Brazil": {
    "0": {
      "score": 7,
      "time": 0.12883782386779785
    }
  },
  "France": {
    "0": {
      "score": 6,
      "time": 0.4285855293273926
    }
  },
  "Austria": {
    "0": {
      "score": 7,
      "time": 0.15836644172668457
    }
  },
  "Romania": {
    "0": {
      "score": 9,
      "time": 0.06018853187561035
    }
  },
  "Switzerland": {
    "0": {
      "score": 5,
      "time": 0.21797633171081543
    }
  },
  "Sweden": {
    "0": {
      "score": 8,
      "time": 0.1337270736694336
    }
  },
  "Serbia": {
    "0": {
      "score": 9,
      "time": 0.43790292739868164
    }
  },
  "Mexico": {
    "0": {
      "score": 5,
      "time": 0.3132350444793701
    }
  },
  "Italy": {
    "0": {
      "score": 7,
      "time": 0.4526653289794922
    }
  },
  "Nigeria": {
    "0": {
      "score": 6,
      "time": 0.12204909324645996
    }
  },
  "China,PR": {
    "0": {
      "score": 9,
      "time": 0.4865694046020508
    }
  },
  "Croatia": {
    "0": {
      "score": 7,
      "time": 0.10506200790405273
    }
  },
  "Saudi,Arabia": {
    "0": {
      "score": 6,
      "time": 0.24234843254089355
    }
  },
  "Chile": {
    "0": {
      "score": 6,
      "time": 0.2557075023651123
    }
  },
  "Belgium": {
    "0": {
      "score": 5,
      "time": 0.21267390251159668
    }
  },
  "Colombia": {
    "0": {
      "score": 9,
      "time": 0.1317737102508545
    }
  },
  "South,Africa": {
    "0": {
      "score": 6,
      "time": 0.34752893447875977
    }
  },
  "Canada": {
    "0": {
      "score": 7,
      "time": 0.4768085479736328
    }
  },
  "Spain": {
    "0": {
      "score": 6,
      "time": 0.31590938568115234
    }
  },
  "Argentina": {
    "0": {
      "score": 7,
      "time": 0.41350412368774414
    }
  },
  "Poland": {
    "0": {
      "score": 7,
      "time": 0.11076688766479492
    }
  }
}