{
  "England": {
    "0": {
      "score": 7,
      "time": 1.8216257095336914
    }
  },
  "Netherlands": {
    "0": {
      "score": 5,
      "time": 1.6279573440551758
    }
  },
  "Korea,Republic": {
    "0": {
      "score": 9,
      "time": 1.039565086364746
    }
  },
  "Japan": {
    "0": {
      "score": 7,
      "time": 1.7543845176696777
    }
  },
  "Northern,Ireland": {
    "0": {
      "score": 8,
      "time": 1.952275037765503
    }
  },
  "Wales": {
    "0": {
      "score": 7,
      "time": 1.583925724029541
    }
  },
  "Iceland": {
    "0": {
      "score": 4,
      "time": 1.8234543800354004
    }
  },
  "United,States": {
    "0": {
      "score": 5,
      "time": 1.759331464767456
    }
  },
  "Finland": {
    "0": {
      "score": 5,
      "time": 1.6565346717834473
    }
  },
  "Turkey": {
    "0": {
      "score": 5,
      "time": 1.841815710067749
    }
  },
  "Norway": {
    "0": {
      "score": 7,
      "time": 1.832756519317627
    }
  },
  "Senegal": {
    "0": {
      "score": 8,
      "time": 1.736809253692627
    }
  },
  "Scotland": {
    "0": {
      "score": 9,
      "time": 1.4715394973754883
    }
  },
  "Republic,of,Ireland": {
    "0": {
      "score": 7,
      "time": 1.6242115497589111
    }
  },
  "Germany": {
    "0": {
      "score": 7,
      "time": 1.9554874897003174
    }
  },
  "Kosovo": {
    "0": {
      "score": 6,
      "time": 0.4342076778411865
    }
  },
  "Denmark": {
    "0": {
      "score": 5,
      "time": 1.7429988384246826
    }
  },
  "Australia": {
    "0": {
      "score": 7,
      "time": 1.7239573001861572
    }
  },
  "Ghana": {
    "0": {
      "score": 6,
      "time": 1.6415607929229736
    }
  },
  "Brazil": {
    "0": {
      "score": 8,
      "time": 1.794281005859375
    }
  },
  "France": {
    "0": {
      "score": 6,
      "time": 1.8021302223205566
    }
  },
  "Austria": {
    "0": {
      "score": 7,
      "time": 1.7373478412628174
    }
  },
  "Romania": {
    "0": {
      "score": 9,
      "time": 1.7082393169403076
    }
  },
  "Switzerland": {
    "0": {
      "score": 5,
      "time": 1.5475051403045654
    }
  },
  "Sweden": {
    "0": {
      "score": 7,
      "time": 1.742006540298462
    }
  },
  "Serbia": {
    "0": {
      "score": 9,
      "time": 1.7923123836517334
    }
  },
  "Mexico": {
    "0": {
      "score": 5,
      "time": 1.7793240547180176
    }
  },
  "Italy": {
    "0": {
      "score": 5,
      "time": 1.603543758392334
    }
  },
  "Nigeria": {
    "0": {
      "score": 4,
      "time": 1.8705272674560547
    }
  },
  "China,PR": {
    "0": {
      "score": 7,
      "time": 1.7825613021850586
    }
  },
  "Croatia": {
    "0": {
      "score": 7,
      "time": 1.6090097427368164
    }
  },
  "Saudi,Arabia": {
    "0": {
      "score": 7,
      "time": 0.29731130599975586
    }
  },
  "Chile": {
    "0": {
      "score": 5,
      "time": 1.6787621974945068
    }
  },
  "Belgium": {
    "0": {
      "score": 11,
      "time": 1.7684965133666992
    }
  },
  "Colombia": {
    "0": {
      "score": 9,
      "time": 1.7709400653839111
    }
  },
  "South,Africa": {
    "0": {
      "score": 5,
      "time": 1.6719353199005127
    }
  },
  "Canada": {
    "0": {
      "score": 6,
      "time": 1.7377431392669678
    }
  },
  "Spain": {
    "0": {
      "score": 7,
      "time": 1.9359898567199707
    }
  },
  "Argentina": {
    "0": {
      "score": 6,
      "time": 0.7431690692901611
    }
  },
  "Poland": {
    "0": {
      "score": 7,
      "time": 1.673581838607788
    }
  }
}