{
  "England": {
    "0": {
      "score": 7,
      "time": 1.0960559844970703
    }
  },
  "Netherlands": {
    "0": {
      "score": 7,
      "time": 0.42774105072021484
    }
  },
  "Korea,Republic": {
    "0": {
      "score": 6,
      "time": 0.7599649429321289
    }
  },
  "Japan": {
    "0": {
      "score": 9,
      "time": 1.1460399627685547
    }
  },
  "Northern,Ireland": {
    "0": {
      "score": 6,
      "time": 0.8106188774108887
    }
  },
  "Wales": {
    "0": {
      "score": 7,
      "time": 1.4411542415618896
    }
  },
  "Iceland": {
    "0": {
      "score": 5,
      "time": 1.5821881294250488
    }
  },
  "United,States": {
    "0": {
      "score": 3,
      "time": 1.636795997619629
    }
  },
  "Finland": {
    "0": {
      "score": 7,
      "time": 0.5128223896026611
    }
  },
  "Turkey": {
    "0": {
      "score": 7,
      "time": 1.1818974018096924
    }
  },
  "Norway": {
    "0": {
      "score": 7,
      "time": 1.1998872756958008
    }
  },
  "Senegal": {
    "0": {
      "score": 8,
      "time": 0.5096361637115479
    }
  },
  "Scotland": {
    "0": {
      "score": 7,
      "time": 1.2547178268432617
    }
  },
  "Republic,of,Ireland": {
    "0": {
      "score": 9,
      "time": 0.8802802562713623
    }
  },
  "Germany": {
    "0": {
      "score": 11,
      "time": 1.372572422027588
    }
  },
  "Kosovo": {
    "0": {
      "score": 9,
      "time": 0.5659770965576172
    }
  },
  "Denmark": {
    "0": {
      "score": 6,
      "time": 1.6331753730773926
    }
  },
  "Australia": {
    "0": {
      "score": 7,
      "time": 1.7910428047180176
    }
  },
  "Ghana": {
    "0": {
      "score": 4,
      "time": 0.6072690486907959
    }
  },
  "Brazil": {
    "0": {
      "score": 9,
      "time": 1.2306926250457764
    }
  },
  "France": {
    "0": {
      "score": 6,
      "time": 1.8609843254089355
    }
  },
  "Austria": {
    "0": {
      "score": 7,
      "time": 1.5205450057983398
    }
  },
  "Romania": {
    "0": {
      "score": 9,
      "time": 0.44681787490844727
    }
  },
  "Switzerland": {
    "0": {
      "score": 5,
      "time": 1.6786670684814453
    }
  },
  "Sweden": {
    "0": {
      "score": 8,
      "time": 0.49387645721435547
    }
  },
  "Serbia": {
    "0": {
      "score": 9,
      "time": 1.1926612854003906
    }
  },
  "Mexico": {
    "0": {
      "score": 9,
      "time": 0.7023646831512451
    }
  },
  "Italy": {
    "0": {
      "score": 7,
      "time": 1.671952247619629
    }
  },
  "Nigeria": {
    "0": {
      "score": 7,
      "time": 1.81107497215271
    }
  },
  "China,PR": {
    "0": {
      "score": 9,
      "time": 1.3404691219329834
    }
  },
  "Croatia": {
    "0": {
      "score": 7,
      "time": 0.6603620052337646
    }
  },
  "Saudi,Arabia": {
    "0": {
      "score": 7,
      "time": 1.0609569549560547
    }
  },
  "Chile": {
    "0": {
      "score": 6,
      "time": 1.413585901260376
    }
  },
  "Belgium": {
    "0": {
      "score": 9,
      "time": 0.8267703056335449
    }
  },
  "Colombia": {
    "0": {
      "score": 9,
      "time": 1.003657579421997
    }
  },
  "South,Africa": {
    "0": {
      "score": 9,
      "time": 1.78871488571167
    }
  },
  "Canada": {
    "0": {
      "score": 6,
      "time": 1.3781092166900635
    }
  },
  "Spain": {
    "0": {
      "score": 7,
      "time": 0.950157880783081
    }
  },
  "Argentina": {
    "0": {
      "score": 7,
      "time": 1.6992740631103516
    }
  },
  "Poland": {
    "0": {
      "score": 9,
      "time": 1.2991971969604492
    }
  }
}