{
  "England": {
    "0": {
      "score": 3,
      "time": 0.19454407691955566
    }
  },
  "Netherlands": {
    "0": {
      "score": 7,
      "time": 0.2836153507232666
    }
  },
  "Korea,Republic": {
    "0": {
      "score": 6,
      "time": 0.1484224796295166
    }
  },
  "Japan": {
    "0": {
      "score": 4,
      "time": 0.17771267890930176
    }
  },
  "Northern,Ireland": {
    "0": {
      "score": 9,
      "time": 0.06969904899597168
    }
  },
  "Wales": {
    "0": {
      "score": 5,
      "time": 0.12666916847229004
    }
  },
  "Iceland": {
    "0": {
      "score": 5,
      "time": 0.12111401557922363
    }
  },
  "United,States": {
    "0": {
      "score": 5,
      "time": 0.07372736930847168
    }
  },
  "Finland": {
    "0": {
      "score": 7,
      "time": 0.06039261817932129
    }
  },
  "Turkey": {
    "0": {
      "score": 4,
      "time": 0.07697606086730957
    }
  },
  "Norway": {
    "0": {
      "score": 6,
      "time": 0.1970810890197754
    }
  },
  "Senegal": {
    "0": {
      "score": 9,
      "time": 0.07573223114013672
    }
  },
  "Scotland": {
    "0": {
      "score": 9,
      "time": 0.1511235237121582
    }
  },
  "Republic,of,Ireland": {
    "0": {
      "score": 6,
      "time": 0.11731290817260742
    }
  },
  "Germany": {
    "0": {
      "score": 5,
      "time": 0.06262445449829102
    }
  },
  "Kosovo": {
    "0": {
      "score": 6,
      "time": 0.0894629955291748
    }
  },
  "Denmark": {
    "0": {
      "score": 7,
      "time": 0.08430862426757812
    }
  },
  "Australia": {
    "0": {
      "score": 9,
      "time": 0.2324063777923584
    }
  },
  "Ghana": {
    "0": {
      "score": 3,
      "time": 0.07959580421447754
    }
  },
  "Brazil": {
    "0": {
      "score": 6,
      "time": 0.18880653381347656
    }
  },
  "France": {
    "0": {
      "score": 5,
      "time": 0.1680769920349121
    }
  },
  "Austria": {
    "0": {
      "score": 6,
      "time": 0.17213845252990723
    }
  },
  "Romania": {
    "0": {
      "score": 7,
      "time": 0.07315635681152344
    }
  },
  "Switzerland": {
    "0": {
      "score": 5,
      "time": 0.09425902366638184
    }
  },
  "Sweden": {
    "0": {
      "score": 6,
      "time": 0.1080329418182373
    }
  },
  "Serbia": {
    "0": {
      "score": 9,
      "time": 0.0732884407043457
    }
  },
  "Mexico": {
    "0": {
      "score": 7,
      "time": 0.13706374168395996
    }
  },
  "Italy": {
    "0": {
      "score": 2,
      "time": 0.09916353225708008
    }
  },
  "Nigeria": {
    "0": {
      "score": 4,
      "time": 0.08457565307617188
    }
  },
  "China,PR": {
    "0": {
      "score": 4,
      "time": 0.21103239059448242
    }
  },
  "Croatia": {
    "0": {
      "score": 8,
      "time": 0.07920956611633301
    }
  },
  "Saudi,Arabia": {
    "0": {
      "score": 5,
      "time": 0.12678194046020508
    }
  },
  "Chile": {
    "0": {
      "score": 6,
      "time": 0.08478021621704102
    }
  },
  "Belgium": {
    "0": {
      "score": 5,
      "time": 0.1669330596923828
    }
  },
  "Colombia": {
    "0": {
      "score": 6,
      "time": 0.10143232345581055
    }
  },
  "South,Africa": {
    "0": {
      "score": 9,
      "time": 0.0594630241394043
    }
  },
  "Canada": {
    "0": {
      "score": 7,
      "time": 0.07539749145507812
    }
  },
  "Spain": {
    "0": {
      "score": 3,
      "time": 0.07551360130310059
    }
  },
  "Argentina": {
    "0": {
      "score": 7,
      "time": 0.12329769134521484
    }
  },
  "Poland": {
    "0": {
      "score": 4,
      "time": 0.07581591606140137
    }
  }
}