{
  "England": {
    "0": {
      "score": 7,
      "time": 1.7350168228149414
    }
  },
  "Netherlands": {
    "0": {
      "score": 5,
      "time": 1.9317150115966797
    }
  },
  "Korea,Republic": {
    "0": {
      "score": 9,
      "time": 1.4951350688934326
    }
  },
  "Japan": {
    "0": {
      "score": 7,
      "time": 1.6335511207580566
    }
  },
  "Northern,Ireland": {
    "0": {
      "score": 8,
      "time": 1.2338802814483643
    }
  },
  "Wales": {
    "0": {
      "score": 7,
      "time": 1.7524895668029785
    }
  },
  "Iceland": {
    "0": {
      "score": 5,
      "time": 1.690331220626831
    }
  },
  "United,States": {
    "0": {
      "score": 7,
      "time": 1.604144811630249
    }
  },
  "Finland": {
    "0": {
      "score": 5,
      "time": 1.12363862991333
    }
  },
  "Turkey": {
    "0": {
      "score": 5,
      "time": 1.9794480800628662
    }
  },
  "Norway": {
    "0": {
      "score": 9,
      "time": 1.0195183753967285
    }
  },
  "Senegal": {
    "0": {
      "score": 8,
      "time": 1.7029337882995605
    }
  },
  "Scotland": {
    "0": {
      "score": 9,
      "time": 1.8357033729553223
    }
  },
  "Republic,of,Ireland": {
    "0": {
      "score": 7,
      "time": 1.7239887714385986
    }
  },
  "Germany": {
    "0": {
      "score": 7,
      "time": 1.9878487586975098
    }
  },
  "Kosovo": {
    "0": {
      "score": 6,
      "time": 0.5460958480834961
    }
  },
  "Denmark": {
    "0": {
      "score": 5,
      "time": 1.6546051502227783
    }
  },
  "Australia": {
    "0": {
      "score": 7,
      "time": 1.685966968536377
    }
  },
  "Ghana": {
    "0": {
      "score": 6,
      "time": 0.9922215938568115
    }
  },
  "Brazil": {
    "0": {
      "score": 8,
      "time": 1.6938600540161133
    }
  },
  "France": {
    "0": {
      "score": 6,
      "time": 1.6585712432861328
    }
  },
  "Austria": {
    "0": {
      "score": 7,
      "time": 1.9210197925567627
    }
  },
  "Romania": {
    "0": {
      "score": 9,
      "time": 1.2741625308990479
    }
  },
  "Switzerland": {
    "0": {
      "score": 5,
      "time": 1.6241695880889893
    }
  },
  "Sweden": {
    "0": {
      "score": 7,
      "time": 1.7423651218414307
    }
  },
  "Serbia": {
    "0": {
      "score": 9,
      "time": 1.748687982559204
    }
  },
  "Mexico": {
    "0": {
      "score": 6,
      "time": 1.2798073291778564
    }
  },
  "Italy": {
    "0": {
      "score": 6,
      "time": 1.7333779335021973
    }
  },
  "Nigeria": {
    "0": {
      "score": 4,
      "time": 1.5920963287353516
    }
  },
  "China,PR": {
    "0": {
      "score": 6,
      "time": 1.254195213317871
    }
  },
  "Croatia": {
    "0": {
      "score": 7,
      "time": 1.7972619533538818
    }
  },
  "Saudi,Arabia": {
    "0": {
      "score": 7,
      "time": 1.5945286750793457
    }
  },
  "Chile": {
    "0": {
      "score": 5,
      "time": 1.830383062362671
    }
  },
  "Belgium": {
    "0": {
      "score": 11,
      "time": 1.841181755065918
    }
  },
  "Colombia": {
    "0": {
      "score": 9,
      "time": 1.610860824584961
    }
  },
  "South,Africa": {
    "0": {
      "score": 7,
      "time": 1.5852153301239014
    }
  },
  "Canada": {
    "0": {
      "score": 6,
      "time": 1.3543846607208252
    }
  },
  "Spain": {
    "0": {
      "score": 7,
      "time": 1.3904459476470947
    }
  },
  "Argentina": {
    "0": {
      "score": 6,
      "time": 1.2276675701141357
    }
  },
  "Poland": {
    "0": {
      "score": 7,
      "time": 1.3679189682006836
    }
  }
}