{
  "England": {
    "0": {
      "score": 9,
      "time": 0.844043493270874
    }
  },
  "Netherlands": {
    "0": {
      "score": 7,
      "time": 0.2750997543334961
    }
  },
  "Korea,Republic": {
    "0": {
      "score": 5,
      "time": 0.859088659286499
    }
  },
  "Japan": {
    "0": {
      "score": 5,
      "time": 0.4381389617919922
    }
  },
  "Northern,Ireland": {
    "0": {
      "score": 9,
      "time": 0.5408105850219727
    }
  },
  "Wales": {
    "0": {
      "score": 7,
      "time": 0.2494046688079834
    }
  },
  "Iceland": {
    "0": {
      "score": 6,
      "time": 0.5031332969665527
    }
  },
  "United,States": {
    "0": {
      "score": 7,
      "time": 0.6656591892242432
    }
  },
  "Finland": {
    "0": {
      "score": 7,
      "time": 0.7581427097320557
    }
  },
  "Turkey": {
    "0": {
      "score": 7,
      "time": 0.6863868236541748
    }
  },
  "Norway": {
    "0": {
      "score": 5,
      "time": 0.7874183654785156
    }
  },
  "Senegal": {
    "0": {
      "score": 8,
      "time": 0.49216341972351074
    }
  },
  "Scotland": {
    "0": {
      "score": 7,
      "time": 0.3634219169616699
    }
  },
  "Republic,of,Ireland": {
    "0": {
      "score": 9,
      "time": 0.7893199920654297
    }
  },
  "Germany": {
    "0": {
      "score": 7,
      "time": 0.7108912467956543
    }
  },
  "Kosovo": {
    "0": {
      "score": 9,
      "time": 0.46834230422973633
    }
  },
  "Denmark": {
    "0": {
      "score": 6,
      "time": 0.6654007434844971
    }
  },
  "Australia": {
    "0": {
      "score": 9,
      "time": 0.9760885238647461
    }
  },
  "Ghana": {
    "0": {
      "score": 4,
      "time": 0.19739198684692383
    }
  },
  "Brazil": {
    "0": {
      "score": 7,
      "time": 0.581536054611206
    }
  },
  "France": {
    "0": {
      "score": 6,
      "time": 0.666748046875
    }
  },
  "Austria": {
    "0": {
      "score": 6,
      "time": 0.8236932754516602
    }
  },
  "Romania": {
    "0": {
      "score": 9,
      "time": 0.08717226982116699
    }
  },
  "Switzerland": {
    "0": {
      "score": 5,
      "time": 0.4251892566680908
    }
  },
  "Sweden": {
    "0": {
      "score": 8,
      "time": 0.15712928771972656
    }
  },
  "Serbia": {
    "0": {
      "score": 9,
      "time": 0.8840584754943848
    }
  },
  "Mexico": {
    "0": {
      "score": 4,
      "time": 0.7688949108123779
    }
  },
  "Italy": {
    "0": {
      "score": 5,
      "time": 1.2426388263702393
    }
  },
  "Nigeria": {
    "0": {
      "score": 6,
      "time": 0.40821123123168945
    }
  },
  "China,PR": {
    "0": {
      "score": 9,
      "time": 0.9471137523651123
    }
  },
  "Croatia": {
    "0": {
      "score": 7,
      "time": 0.4126713275909424
    }
  },
  "Saudi,Arabia": {
    "0": {
      "score": 5,
      "time": 0.721982479095459
    }
  },
  "Chile": {
    "0": {
      "score": 6,
      "time": 0.7069048881530762
    }
  },
  "Belgium": {
    "0": {
      "score": 7,
      "time": 1.048180103302002
    }
  },
  "Colombia": {
    "0": {
      "score": 7,
      "time": 0.701829195022583
    }
  },
  "South,Africa": {
    "0": {
      "score": 8,
      "time": 0.46477270126342773
    }
  },
  "Canada": {
    "0": {
      "score": 9,
      "time": 0.2615993022918701
    }
  },
  "Spain": {
    "0": {
      "score": 7,
      "time": 0.57275390625
    }
  },
  "Argentina": {
    "0": {
      "score": 7,
      "time": 0.46387767791748047
    }
  },
  "Poland": {
    "0": {
      "score": 9,
      "time": 0.6049418449401855
    }
  }
}