{
  "England": {
    "0": {
      "score": 7,
      "time": 1.6850097179412842
    }
  },
  "Netherlands": {
    "0": {
      "score": 8,
      "time": 1.865398645401001
    }
  },
  "Korea,Republic": {
    "0": {
      "score": 9,
      "time": 1.663511037826538
    }
  },
  "Japan": {
    "0": {
      "score": 9,
      "time": 1.808666467666626
    }
  },
  "Northern,Ireland": {
    "0": {
      "score": 8,
      "time": 1.709773302078247
    }
  },
  "Wales": {
    "0": {
      "score": 7,
      "time": 1.7910492420196533
    }
  },
  "Iceland": {
    "0": {
      "score": 5,
      "time": 1.7692127227783203
    }
  },
  "United,States": {
    "0": {
      "score": 7,
      "time": 1.8384966850280762
    }
  },
  "Finland": {
    "0": {
      "score": 5,
      "time": 1.6479477882385254
    }
  },
  "Turkey": {
    "0": {
      "score": 7,
      "time": 1.1242973804473877
    }
  },
  "Norway": {
    "0": {
      "score": 7,
      "time": 1.6635615825653076
    }
  },
  "Senegal": {
    "0": {
      "score": 8,
      "time": 1.5215785503387451
    }
  },
  "Scotland": {
    "0": {
      "score": 9,
      "time": 1.71732759475708
    }
  },
  "Republic,of,Ireland": {
    "0": {
      "score": 9,
      "time": 1.714167833328247
    }
  },
  "Germany": {
    "0": {
      "score": 7,
      "time": 1.916945457458496
    }
  },
  "Kosovo": {
    "0": {
      "score": 6,
      "time": 0.5654828548431396
    }
  },
  "Denmark": {
    "0": {
      "score": 9,
      "time": 1.6804447174072266
    }
  },
  "Australia": {
    "0": {
      "score": 9,
      "time": 1.7770769596099854
    }
  },
  "Ghana": {
    "0": {
      "score": 6,
      "time": 1.6406593322753906
    }
  },
  "Brazil": {
    "0": {
      "score": 7,
      "time": 1.7378268241882324
    }
  },
  "France": {
    "0": {
      "score": 6,
      "time": 1.8039848804473877
    }
  },
  "Austria": {
    "0": {
      "score": 7,
      "time": 1.3799214363098145
    }
  },
  "Romania": {
    "0": {
      "score": 9,
      "time": 1.8293836116790771
    }
  },
  "Switzerland": {
    "0": {
      "score": 7,
      "time": 1.6559288501739502
    }
  },
  "Sweden": {
    "0": {
      "score": 7,
      "time": 1.7617809772491455
    }
  },
  "Serbia": {
    "0": {
      "score": 9,
      "time": 1.7735157012939453
    }
  },
  "Mexico": {
    "0": {
      "score": 7,
      "time": 1.8664393424987793
    }
  },
  "Italy": {
    "0": {
      "score": 8,
      "time": 1.7151238918304443
    }
  },
  "Nigeria": {
    "0": {
      "score": 4,
      "time": 1.5558764934539795
    }
  },
  "China,PR": {
    "0": {
      "score": 7,
      "time": 1.8220202922821045
    }
  },
  "Croatia": {
    "0": {
      "score": 7,
      "time": 1.77964186668396
    }
  },
  "Saudi,Arabia": {
    "0": {
      "score": 9,
      "time": 1.6532540321350098
    }
  },
  "Chile": {
    "0": {
      "score": 6,
      "time": 1.8284897804260254
    }
  },
  "Belgium": {
    "0": {
      "score": 11,
      "time": 1.8929948806762695
    }
  },
  "Colombia": {
    "0": {
      "score": 9,
      "time": 1.651240587234497
    }
  },
  "South,Africa": {
    "0": {
      "score": 7,
      "time": 1.9300203323364258
    }
  },
  "Canada": {
    "0": {
      "score": 8,
      "time": 1.1575086116790771
    }
  },
  "Spain": {
    "0": {
      "score": 7,
      "time": 1.7024683952331543
    }
  },
  "Argentina": {
    "0": {
      "score": 7,
      "time": 1.9062626361846924
    }
  },
  "Poland": {
    "0": {
      "score": 7,
      "time": 1.9088618755340576
    }
  }
}