{
  "England": {
    "0": {
      "score": 7,
      "time": 1.7737343311309814
    }
  },
  "Netherlands": {
    "0": {
      "score": 5,
      "time": 1.6406517028808594
    }
  },
  "Korea,Republic": {
    "0": {
      "score": 9,
      "time": 1.7822554111480713
    }
  },
  "Japan": {
    "0": {
      "score": 9,
      "time": 1.8374764919281006
    }
  },
  "Northern,Ireland": {
    "0": {
      "score": 8,
      "time": 1.9092521667480469
    }
  },
  "Wales": {
    "0": {
      "score": 7,
      "time": 1.6521546840667725
    }
  },
  "Iceland": {
    "0": {
      "score": 4,
      "time": 1.6328766345977783
    }
  },
  "United,States": {
    "0": {
      "score": 5,
      "time": 1.7372264862060547
    }
  },
  "Finland": {
    "0": {
      "score": 6,
      "time": 1.5788025856018066
    }
  },
  "Turkey": {
    "0": {
      "score": 5,
      "time": 1.8132820129394531
    }
  },
  "Norway": {
    "0": {
      "score": 7,
      "time": 1.8142759799957275
    }
  },
  "Senegal": {
    "0": {
      "score": 8,
      "time": 1.6355347633361816
    }
  },
  "Scotland": {
    "0": {
      "score": 9,
      "time": 1.3556287288665771
    }
  },
  "Republic,of,Ireland": {
    "0": {
      "score": 7,
      "time": 1.687462329864502
    }
  },
  "Germany": {
    "0": {
      "score": 7,
      "time": 0.7666916847229004
    }
  },
  "Kosovo": {
    "0": {
      "score": 6,
      "time": 1.8309595584869385
    }
  },
  "Denmark": {
    "0": {
      "score": 5,
      "time": 1.1947615146636963
    }
  },
  "Australia": {
    "0": {
      "score": 7,
      "time": 1.871284008026123
    }
  },
  "Ghana": {
    "0": {
      "score": 6,
      "time": 1.6146154403686523
    }
  },
  "Brazil": {
    "0": {
      "score": 8,
      "time": 1.5791380405426025
    }
  },
  "France": {
    "0": {
      "score": 6,
      "time": 1.790590524673462
    }
  },
  "Austria": {
    "0": {
      "score": 7,
      "time": 1.651012659072876
    }
  },
  "Romania": {
    "0": {
      "score": 9,
      "time": 1.7208809852600098
    }
  },
  "Switzerland": {
    "0": {
      "score": 5,
      "time": 1.842444658279419
    }
  },
  "Sweden": {
    "0": {
      "score": 7,
      "time": 1.6837842464447021
    }
  },
  "Serbia": {
    "0": {
      "score": 9,
      "time": 2.0779993534088135
    }
  },
  "Mexico": {
    "0": {
      "score": 6,
      "time": 1.7843749523162842
    }
  },
  "Italy": {
    "0": {
      "score": 5,
      "time": 1.738372802734375
    }
  },
  "Nigeria": {
    "0": {
      "score": 6,
      "time": 1.7393548488616943
    }
  },
  "China,PR": {
    "0": {
      "score": 7,
      "time": 1.8466260433197021
    }
  },
  "Croatia": {
    "0": {
      "score": 7,
      "time": 1.139113187789917
    }
  },
  "Saudi,Arabia": {
    "0": {
      "score": 7,
      "time": 1.2425472736358643
    }
  },
  "Chile": {
    "0": {
      "score": 6,
      "time": 1.6695773601531982
    }
  },
  "Belgium": {
    "0": {
      "score": 11,
      "time": 1.913029670715332
    }
  },
  "Colombia": {
    "0": {
      "score": 7,
      "time": 0.33202123641967773
    }
  },
  "South,Africa": {
    "0": {
      "score": 7,
      "time": 1.702345609664917
    }
  },
  "Canada": {
    "0": {
      "score": 8,
      "time": 1.74495267868042
    }
  },
  "Spain": {
    "0": {
      "score": 7,
      "time": 0.7162830829620361
    }
  },
  "Argentina": {
    "0": {
      "score": 6,
      "time": 2.0128324031829834
    }
  },
  "Poland": {
    "0": {
      "score": 7,
      "time": 1.8629570007324219
    }
  }
}