{
  "England": {
    "0": {
      "score": 7,
      "time": 1.3848488330841064
    }
  },
  "Netherlands": {
    "0": {
      "score": 5,
      "time": 1.466113567352295
    }
  },
  "Korea,Republic": {
    "0": {
      "score": 6,
      "time": 1.8405439853668213
    }
  },
  "Japan": {
    "0": {
      "score": 9,
      "time": 1.4764819145202637
    }
  },
  "Northern,Ireland": {
    "0": {
      "score": 6,
      "time": 0.9506616592407227
    }
  },
  "Wales": {
    "0": {
      "score": 7,
      "time": 1.5272111892700195
    }
  },
  "Iceland": {
    "0": {
      "score": 5,
      "time": 1.722003698348999
    }
  },
  "United,States": {
    "0": {
      "score": 3,
      "time": 1.687842607498169
    }
  },
  "Finland": {
    "0": {
      "score": 7,
      "time": 0.878814697265625
    }
  },
  "Turkey": {
    "0": {
      "score": 7,
      "time": 1.7913706302642822
    }
  },
  "Norway": {
    "0": {
      "score": 5,
      "time": 1.7432363033294678
    }
  },
  "Senegal": {
    "0": {
      "score": 8,
      "time": 1.1715888977050781
    }
  },
  "Scotland": {
    "0": {
      "score": 7,
      "time": 1.4610614776611328
    }
  },
  "Republic,of,Ireland": {
    "0": {
      "score": 9,
      "time": 1.1598854064941406
    }
  },
  "Germany": {
    "0": {
      "score": 11,
      "time": 1.6092987060546875
    }
  },
  "Kosovo": {
    "0": {
      "score": 9,
      "time": 1.407259225845337
    }
  },
  "Denmark": {
    "0": {
      "score": 6,
      "time": 1.683229684829712
    }
  },
  "Australia": {
    "0": {
      "score": 7,
      "time": 1.5485494136810303
    }
  },
  "Ghana": {
    "0": {
      "score": 4,
      "time": 0.5918431282043457
    }
  },
  "Brazil": {
    "0": {
      "score": 9,
      "time": 1.8299639225006104
    }
  },
  "France": {
    "0": {
      "score": 6,
      "time": 0.6902194023132324
    }
  },
  "Austria": {
    "0": {
      "score": 7,
      "time": 1.4509494304656982
    }
  },
  "Romania": {
    "0": {
      "score": 7,
      "time": 0.5257384777069092
    }
  },
  "Switzerland": {
    "0": {
      "score": 5,
      "time": 1.6520814895629883
    }
  },
  "Sweden": {
    "0": {
      "score": 8,
      "time": 0.8771119117736816
    }
  },
  "Serbia": {
    "0": {
      "score": 9,
      "time": 0.7417662143707275
    }
  },
  "Mexico": {
    "0": {
      "score": 9,
      "time": 1.2051644325256348
    }
  },
  "Italy": {
    "0": {
      "score": 7,
      "time": 1.1328437328338623
    }
  },
  "Nigeria": {
    "0": {
      "score": 6,
      "time": 1.2400257587432861
    }
  },
  "China,PR": {
    "0": {
      "score": 9,
      "time": 1.2038650512695312
    }
  },
  "Croatia": {
    "0": {
      "score": 7,
      "time": 0.8112530708312988
    }
  },
  "Saudi,Arabia": {
    "0": {
      "score": 7,
      "time": 0.1657557487487793
    }
  },
  "Chile": {
    "0": {
      "score": 6,
      "time": 1.0517477989196777
    }
  },
  "Belgium": {
    "0": {
      "score": 9,
      "time": 1.8378584384918213
    }
  },
  "Colombia": {
    "0": {
      "score": 9,
      "time": 1.083263874053955
    }
  },
  "South,Africa": {
    "0": {
      "score": 8,
      "time": 1.703134298324585
    }
  },
  "Canada": {
    "0": {
      "score": 6,
      "time": 1.1256964206695557
    }
  },
  "Spain": {
    "0": {
      "score": 7,
      "time": 1.1458661556243896
    }
  },
  "Argentina": {
    "0": {
      "score": 7,
      "time": 0.5521786212921143
    }
  },
  "Poland": {
    "0": {
      "score": 7,
      "time": 1.4867355823516846
    }
  }
}