{
  "England": {
    "0": {
      "score": 9,
      "time": 1.1799437999725342
    }
  },
  "Netherlands": {
    "0": {
      "score": 5,
      "time": 0.848334789276123
    }
  },
  "Korea,Republic": {
    "0": {
      "score": 7,
      "time": 0.7199933528900146
    }
  },
  "Japan": {
    "0": {
      "score": 9,
      "time": 1.0083091259002686
    }
  },
  "Northern,Ireland": {
    "0": {
      "score": 8,
      "time": 1.8548669815063477
    }
  },
  "Wales": {
    "0": {
      "score": 7,
      "time": 1.8535993099212646
    }
  },
  "Iceland": {
    "0": {
      "score": 5,
      "time": 1.5921399593353271
    }
  },
  "United,States": {
    "0": {
      "score": 5,
      "time": 1.2219417095184326
    }
  },
  "Finland": {
    "0": {
      "score": 6,
      "time": 0.48943424224853516
    }
  },
  "Turkey": {
    "0": {
      "score": 7,
      "time": 1.7992713451385498
    }
  },
  "Norway": {
    "0": {
      "score": 9,
      "time": 0.7749946117401123
    }
  },
  "Senegal": {
    "0": {
      "score": 8,
      "time": 1.6535279750823975
    }
  },
  "Scotland": {
    "0": {
      "score": 9,
      "time": 1.0579547882080078
    }
  },
  "Republic,of,Ireland": {
    "0": {
      "score": 7,
      "time": 1.2076914310455322
    }
  },
  "Germany": {
    "0": {
      "score": 11,
      "time": 1.2896955013275146
    }
  },
  "Kosovo": {
    "0": {
      "score": 9,
      "time": 1.83506441116333
    }
  },
  "Denmark": {
    "0": {
      "score": 5,
      "time": 1.7341785430908203
    }
  },
  "Australia": {
    "0": {
      "score": 9,
      "time": 1.8392810821533203
    }
  },
  "Ghana": {
    "0": {
      "score": 4,
      "time": 1.5864717960357666
    }
  },
  "Brazil": {
    "0": {
      "score": 7,
      "time": 1.6996324062347412
    }
  },
  "France": {
    "0": {
      "score": 8,
      "time": 1.686716079711914
    }
  },
  "Austria": {
    "0": {
      "score": 7,
      "time": 0.9415161609649658
    }
  },
  "Romania": {
    "0": {
      "score": 9,
      "time": 0.6906800270080566
    }
  },
  "Switzerland": {
    "0": {
      "score": 5,
      "time": 1.636186122894287
    }
  },
  "Sweden": {
    "0": {
      "score": 7,
      "time": 0.6222307682037354
    }
  },
  "Serbia": {
    "0": {
      "score": 9,
      "time": 1.7444019317626953
    }
  },
  "Mexico": {
    "0": {
      "score": 9,
      "time": 1.9235901832580566
    }
  },
  "Italy": {
    "0": {
      "score": 7,
      "time": 1.862426519393921
    }
  },
  "Nigeria": {
    "0": {
      "score": 6,
      "time": 1.7754430770874023
    }
  },
  "China,PR": {
    "0": {
      "score": 9,
      "time": 1.6646316051483154
    }
  },
  "Croatia": {
    "0": {
      "score": 8,
      "time": 1.405407190322876
    }
  },
  "Saudi,Arabia": {
    "0": {
      "score": 7,
      "time": 1.6091980934143066
    }
  },
  "Chile": {
    "0": {
      "score": 5,
      "time": 1.62003755569458
    }
  },
  "Belgium": {
    "0": {
      "score": 7,
      "time": 1.8171565532684326
    }
  },
  "Colombia": {
    "0": {
      "score": 9,
      "time": 1.7181689739227295
    }
  },
  "South,Africa": {
    "0": {
      "score": 9,
      "time": 1.6003849506378174
    }
  },
  "Canada": {
    "0": {
      "score": 6,
      "time": 1.864086627960205
    }
  },
  "Spain": {
    "0": {
      "score": 7,
      "time": 1.789668083190918
    }
  },
  "Argentina": {
    "0": {
      "score": 9,
      "time": 1.6656217575073242
    }
  },
  "Poland": {
    "0": {
      "score": 9,
      "time": 1.8220291137695312
    }
  }
}