{
  "England": {
    "0": {
      "score": 7,
      "time": 1.0979297161102295
    }
  },
  "Netherlands": {
    "0": {
      "score": 7,
      "time": 1.1513590812683105
    }
  },
  "Korea,Republic": {
    "0": {
      "score": 6,
      "time": 1.7223577499389648
    }
  },
  "Japan": {
    "0": {
      "score": 5,
      "time": 1.322944164276123
    }
  },
  "Northern,Ireland": {
    "0": {
      "score": 8,
      "time": 1.162496566772461
    }
  },
  "Wales": {
    "0": {
      "score": 7,
      "time": 0.7177298069000244
    }
  },
  "Iceland": {
    "0": {
      "score": 5,
      "time": 0.9967515468597412
    }
  },
  "United,States": {
    "0": {
      "score": 3,
      "time": 0.8022487163543701
    }
  },
  "Finland": {
    "0": {
      "score": 7,
      "time": 1.4884686470031738
    }
  },
  "Turkey": {
    "0": {
      "score": 7,
      "time": 1.0576443672180176
    }
  },
  "Norway": {
    "0": {
      "score": 5,
      "time": 1.387178659439087
    }
  },
  "Senegal": {
    "0": {
      "score": 8,
      "time": 1.206019401550293
    }
  },
  "Scotland": {
    "0": {
      "score": 7,
      "time": 1.1777534484863281
    }
  },
  "Republic,of,Ireland": {
    "0": {
      "score": 9,
      "time": 0.6664829254150391
    }
  },
  "Germany": {
    "0": {
      "score": 11,
      "time": 1.5356614589691162
    }
  },
  "Kosovo": {
    "0": {
      "score": 9,
      "time": 0.32390904426574707
    }
  },
  "Denmark": {
    "0": {
      "score": 6,
      "time": 1.2630589008331299
    }
  },
  "Australia": {
    "0": {
      "score": 7,
      "time": 1.499133586883545
    }
  },
  "Ghana": {
    "0": {
      "score": 4,
      "time": 0.5187854766845703
    }
  },
  "Brazil": {
    "0": {
      "score": 9,
      "time": 0.9077067375183105
    }
  },
  "France": {
    "0": {
      "score": 6,
      "time": 1.3084862232208252
    }
  },
  "Austria": {
    "0": {
      "score": 7,
      "time": 1.243985652923584
    }
  },
  "Romania": {
    "0": {
      "score": 9,
      "time": 0.2758347988128662
    }
  },
  "Switzerland": {
    "0": {
      "score": 5,
      "time": 1.7769103050231934
    }
  },
  "Sweden": {
    "0": {
      "score": 8,
      "time": 0.38036131858825684
    }
  },
  "Serbia": {
    "0": {
      "score": 9,
      "time": 1.7717947959899902
    }
  },
  "Mexico": {
    "0": {
      "score": 9,
      "time": 0.9230055809020996
    }
  },
  "Italy": {
    "0": {
      "score": 5,
      "time": 1.6576213836669922
    }
  },
  "Nigeria": {
    "0": {
      "score": 7,
      "time": 1.3896615505218506
    }
  },
  "China,PR": {
    "0": {
      "score": 9,
      "time": 1.5346894264221191
    }
  },
  "Croatia": {
    "0": {
      "score": 7,
      "time": 0.3397507667541504
    }
  },
  "Saudi,Arabia": {
    "0": {
      "score": 7,
      "time": 1.344303846359253
    }
  },
  "Chile": {
    "0": {
      "score": 6,
      "time": 1.2246637344360352
    }
  },
  "Belgium": {
    "0": {
      "score": 7,
      "time": 1.6781883239746094
    }
  },
  "Colombia": {
    "0": {
      "score": 9,
      "time": 0.7645723819732666
    }
  },
  "South,Africa": {
    "0": {
      "score": 9,
      "time": 1.559509515762329
    }
  },
  "Canada": {
    "0": {
      "score": 9,
      "time": 1.4620740413665771
    }
  },
  "Spain": {
    "0": {
      "score": 7,
      "time": 1.844918966293335
    }
  },
  "Argentina": {
    "0": {
      "score": 7,
      "time": 1.5141456127166748
    }
  },
  "Poland": {
    "0": {
      "score": 9,
      "time": 1.363922357559204
    }
  }
}