{
  "England": {
    "0": {
      "score": 5,
      "time": 0.9004707336425781
    }
  },
  "Netherlands": {
    "0": {
      "score": 7,
      "time": 0.5893616676330566
    }
  },
  "Korea,Republic": {
    "0": {
      "score": 5,
      "time": 0.20736265182495117
    }
  },
  "Japan": {
    "0": {
      "score": 7,
      "time": 0.7773866653442383
    }
  },
  "Northern,Ireland": {
    "0": {
      "score": 9,
      "time": 0.45641255378723145
    }
  },
  "Wales": {
    "0": {
      "score": 7,
      "time": 0.5069763660430908
    }
  },
  "Iceland": {
    "0": {
      "score": 6,
      "time": 1.4851114749908447
    }
  },
  "United,States": {
    "0": {
      "score": 7,
      "time": 0.8300976753234863
    }
  },
  "Finland": {
    "0": {
      "score": 7,
      "time": 0.7813527584075928
    }
  },
  "Turkey": {
    "0": {
      "score": 8,
      "time": 0.3362102508544922
    }
  },
  "Norway": {
    "0": {
      "score": 5,
      "time": 0.7410233020782471
    }
  },
  "Senegal": {
    "0": {
      "score": 8,
      "time": 0.5200755596160889
    }
  },
  "Scotland": {
    "0": {
      "score": 7,
      "time": 0.6743264198303223
    }
  },
  "Republic,of,Ireland": {
    "0": {
      "score": 9,
      "time": 0.5462164878845215
    }
  },
  "Germany": {
    "0": {
      "score": 5,
      "time": 0.5522449016571045
    }
  },
  "Kosovo": {
    "0": {
      "score": 5,
      "time": 0.5691888332366943
    }
  },
  "Denmark": {
    "0": {
      "score": 6,
      "time": 0.4807610511779785
    }
  },
  "Australia": {
    "0": {
      "score": 9,
      "time": 1.023047924041748
    }
  },
  "Ghana": {
    "0": {
      "score": 4,
      "time": 0.45621776580810547
    }
  },
  "Brazil": {
    "0": {
      "score": 7,
      "time": 0.3962275981903076
    }
  },
  "France": {
    "0": {
      "score": 7,
      "time": 0.45687055587768555
    }
  },
  "Austria": {
    "0": {
      "score": 6,
      "time": 0.8344511985778809
    }
  },
  "Romania": {
    "0": {
      "score": 9,
      "time": 0.1732921600341797
    }
  },
  "Switzerland": {
    "0": {
      "score": 5,
      "time": 1.028465986251831
    }
  },
  "Sweden": {
    "0": {
      "score": 8,
      "time": 0.2934081554412842
    }
  },
  "Serbia": {
    "0": {
      "score": 9,
      "time": 0.45699644088745117
    }
  },
  "Mexico": {
    "0": {
      "score": 4,
      "time": 0.31883811950683594
    }
  },
  "Italy": {
    "0": {
      "score": 5,
      "time": 0.9791045188903809
    }
  },
  "Nigeria": {
    "0": {
      "score": 9,
      "time": 0.5178167819976807
    }
  },
  "China,PR": {
    "0": {
      "score": 9,
      "time": 0.9514710903167725
    }
  },
  "Croatia": {
    "0": {
      "score": 7,
      "time": 0.1729588508605957
    }
  },
  "Saudi,Arabia": {
    "0": {
      "score": 5,
      "time": 1.0132966041564941
    }
  },
  "Chile": {
    "0": {
      "score": 8,
      "time": 0.7942979335784912
    }
  },
  "Belgium": {
    "0": {
      "score": 4,
      "time": 0.6540951728820801
    }
  },
  "Colombia": {
    "0": {
      "score": 7,
      "time": 0.8689477443695068
    }
  },
  "South,Africa": {
    "0": {
      "score": 9,
      "time": 0.22016358375549316
    }
  },
  "Canada": {
    "0": {
      "score": 7,
      "time": 0.664309024810791
    }
  },
  "Spain": {
    "0": {
      "score": 7,
      "time": 1.1246743202209473
    }
  },
  "Argentina": {
    "0": {
      "score": 7,
      "time": 0.4528775215148926
    }
  },
  "Poland": {
    "0": {
      "score": 9,
      "time": 0.38971805572509766
    }
  }
}