{
  "England": {
    "0": {
      "score": 7,
      "time": 1.6670682430267334
    }
  },
  "Netherlands": {
    "0": {
      "score": 5,
      "time": 1.932802677154541
    }
  },
  "Korea,Republic": {
    "0": {
      "score": 9,
      "time": 1.2304413318634033
    }
  },
  "Japan": {
    "0": {
      "score": 9,
      "time": 1.5907905101776123
    }
  },
  "Northern,Ireland": {
    "0": {
      "score": 8,
      "time": 1.9652714729309082
    }
  },
  "Wales": {
    "0": {
      "score": 7,
      "time": 1.74560546875
    }
  },
  "Iceland": {
    "0": {
      "score": 4,
      "time": 1.6281609535217285
    }
  },
  "United,States": {
    "0": {
      "score": 7,
      "time": 1.689272165298462
    }
  },
  "Finland": {
    "0": {
      "score": 6,
      "time": 1.6979210376739502
    }
  },
  "Turkey": {
    "0": {
      "score": 5,
      "time": 1.8197734355926514
    }
  },
  "Norway": {
    "0": {
      "score": 7,
      "time": 1.3197097778320312
    }
  },
  "Senegal": {
    "0": {
      "score": 8,
      "time": 1.8477363586425781
    }
  },
  "Scotland": {
    "0": {
      "score": 9,
      "time": 1.8499484062194824
    }
  },
  "Republic,of,Ireland": {
    "0": {
      "score": 7,
      "time": 1.7741844654083252
    }
  },
  "Germany": {
    "0": {
      "score": 7,
      "time": 1.820863962173462
    }
  },
  "Kosovo": {
    "0": {
      "score": 6,
      "time": 1.7899014949798584
    }
  },
  "Denmark": {
    "0": {
      "score": 5,
      "time": 0.9495954513549805
    }
  },
  "Australia": {
    "0": {
      "score": 7,
      "time": 1.8277506828308105
    }
  },
  "Ghana": {
    "0": {
      "score": 6,
      "time": 1.6524465084075928
    }
  },
  "Brazil": {
    "0": {
      "score": 8,
      "time": 1.6640260219573975
    }
  },
  "France": {
    "0": {
      "score": 6,
      "time": 1.712827205657959
    }
  },
  "Austria": {
    "0": {
      "score": 7,
      "time": 1.6092150211334229
    }
  },
  "Romania": {
    "0": {
      "score": 9,
      "time": 1.9921183586120605
    }
  },
  "Switzerland": {
    "0": {
      "score": 5,
      "time": 1.8087701797485352
    }
  },
  "Sweden": {
    "0": {
      "score": 7,
      "time": 1.7256715297698975
    }
  },
  "Serbia": {
    "0": {
      "score": 9,
      "time": 0.9106733798980713
    }
  },
  "Mexico": {
    "0": {
      "score": 6,
      "time": 1.8077418804168701
    }
  },
  "Italy": {
    "0": {
      "score": 5,
      "time": 0.6809520721435547
    }
  },
  "Nigeria": {
    "0": {
      "score": 6,
      "time": 1.6485927104949951
    }
  },
  "China,PR": {
    "0": {
      "score": 7,
      "time": 1.710893154144287
    }
  },
  "Croatia": {
    "0": {
      "score": 7,
      "time": 1.852048635482788
    }
  },
  "Saudi,Arabia": {
    "0": {
      "score": 7,
      "time": 1.9421172142028809
    }
  },
  "Chile": {
    "0": {
      "score": 6,
      "time": 1.6246092319488525
    }
  },
  "Belgium": {
    "0": {
      "score": 11,
      "time": 1.765167474746704
    }
  },
  "Colombia": {
    "0": {
      "score": 7,
      "time": 1.7187697887420654
    }
  },
  "South,Africa": {
    "0": {
      "score": 7,
      "time": 1.857731819152832
    }
  },
  "Canada": {
    "0": {
      "score": 8,
      "time": 1.6314091682434082
    }
  },
  "Spain": {
    "0": {
      "score": 7,
      "time": 1.029860258102417
    }
  },
  "Argentina": {
    "0": {
      "score": 6,
      "time": 0.7250463962554932
    }
  },
  "Poland": {
    "0": {
      "score": 7,
      "time": 1.6389012336730957
    }
  }
}