{
  "England": {
    "0": {
      "score": 8,
      "time": 0.14517951011657715
    }
  },
  "Netherlands": {
    "0": {
      "score": 7,
      "time": 0.2960679531097412
    }
  },
  "Korea,Republic": {
    "0": {
      "score": 6,
      "time": 0.8085052967071533
    }
  },
  "Japan": {
    "0": {
      "score": 7,
      "time": 0.558356523513794
    }
  },
  "Northern,Ireland": {
    "0": {
      "score": 9,
      "time": 0.4115414619445801
    }
  },
  "Wales": {
    "0": {
      "score": 7,
      "time": 0.1871187686920166
    }
  },
  "Iceland": {
    "0": {
      "score": 6,
      "time": 0.8841860294342041
    }
  },
  "United,States": {
    "0": {
      "score": 7,
      "time": 0.9006226062774658
    }
  },
  "Finland": {
    "0": {
      "score": 7,
      "time": 0.3279082775115967
    }
  },
  "Turkey": {
    "0": {
      "score": 8,
      "time": 0.6805925369262695
    }
  },
  "Norway": {
    "0": {
      "score": 5,
      "time": 0.6818304061889648
    }
  },
  "Senegal": {
    "0": {
      "score": 8,
      "time": 0.4903068542480469
    }
  },
  "Scotland": {
    "0": {
      "score": 7,
      "time": 0.5399041175842285
    }
  },
  "Republic,of,Ireland": {
    "0": {
      "score": 9,
      "time": 0.387317419052124
    }
  },
  "Germany": {
    "0": {
      "score": 5,
      "time": 0.49571657180786133
    }
  },
  "Kosovo": {
    "0": {
      "score": 5,
      "time": 0.4604301452636719
    }
  },
  "Denmark": {
    "0": {
      "score": 8,
      "time": 0.7289190292358398
    }
  },
  "Australia": {
    "0": {
      "score": 9,
      "time": 0.8573942184448242
    }
  },
  "Ghana": {
    "0": {
      "score": 3,
      "time": 0.20520687103271484
    }
  },
  "Brazil": {
    "0": {
      "score": 7,
      "time": 0.6430943012237549
    }
  },
  "France": {
    "0": {
      "score": 6,
      "time": 0.5363168716430664
    }
  },
  "Austria": {
    "0": {
      "score": 6,
      "time": 0.8088045120239258
    }
  },
  "Romania": {
    "0": {
      "score": 9,
      "time": 0.08015227317810059
    }
  },
  "Switzerland": {
    "0": {
      "score": 6,
      "time": 0.37962913513183594
    }
  },
  "Sweden": {
    "0": {
      "score": 7,
      "time": 0.24752497673034668
    }
  },
  "Serbia": {
    "0": {
      "score": 9,
      "time": 0.23005390167236328
    }
  },
  "Mexico": {
    "0": {
      "score": 4,
      "time": 0.46925973892211914
    }
  },
  "Italy": {
    "0": {
      "score": 6,
      "time": 0.8681802749633789
    }
  },
  "Nigeria": {
    "0": {
      "score": 7,
      "time": 0.19632220268249512
    }
  },
  "China,PR": {
    "0": {
      "score": 9,
      "time": 0.7081384658813477
    }
  },
  "Croatia": {
    "0": {
      "score": 7,
      "time": 0.11709356307983398
    }
  },
  "Saudi,Arabia": {
    "0": {
      "score": 6,
      "time": 0.678696870803833
    }
  },
  "Chile": {
    "0": {
      "score": 6,
      "time": 0.2646908760070801
    }
  },
  "Belgium": {
    "0": {
      "score": 7,
      "time": 0.20287203788757324
    }
  },
  "Colombia": {
    "0": {
      "score": 9,
      "time": 0.4096405506134033
    }
  },
  "South,Africa": {
    "0": {
      "score": 9,
      "time": 0.21805429458618164
    }
  },
  "Canada": {
    "0": {
      "score": 7,
      "time": 0.17502069473266602
    }
  },
  "Spain": {
    "0": {
      "score": 7,
      "time": 0.6884651184082031
    }
  },
  "Argentina": {
    "0": {
      "score": 7,
      "time": 0.526900053024292
    }
  },
  "Poland": {
    "0": {
      "score": 7,
      "time": 0.4123194217681885
    }
  }
}