{
  "England": {
    "0": {
      "score": 7,
      "time": 0.9399034976959229
    }
  },
  "Netherlands": {
    "0": {
      "score": 5,
      "time": 0.6770155429840088
    }
  },
  "Korea,Republic": {
    "0": {
      "score": 6,
      "time": 1.061516284942627
    }
  },
  "Japan": {
    "0": {
      "score": 7,
      "time": 0.8171353340148926
    }
  },
  "Northern,Ireland": {
    "0": {
      "score": 8,
      "time": 0.7605876922607422
    }
  },
  "Wales": {
    "0": {
      "score": 7,
      "time": 1.1770744323730469
    }
  },
  "Iceland": {
    "0": {
      "score": 7,
      "time": 1.7438101768493652
    }
  },
  "United,States": {
    "0": {
      "score": 7,
      "time": 0.7989137172698975
    }
  },
  "Finland": {
    "0": {
      "score": 7,
      "time": 0.7862756252288818
    }
  },
  "Turkey": {
    "0": {
      "score": 7,
      "time": 0.9965200424194336
    }
  },
  "Norway": {
    "0": {
      "score": 6,
      "time": 0.4920074939727783
    }
  },
  "Senegal": {
    "0": {
      "score": 8,
      "time": 0.7958829402923584
    }
  },
  "Scotland": {
    "0": {
      "score": 7,
      "time": 0.8823902606964111
    }
  },
  "Republic,of,Ireland": {
    "0": {
      "score": 9,
      "time": 0.7679939270019531
    }
  },
  "Germany": {
    "0": {
      "score": 11,
      "time": 1.134939432144165
    }
  },
  "Kosovo": {
    "0": {
      "score": 9,
      "time": 1.0641365051269531
    }
  },
  "Denmark": {
    "0": {
      "score": 6,
      "time": 1.020007848739624
    }
  },
  "Australia": {
    "0": {
      "score": 7,
      "time": 0.9948306083679199
    }
  },
  "Ghana": {
    "0": {
      "score": 4,
      "time": 0.7099225521087646
    }
  },
  "Brazil": {
    "0": {
      "score": 7,
      "time": 0.6173152923583984
    }
  },
  "France": {
    "0": {
      "score": 6,
      "time": 1.348144769668579
    }
  },
  "Austria": {
    "0": {
      "score": 7,
      "time": 0.7707266807556152
    }
  },
  "Romania": {
    "0": {
      "score": 9,
      "time": 0.1842820644378662
    }
  },
  "Switzerland": {
    "0": {
      "score": 5,
      "time": 1.2355518341064453
    }
  },
  "Sweden": {
    "0": {
      "score": 8,
      "time": 0.2526514530181885
    }
  },
  "Serbia": {
    "0": {
      "score": 9,
      "time": 0.9000091552734375
    }
  },
  "Mexico": {
    "0": {
      "score": 9,
      "time": 1.3843600749969482
    }
  },
  "Italy": {
    "0": {
      "score": 7,
      "time": 0.4958467483520508
    }
  },
  "Nigeria": {
    "0": {
      "score": 6,
      "time": 0.8462333679199219
    }
  },
  "China,PR": {
    "0": {
      "score": 9,
      "time": 1.112959384918213
    }
  },
  "Croatia": {
    "0": {
      "score": 7,
      "time": 0.41172027587890625
    }
  },
  "Saudi,Arabia": {
    "0": {
      "score": 6,
      "time": 0.6950929164886475
    }
  },
  "Chile": {
    "0": {
      "score": 8,
      "time": 1.1048545837402344
    }
  },
  "Belgium": {
    "0": {
      "score": 7,
      "time": 0.9515562057495117
    }
  },
  "Colombia": {
    "0": {
      "score": 9,
      "time": 0.6707954406738281
    }
  },
  "South,Africa": {
    "0": {
      "score": 8,
      "time": 1.3846793174743652
    }
  },
  "Canada": {
    "0": {
      "score": 8,
      "time": 1.1749458312988281
    }
  },
  "Spain": {
    "0": {
      "score": 7,
      "time": 0.789747953414917
    }
  },
  "Argentina": {
    "0": {
      "score": 7,
      "time": 1.2726411819458008
    }
  },
  "Poland": {
    "0": {
      "score": 9,
      "time": 0.8293156623840332
    }
  }
}