{
  "England": {
    "0": {
      "score": 9,
      "time": 1.700690507888794
    }
  },
  "Netherlands": {
    "0": {
      "score": 5,
      "time": 1.7865846157073975
    }
  },
  "Korea,Republic": {
    "0": {
      "score": 7,
      "time": 0.7020411491394043
    }
  },
  "Japan": {
    "0": {
      "score": 9,
      "time": 1.0383977890014648
    }
  },
  "Northern,Ireland": {
    "0": {
      "score": 8,
      "time": 1.6559255123138428
    }
  },
  "Wales": {
    "0": {
      "score": 7,
      "time": 1.584909439086914
    }
  },
  "Iceland": {
    "0": {
      "score": 5,
      "time": 1.5099422931671143
    }
  },
  "United,States": {
    "0": {
      "score": 5,
      "time": 1.703942060470581
    }
  },
  "Finland": {
    "0": {
      "score": 6,
      "time": 1.4892685413360596
    }
  },
  "Turkey": {
    "0": {
      "score": 7,
      "time": 0.40858983993530273
    }
  },
  "Norway": {
    "0": {
      "score": 9,
      "time": 1.646129846572876
    }
  },
  "Senegal": {
    "0": {
      "score": 8,
      "time": 1.7682464122772217
    }
  },
  "Scotland": {
    "0": {
      "score": 9,
      "time": 1.705078125
    }
  },
  "Republic,of,Ireland": {
    "0": {
      "score": 9,
      "time": 1.5712597370147705
    }
  },
  "Germany": {
    "0": {
      "score": 11,
      "time": 1.7452023029327393
    }
  },
  "Kosovo": {
    "0": {
      "score": 9,
      "time": 1.656663179397583
    }
  },
  "Denmark": {
    "0": {
      "score": 6,
      "time": 1.701324224472046
    }
  },
  "Australia": {
    "0": {
      "score": 9,
      "time": 1.8144183158874512
    }
  },
  "Ghana": {
    "0": {
      "score": 4,
      "time": 1.3110699653625488
    }
  },
  "Brazil": {
    "0": {
      "score": 8,
      "time": 1.8577396869659424
    }
  },
  "France": {
    "0": {
      "score": 8,
      "time": 1.6814846992492676
    }
  },
  "Austria": {
    "0": {
      "score": 7,
      "time": 1.8590638637542725
    }
  },
  "Romania": {
    "0": {
      "score": 9,
      "time": 0.6912481784820557
    }
  },
  "Switzerland": {
    "0": {
      "score": 5,
      "time": 1.7922148704528809
    }
  },
  "Sweden": {
    "0": {
      "score": 8,
      "time": 1.372309684753418
    }
  },
  "Serbia": {
    "0": {
      "score": 9,
      "time": 1.8229079246520996
    }
  },
  "Mexico": {
    "0": {
      "score": 9,
      "time": 0.910675048828125
    }
  },
  "Italy": {
    "0": {
      "score": 5,
      "time": 1.8702824115753174
    }
  },
  "Nigeria": {
    "0": {
      "score": 6,
      "time": 0.7136054039001465
    }
  },
  "China,PR": {
    "0": {
      "score": 9,
      "time": 1.9631314277648926
    }
  },
  "Croatia": {
    "0": {
      "score": 8,
      "time": 0.5702400207519531
    }
  },
  "Saudi,Arabia": {
    "0": {
      "score": 6,
      "time": 0.44385552406311035
    }
  },
  "Chile": {
    "0": {
      "score": 5,
      "time": 1.7447681427001953
    }
  },
  "Belgium": {
    "0": {
      "score": 7,
      "time": 1.7050509452819824
    }
  },
  "Colombia": {
    "0": {
      "score": 7,
      "time": 0.6433205604553223
    }
  },
  "South,Africa": {
    "0": {
      "score": 5,
      "time": 0.773374080657959
    }
  },
  "Canada": {
    "0": {
      "score": 6,
      "time": 1.7242350578308105
    }
  },
  "Spain": {
    "0": {
      "score": 7,
      "time": 1.6933770179748535
    }
  },
  "Argentina": {
    "0": {
      "score": 7,
      "time": 1.7253646850585938
    }
  },
  "Poland": {
    "0": {
      "score": 7,
      "time": 1.7967967987060547
    }
  }
}