{
  "England": {
    "0": {
      "score": 7,
      "time": 0.4747428894042969
    }
  },
  "Netherlands": {
    "0": {
      "score": 5,
      "time": 1.3905389308929443
    }
  },
  "Korea,Republic": {
    "0": {
      "score": 9,
      "time": 1.3588147163391113
    }
  },
  "Japan": {
    "0": {
      "score": 9,
      "time": 1.3342139720916748
    }
  },
  "Northern,Ireland": {
    "0": {
      "score": 8,
      "time": 1.4969370365142822
    }
  },
  "Wales": {
    "0": {
      "score": 7,
      "time": 1.9411094188690186
    }
  },
  "Iceland": {
    "0": {
      "score": 5,
      "time": 1.7067852020263672
    }
  },
  "United,States": {
    "0": {
      "score": 5,
      "time": 1.6460788249969482
    }
  },
  "Finland": {
    "0": {
      "score": 6,
      "time": 1.9039015769958496
    }
  },
  "Turkey": {
    "0": {
      "score": 7,
      "time": 1.4416251182556152
    }
  },
  "Norway": {
    "0": {
      "score": 9,
      "time": 0.7721035480499268
    }
  },
  "Senegal": {
    "0": {
      "score": 8,
      "time": 1.7352733612060547
    }
  },
  "Scotland": {
    "0": {
      "score": 9,
      "time": 1.698225736618042
    }
  },
  "Republic,of,Ireland": {
    "0": {
      "score": 7,
      "time": 1.6433939933776855
    }
  },
  "Germany": {
    "0": {
      "score": 7,
      "time": 1.934913158416748
    }
  },
  "Kosovo": {
    "0": {
      "score": 9,
      "time": 1.7004446983337402
    }
  },
  "Denmark": {
    "0": {
      "score": 5,
      "time": 1.4920976161956787
    }
  },
  "Australia": {
    "0": {
      "score": 9,
      "time": 1.8281614780426025
    }
  },
  "Ghana": {
    "0": {
      "score": 6,
      "time": 1.7373085021972656
    }
  },
  "Brazil": {
    "0": {
      "score": 7,
      "time": 1.701402187347412
    }
  },
  "France": {
    "0": {
      "score": 6,
      "time": 1.1061761379241943
    }
  },
  "Austria": {
    "0": {
      "score": 7,
      "time": 1.7319889068603516
    }
  },
  "Romania": {
    "0": {
      "score": 9,
      "time": 1.2900617122650146
    }
  },
  "Switzerland": {
    "0": {
      "score": 5,
      "time": 1.635268211364746
    }
  },
  "Sweden": {
    "0": {
      "score": 7,
      "time": 1.553619623184204
    }
  },
  "Serbia": {
    "0": {
      "score": 9,
      "time": 1.8350608348846436
    }
  },
  "Mexico": {
    "0": {
      "score": 6,
      "time": 1.9658722877502441
    }
  },
  "Italy": {
    "0": {
      "score": 6,
      "time": 0.8027365207672119
    }
  },
  "Nigeria": {
    "0": {
      "score": 6,
      "time": 1.418982982635498
    }
  },
  "China,PR": {
    "0": {
      "score": 7,
      "time": 1.8249552249908447
    }
  },
  "Croatia": {
    "0": {
      "score": 7,
      "time": 0.5813298225402832
    }
  },
  "Saudi,Arabia": {
    "0": {
      "score": 6,
      "time": 0.9914062023162842
    }
  },
  "Chile": {
    "0": {
      "score": 5,
      "time": 1.7331161499023438
    }
  },
  "Belgium": {
    "0": {
      "score": 7,
      "time": 1.6819417476654053
    }
  },
  "Colombia": {
    "0": {
      "score": 9,
      "time": 1.738529920578003
    }
  },
  "South,Africa": {
    "0": {
      "score": 9,
      "time": 1.057507038116455
    }
  },
  "Canada": {
    "0": {
      "score": 6,
      "time": 1.587162971496582
    }
  },
  "Spain": {
    "0": {
      "score": 7,
      "time": 0.9918863773345947
    }
  },
  "Argentina": {
    "0": {
      "score": 7,
      "time": 0.45569610595703125
    }
  },
  "Poland": {
    "0": {
      "score": 7,
      "time": 1.7896106243133545
    }
  }
}