{
  "England": {
    "0": {
      "score": 9,
      "time": 1.8057119846343994
    }
  },
  "Netherlands": {
    "0": {
      "score": 5,
      "time": 1.7163279056549072
    }
  },
  "Korea,Republic": {
    "0": {
      "score": 7,
      "time": 1.8273217678070068
    }
  },
  "Japan": {
    "0": {
      "score": 9,
      "time": 1.761955976486206
    }
  },
  "Northern,Ireland": {
    "0": {
      "score": 8,
      "time": 1.8253059387207031
    }
  },
  "Wales": {
    "0": {
      "score": 7,
      "time": 1.8266024589538574
    }
  },
  "Iceland": {
    "0": {
      "score": 5,
      "time": 1.699216365814209
    }
  },
  "United,States": {
    "0": {
      "score": 5,
      "time": 1.4954583644866943
    }
  },
  "Finland": {
    "0": {
      "score": 6,
      "time": 1.6603477001190186
    }
  },
  "Turkey": {
    "0": {
      "score": 7,
      "time": 1.6577322483062744
    }
  },
  "Norway": {
    "0": {
      "score": 9,
      "time": 1.7232489585876465
    }
  },
  "Senegal": {
    "0": {
      "score": 8,
      "time": 1.6159238815307617
    }
  },
  "Scotland": {
    "0": {
      "score": 9,
      "time": 1.82623291015625
    }
  },
  "Republic,of,Ireland": {
    "0": {
      "score": 7,
      "time": 0.9079549312591553
    }
  },
  "Germany": {
    "0": {
      "score": 11,
      "time": 0.7623896598815918
    }
  },
  "Kosovo": {
    "0": {
      "score": 9,
      "time": 1.7959046363830566
    }
  },
  "Denmark": {
    "0": {
      "score": 5,
      "time": 1.0898256301879883
    }
  },
  "Australia": {
    "0": {
      "score": 9,
      "time": 1.9499106407165527
    }
  },
  "Ghana": {
    "0": {
      "score": 4,
      "time": 1.6236810684204102
    }
  },
  "Brazil": {
    "0": {
      "score": 7,
      "time": 1.5965499877929688
    }
  },
  "France": {
    "0": {
      "score": 8,
      "time": 1.7520906925201416
    }
  },
  "Austria": {
    "0": {
      "score": 7,
      "time": 1.6067311763763428
    }
  },
  "Romania": {
    "0": {
      "score": 9,
      "time": 1.0853374004364014
    }
  },
  "Switzerland": {
    "0": {
      "score": 5,
      "time": 1.7722301483154297
    }
  },
  "Sweden": {
    "0": {
      "score": 7,
      "time": 1.6282219886779785
    }
  },
  "Serbia": {
    "0": {
      "score": 9,
      "time": 1.830801010131836
    }
  },
  "Mexico": {
    "0": {
      "score": 9,
      "time": 1.786435842514038
    }
  },
  "Italy": {
    "0": {
      "score": 7,
      "time": 1.8697786331176758
    }
  },
  "Nigeria": {
    "0": {
      "score": 6,
      "time": 1.7440242767333984
    }
  },
  "China,PR": {
    "0": {
      "score": 9,
      "time": 1.682142972946167
    }
  },
  "Croatia": {
    "0": {
      "score": 9,
      "time": 1.9092602729797363
    }
  },
  "Saudi,Arabia": {
    "0": {
      "score": 7,
      "time": 1.7783417701721191
    }
  },
  "Chile": {
    "0": {
      "score": 5,
      "time": 1.626298189163208
    }
  },
  "Belgium": {
    "0": {
      "score": 7,
      "time": 1.9434137344360352
    }
  },
  "Colombia": {
    "0": {
      "score": 9,
      "time": 1.7309014797210693
    }
  },
  "South,Africa": {
    "0": {
      "score": 9,
      "time": 1.836083173751831
    }
  },
  "Canada": {
    "0": {
      "score": 6,
      "time": 1.602205514907837
    }
  },
  "Spain": {
    "0": {
      "score": 7,
      "time": 1.8965017795562744
    }
  },
  "Argentina": {
    "0": {
      "score": 7,
      "time": 1.7758548259735107
    }
  },
  "Poland": {
    "0": {
      "score": 9,
      "time": 1.7438640594482422
    }
  }
}