{
  "England": {
    "0": {
      "score": 7,
      "time": 0.6003150939941406
    }
  },
  "Netherlands": {
    "0": {
      "score": 5,
      "time": 1.7866499423980713
    }
  },
  "Korea,Republic": {
    "0": {
      "score": 9,
      "time": 1.6829793453216553
    }
  },
  "Japan": {
    "0": {
      "score": 9,
      "time": 1.9222567081451416
    }
  },
  "Northern,Ireland": {
    "0": {
      "score": 8,
      "time": 1.6170527935028076
    }
  },
  "Wales": {
    "0": {
      "score": 7,
      "time": 1.867593765258789
    }
  },
  "Iceland": {
    "0": {
      "score": 4,
      "time": 1.2438442707061768
    }
  },
  "United,States": {
    "0": {
      "score": 7,
      "time": 1.6451704502105713
    }
  },
  "Finland": {
    "0": {
      "score": 6,
      "time": 0.6584560871124268
    }
  },
  "Turkey": {
    "0": {
      "score": 5,
      "time": 1.8382515907287598
    }
  },
  "Norway": {
    "0": {
      "score": 7,
      "time": 1.7666821479797363
    }
  },
  "Senegal": {
    "0": {
      "score": 8,
      "time": 0.9490957260131836
    }
  },
  "Scotland": {
    "0": {
      "score": 9,
      "time": 1.7675137519836426
    }
  },
  "Republic,of,Ireland": {
    "0": {
      "score": 9,
      "time": 1.6888577938079834
    }
  },
  "Germany": {
    "0": {
      "score": 7,
      "time": 1.745802879333496
    }
  },
  "Kosovo": {
    "0": {
      "score": 6,
      "time": 1.161613941192627
    }
  },
  "Denmark": {
    "0": {
      "score": 5,
      "time": 1.8106224536895752
    }
  },
  "Australia": {
    "0": {
      "score": 9,
      "time": 1.7469406127929688
    }
  },
  "Ghana": {
    "0": {
      "score": 6,
      "time": 1.5256621837615967
    }
  },
  "Brazil": {
    "0": {
      "score": 8,
      "time": 1.7654833793640137
    }
  },
  "France": {
    "0": {
      "score": 6,
      "time": 1.7278292179107666
    }
  },
  "Austria": {
    "0": {
      "score": 7,
      "time": 1.9516477584838867
    }
  },
  "Romania": {
    "0": {
      "score": 9,
      "time": 1.7470815181732178
    }
  },
  "Switzerland": {
    "0": {
      "score": 5,
      "time": 1.8928282260894775
    }
  },
  "Sweden": {
    "0": {
      "score": 7,
      "time": 1.896883249282837
    }
  },
  "Serbia": {
    "0": {
      "score": 9,
      "time": 1.945626974105835
    }
  },
  "Mexico": {
    "0": {
      "score": 6,
      "time": 1.7201454639434814
    }
  },
  "Italy": {
    "0": {
      "score": 5,
      "time": 1.6879494190216064
    }
  },
  "Nigeria": {
    "0": {
      "score": 6,
      "time": 1.7874813079833984
    }
  },
  "China,PR": {
    "0": {
      "score": 7,
      "time": 1.6740033626556396
    }
  },
  "Croatia": {
    "0": {
      "score": 7,
      "time": 1.6397671699523926
    }
  },
  "Saudi,Arabia": {
    "0": {
      "score": 7,
      "time": 0.46625685691833496
    }
  },
  "Chile": {
    "0": {
      "score": 6,
      "time": 1.7217891216278076
    }
  },
  "Belgium": {
    "0": {
      "score": 11,
      "time": 1.700537919998169
    }
  },
  "Colombia": {
    "0": {
      "score": 9,
      "time": 1.6029376983642578
    }
  },
  "South,Africa": {
    "0": {
      "score": 7,
      "time": 1.776322364807129
    }
  },
  "Canada": {
    "0": {
      "score": 8,
      "time": 1.7783219814300537
    }
  },
  "Spain": {
    "0": {
      "score": 7,
      "time": 1.8552098274230957
    }
  },
  "Argentina": {
    "0": {
      "score": 7,
      "time": 0.7796342372894287
    }
  },
  "Poland": {
    "0": {
      "score": 7,
      "time": 1.8144443035125732
    }
  }
}