{
  "England": {
    "0": {
      "score": 5,
      "time": 0.48139214515686035
    }
  },
  "Netherlands": {
    "0": {
      "score": 9,
      "time": 0.41455721855163574
    }
  },
  "Korea,Republic": {
    "0": {
      "score": 8,
      "time": 0.5219204425811768
    }
  },
  "Japan": {
    "0": {
      "score": 7,
      "time": 0.1940746307373047
    }
  },
  "Northern,Ireland": {
    "0": {
      "score": 9,
      "time": 0.325239896774292
    }
  },
  "Wales": {
    "0": {
      "score": 7,
      "time": 0.35884785652160645
    }
  },
  "Iceland": {
    "0": {
      "score": 4,
      "time": 0.5654010772705078
    }
  },
  "United,States": {
    "0": {
      "score": 7,
      "time": 0.2285022735595703
    }
  },
  "Finland": {
    "0": {
      "score": 7,
      "time": 0.29936909675598145
    }
  },
  "Turkey": {
    "0": {
      "score": 7,
      "time": 0.6814370155334473
    }
  },
  "Norway": {
    "0": {
      "score": 7,
      "time": 0.39780354499816895
    }
  },
  "Senegal": {
    "0": {
      "score": 9,
      "time": 0.2876772880554199
    }
  },
  "Scotland": {
    "0": {
      "score": 7,
      "time": 0.2353365421295166
    }
  },
  "Republic,of,Ireland": {
    "0": {
      "score": 9,
      "time": 0.20627641677856445
    }
  },
  "Germany": {
    "0": {
      "score": 5,
      "time": 0.42636585235595703
    }
  },
  "Kosovo": {
    "0": {
      "score": 9,
      "time": 0.3163478374481201
    }
  },
  "Denmark": {
    "0": {
      "score": 5,
      "time": 0.25417113304138184
    }
  },
  "Australia": {
    "0": {
      "score": 5,
      "time": 0.7948288917541504
    }
  },
  "Ghana": {
    "0": {
      "score": 4,
      "time": 0.392472505569458
    }
  },
  "Brazil": {
    "0": {
      "score": 7,
      "time": 0.1585526466369629
    }
  },
  "France": {
    "0": {
      "score": 6,
      "time": 0.4898059368133545
    }
  },
  "Austria": {
    "0": {
      "score": 6,
      "time": 0.3399324417114258
    }
  },
  "Romania": {
    "0": {
      "score": 9,
      "time": 0.0678551197052002
    }
  },
  "Switzerland": {
    "0": {
      "score": 5,
      "time": 0.2546103000640869
    }
  },
  "Sweden": {
    "0": {
      "score": 9,
      "time": 0.07478451728820801
    }
  },
  "Serbia": {
    "0": {
      "score": 9,
      "time": 0.3809850215911865
    }
  },
  "Mexico": {
    "0": {
      "score": 4,
      "time": 0.5486481189727783
    }
  },
  "Italy": {
    "0": {
      "score": 7,
      "time": 0.8548083305358887
    }
  },
  "Nigeria": {
    "0": {
      "score": 7,
      "time": 0.32209086418151855
    }
  },
  "China,PR": {
    "0": {
      "score": 9,
      "time": 0.7000365257263184
    }
  },
  "Croatia": {
    "0": {
      "score": 7,
      "time": 0.08982086181640625
    }
  },
  "Saudi,Arabia": {
    "0": {
      "score": 6,
      "time": 0.5882229804992676
    }
  },
  "Chile": {
    "0": {
      "score": 6,
      "time": 0.2796802520751953
    }
  },
  "Belgium": {
    "0": {
      "score": 5,
      "time": 0.2987053394317627
    }
  },
  "Colombia": {
    "0": {
      "score": 9,
      "time": 0.2252969741821289
    }
  },
  "South,Africa": {
    "0": {
      "score": 6,
      "time": 0.33720874786376953
    }
  },
  "Canada": {
    "0": {
      "score": 8,
      "time": 0.14939475059509277
    }
  },
  "Spain": {
    "0": {
      "score": 6,
      "time": 0.5741488933563232
    }
  },
  "Argentina": {
    "0": {
      "score": 7,
      "time": 0.46573805809020996
    }
  },
  "Poland": {
    "0": {
      "score": 7,
      "time": 0.3055152893066406
    }
  }
}