{
  "England": {
    "0": {
      "score": 9,
      "time": 0.9830334186553955
    }
  },
  "Netherlands": {
    "0": {
      "score": 8,
      "time": 0.49034714698791504
    }
  },
  "Korea,Republic": {
    "0": {
      "score": 5,
      "time": 1.1929399967193604
    }
  },
  "Japan": {
    "0": {
      "score": 7,
      "time": 0.8051016330718994
    }
  },
  "Northern,Ireland": {
    "0": {
      "score": 8,
      "time": 0.4984703063964844
    }
  },
  "Wales": {
    "0": {
      "score": 7,
      "time": 0.7585573196411133
    }
  },
  "Iceland": {
    "0": {
      "score": 7,
      "time": 1.7462940216064453
    }
  },
  "United,States": {
    "0": {
      "score": 5,
      "time": 0.8082549571990967
    }
  },
  "Finland": {
    "0": {
      "score": 7,
      "time": 0.6505444049835205
    }
  },
  "Turkey": {
    "0": {
      "score": 7,
      "time": 1.0174272060394287
    }
  },
  "Norway": {
    "0": {
      "score": 6,
      "time": 1.1801519393920898
    }
  },
  "Senegal": {
    "0": {
      "score": 8,
      "time": 0.8349926471710205
    }
  },
  "Scotland": {
    "0": {
      "score": 7,
      "time": 0.4958796501159668
    }
  },
  "Republic,of,Ireland": {
    "0": {
      "score": 9,
      "time": 0.27549147605895996
    }
  },
  "Germany": {
    "0": {
      "score": 7,
      "time": 0.79441237449646
    }
  },
  "Kosovo": {
    "0": {
      "score": 9,
      "time": 0.17094159126281738
    }
  },
  "Denmark": {
    "0": {
      "score": 6,
      "time": 1.0401911735534668
    }
  },
  "Australia": {
    "0": {
      "score": 9,
      "time": 0.6535341739654541
    }
  },
  "Ghana": {
    "0": {
      "score": 4,
      "time": 0.2890207767486572
    }
  },
  "Brazil": {
    "0": {
      "score": 9,
      "time": 0.727442741394043
    }
  },
  "France": {
    "0": {
      "score": 7,
      "time": 0.9985709190368652
    }
  },
  "Austria": {
    "0": {
      "score": 6,
      "time": 0.4993307590484619
    }
  },
  "Romania": {
    "0": {
      "score": 9,
      "time": 0.17022967338562012
    }
  },
  "Switzerland": {
    "0": {
      "score": 5,
      "time": 1.6988780498504639
    }
  },
  "Sweden": {
    "0": {
      "score": 8,
      "time": 0.3260047435760498
    }
  },
  "Serbia": {
    "0": {
      "score": 9,
      "time": 0.3285191059112549
    }
  },
  "Mexico": {
    "0": {
      "score": 6,
      "time": 0.37644386291503906
    }
  },
  "Italy": {
    "0": {
      "score": 7,
      "time": 0.6005661487579346
    }
  },
  "Nigeria": {
    "0": {
      "score": 9,
      "time": 0.4639406204223633
    }
  },
  "China,PR": {
    "0": {
      "score": 9,
      "time": 0.9524705410003662
    }
  },
  "Croatia": {
    "0": {
      "score": 7,
      "time": 0.1684274673461914
    }
  },
  "Saudi,Arabia": {
    "0": {
      "score": 5,
      "time": 0.6022961139678955
    }
  },
  "Chile": {
    "0": {
      "score": 8,
      "time": 0.8696916103363037
    }
  },
  "Belgium": {
    "0": {
      "score": 7,
      "time": 1.2846641540527344
    }
  },
  "Colombia": {
    "0": {
      "score": 9,
      "time": 0.6444656848907471
    }
  },
  "South,Africa": {
    "0": {
      "score": 8,
      "time": 1.2307212352752686
    }
  },
  "Canada": {
    "0": {
      "score": 9,
      "time": 0.9248321056365967
    }
  },
  "Spain": {
    "0": {
      "score": 7,
      "time": 1.0022497177124023
    }
  },
  "Argentina": {
    "0": {
      "score": 7,
      "time": 0.9608080387115479
    }
  },
  "Poland": {
    "0": {
      "score": 7,
      "time": 0.37656545639038086
    }
  }
}