{
  "England": {
    "0": {
      "score": 9,
      "time": 0.5484416484832764
    }
  },
  "Netherlands": {
    "0": {
      "score": 9,
      "time": 0.4475126266479492
    }
  },
  "Korea,Republic": {
    "0": {
      "score": 8,
      "time": 0.5219171047210693
    }
  },
  "Japan": {
    "0": {
      "score": 7,
      "time": 0.5041382312774658
    }
  },
  "Northern,Ireland": {
    "0": {
      "score": 9,
      "time": 0.3522040843963623
    }
  },
  "Wales": {
    "0": {
      "score": 7,
      "time": 0.17872405052185059
    }
  },
  "Iceland": {
    "0": {
      "score": 4,
      "time": 0.42677783966064453
    }
  },
  "United,States": {
    "0": {
      "score": 7,
      "time": 0.5421323776245117
    }
  },
  "Finland": {
    "0": {
      "score": 7,
      "time": 0.15739750862121582
    }
  },
  "Turkey": {
    "0": {
      "score": 5,
      "time": 0.44049572944641113
    }
  },
  "Norway": {
    "0": {
      "score": 7,
      "time": 0.5735516548156738
    }
  },
  "Senegal": {
    "0": {
      "score": 9,
      "time": 0.2759101390838623
    }
  },
  "Scotland": {
    "0": {
      "score": 7,
      "time": 0.40627241134643555
    }
  },
  "Republic,of,Ireland": {
    "0": {
      "score": 9,
      "time": 0.2468276023864746
    }
  },
  "Germany": {
    "0": {
      "score": 5,
      "time": 0.6874954700469971
    }
  },
  "Kosovo": {
    "0": {
      "score": 9,
      "time": 0.33589911460876465
    }
  },
  "Denmark": {
    "0": {
      "score": 6,
      "time": 0.4825289249420166
    }
  },
  "Australia": {
    "0": {
      "score": 5,
      "time": 0.9209256172180176
    }
  },
  "Ghana": {
    "0": {
      "score": 3,
      "time": 0.3641483783721924
    }
  },
  "Brazil": {
    "0": {
      "score": 7,
      "time": 0.13193631172180176
    }
  },
  "France": {
    "0": {
      "score": 6,
      "time": 0.3423953056335449
    }
  },
  "Austria": {
    "0": {
      "score": 7,
      "time": 0.7981710433959961
    }
  },
  "Romania": {
    "0": {
      "score": 9,
      "time": 0.06756377220153809
    }
  },
  "Switzerland": {
    "0": {
      "score": 5,
      "time": 0.18738603591918945
    }
  },
  "Sweden": {
    "0": {
      "score": 7,
      "time": 0.11281228065490723
    }
  },
  "Serbia": {
    "0": {
      "score": 7,
      "time": 0.6743690967559814
    }
  },
  "Mexico": {
    "0": {
      "score": 4,
      "time": 0.47246623039245605
    }
  },
  "Italy": {
    "0": {
      "score": 3,
      "time": 0.41353774070739746
    }
  },
  "Nigeria": {
    "0": {
      "score": 6,
      "time": 0.17104506492614746
    }
  },
  "China,PR": {
    "0": {
      "score": 8,
      "time": 0.24295496940612793
    }
  },
  "Croatia": {
    "0": {
      "score": 7,
      "time": 0.20384645462036133
    }
  },
  "Saudi,Arabia": {
    "0": {
      "score": 6,
      "time": 0.4217679500579834
    }
  },
  "Chile": {
    "0": {
      "score": 6,
      "time": 0.19425630569458008
    }
  },
  "Belgium": {
    "0": {
      "score": 5,
      "time": 0.3598823547363281
    }
  },
  "Colombia": {
    "0": {
      "score": 9,
      "time": 0.3772263526916504
    }
  },
  "South,Africa": {
    "0": {
      "score": 9,
      "time": 0.17749333381652832
    }
  },
  "Canada": {
    "0": {
      "score": 7,
      "time": 0.270474910736084
    }
  },
  "Spain": {
    "0": {
      "score": 8,
      "time": 0.49050474166870117
    }
  },
  "Argentina": {
    "0": {
      "score": 7,
      "time": 0.7919166088104248
    }
  },
  "Poland": {
    "0": {
      "score": 7,
      "time": 0.44425392150878906
    }
  }
}