{
  "England": {
    "0": {
      "score": 7,
      "time": 0.8586275577545166
    }
  },
  "Netherlands": {
    "0": {
      "score": 5,
      "time": 1.094266414642334
    }
  },
  "Korea,Republic": {
    "0": {
      "score": 9,
      "time": 1.6031646728515625
    }
  },
  "Japan": {
    "0": {
      "score": 9,
      "time": 1.7854466438293457
    }
  },
  "Northern,Ireland": {
    "0": {
      "score": 8,
      "time": 1.9207897186279297
    }
  },
  "Wales": {
    "0": {
      "score": 7,
      "time": 1.7043890953063965
    }
  },
  "Iceland": {
    "0": {
      "score": 5,
      "time": 0.6549866199493408
    }
  },
  "United,States": {
    "0": {
      "score": 9,
      "time": 1.7497925758361816
    }
  },
  "Finland": {
    "0": {
      "score": 5,
      "time": 1.6475884914398193
    }
  },
  "Turkey": {
    "0": {
      "score": 5,
      "time": 1.666234016418457
    }
  },
  "Norway": {
    "0": {
      "score": 9,
      "time": 1.8617091178894043
    }
  },
  "Senegal": {
    "0": {
      "score": 8,
      "time": 1.7702336311340332
    }
  },
  "Scotland": {
    "0": {
      "score": 9,
      "time": 1.7009117603302002
    }
  },
  "Republic,of,Ireland": {
    "0": {
      "score": 7,
      "time": 1.866696834564209
    }
  },
  "Germany": {
    "0": {
      "score": 7,
      "time": 1.4500110149383545
    }
  },
  "Kosovo": {
    "0": {
      "score": 6,
      "time": 1.45927095413208
    }
  },
  "Denmark": {
    "0": {
      "score": 5,
      "time": 1.743567943572998
    }
  },
  "Australia": {
    "0": {
      "score": 7,
      "time": 1.7003192901611328
    }
  },
  "Ghana": {
    "0": {
      "score": 7,
      "time": 0.47087836265563965
    }
  },
  "Brazil": {
    "0": {
      "score": 8,
      "time": 1.331155776977539
    }
  },
  "France": {
    "0": {
      "score": 6,
      "time": 1.034759521484375
    }
  },
  "Austria": {
    "0": {
      "score": 7,
      "time": 1.8109748363494873
    }
  },
  "Romania": {
    "0": {
      "score": 9,
      "time": 1.7840144634246826
    }
  },
  "Switzerland": {
    "0": {
      "score": 5,
      "time": 1.6554579734802246
    }
  },
  "Sweden": {
    "0": {
      "score": 7,
      "time": 1.7413110733032227
    }
  },
  "Serbia": {
    "0": {
      "score": 9,
      "time": 1.6984219551086426
    }
  },
  "Mexico": {
    "0": {
      "score": 6,
      "time": 1.933760404586792
    }
  },
  "Italy": {
    "0": {
      "score": 6,
      "time": 1.778747797012329
    }
  },
  "Nigeria": {
    "0": {
      "score": 6,
      "time": 1.1695477962493896
    }
  },
  "China,PR": {
    "0": {
      "score": 6,
      "time": 1.8399546146392822
    }
  },
  "Croatia": {
    "0": {
      "score": 7,
      "time": 1.639019250869751
    }
  },
  "Saudi,Arabia": {
    "0": {
      "score": 6,
      "time": 1.9155998229980469
    }
  },
  "Chile": {
    "0": {
      "score": 5,
      "time": 1.4850523471832275
    }
  },
  "Belgium": {
    "0": {
      "score": 11,
      "time": 1.652078628540039
    }
  },
  "Colombia": {
    "0": {
      "score": 9,
      "time": 0.3130314350128174
    }
  },
  "South,Africa": {
    "0": {
      "score": 5,
      "time": 1.7291576862335205
    }
  },
  "Canada": {
    "0": {
      "score": 6,
      "time": 1.8599822521209717
    }
  },
  "Spain": {
    "0": {
      "score": 7,
      "time": 1.7799322605133057
    }
  },
  "Argentina": {
    "0": {
      "score": 7,
      "time": 1.9001822471618652
    }
  },
  "Poland": {
    "0": {
      "score": 7,
      "time": 1.8019702434539795
    }
  }
}