{
  "England": {
    "0": {
      "score": 9,
      "time": 1.0082812309265137
    }
  },
  "Netherlands": {
    "0": {
      "score": 7,
      "time": 0.9802591800689697
    }
  },
  "Korea,Republic": {
    "0": {
      "score": 5,
      "time": 1.7964203357696533
    }
  },
  "Japan": {
    "0": {
      "score": 7,
      "time": 0.7987093925476074
    }
  },
  "Northern,Ireland": {
    "0": {
      "score": 8,
      "time": 0.19707608222961426
    }
  },
  "Wales": {
    "0": {
      "score": 7,
      "time": 0.8370242118835449
    }
  },
  "Iceland": {
    "0": {
      "score": 5,
      "time": 1.0853805541992188
    }
  },
  "United,States": {
    "0": {
      "score": 3,
      "time": 0.8051474094390869
    }
  },
  "Finland": {
    "0": {
      "score": 7,
      "time": 0.9329590797424316
    }
  },
  "Turkey": {
    "0": {
      "score": 7,
      "time": 1.0097408294677734
    }
  },
  "Norway": {
    "0": {
      "score": 6,
      "time": 1.8126614093780518
    }
  },
  "Senegal": {
    "0": {
      "score": 8,
      "time": 0.25464749336242676
    }
  },
  "Scotland": {
    "0": {
      "score": 7,
      "time": 0.7423789501190186
    }
  },
  "Republic,of,Ireland": {
    "0": {
      "score": 9,
      "time": 0.7749855518341064
    }
  },
  "Germany": {
    "0": {
      "score": 11,
      "time": 1.207718849182129
    }
  },
  "Kosovo": {
    "0": {
      "score": 9,
      "time": 1.1029455661773682
    }
  },
  "Denmark": {
    "0": {
      "score": 6,
      "time": 1.2101478576660156
    }
  },
  "Australia": {
    "0": {
      "score": 7,
      "time": 0.9469053745269775
    }
  },
  "Ghana": {
    "0": {
      "score": 4,
      "time": 0.38414716720581055
    }
  },
  "Brazil": {
    "0": {
      "score": 7,
      "time": 1.1664886474609375
    }
  },
  "France": {
    "0": {
      "score": 6,
      "time": 1.4501402378082275
    }
  },
  "Austria": {
    "0": {
      "score": 7,
      "time": 0.5787959098815918
    }
  },
  "Romania": {
    "0": {
      "score": 9,
      "time": 0.25314807891845703
    }
  },
  "Switzerland": {
    "0": {
      "score": 5,
      "time": 0.889716386795044
    }
  },
  "Sweden": {
    "0": {
      "score": 8,
      "time": 0.34064340591430664
    }
  },
  "Serbia": {
    "0": {
      "score": 9,
      "time": 1.3743705749511719
    }
  },
  "Mexico": {
    "0": {
      "score": 9,
      "time": 0.662977933883667
    }
  },
  "Italy": {
    "0": {
      "score": 7,
      "time": 1.7235119342803955
    }
  },
  "Nigeria": {
    "0": {
      "score": 9,
      "time": 0.6496133804321289
    }
  },
  "China,PR": {
    "0": {
      "score": 9,
      "time": 0.6986653804779053
    }
  },
  "Croatia": {
    "0": {
      "score": 7,
      "time": 0.48969388008117676
    }
  },
  "Saudi,Arabia": {
    "0": {
      "score": 7,
      "time": 1.1602492332458496
    }
  },
  "Chile": {
    "0": {
      "score": 7,
      "time": 1.475848913192749
    }
  },
  "Belgium": {
    "0": {
      "score": 7,
      "time": 1.1549656391143799
    }
  },
  "Colombia": {
    "0": {
      "score": 9,
      "time": 1.153045415878296
    }
  },
  "South,Africa": {
    "0": {
      "score": 8,
      "time": 1.8046340942382812
    }
  },
  "Canada": {
    "0": {
      "score": 6,
      "time": 0.51521897315979
    }
  },
  "Spain": {
    "0": {
      "score": 7,
      "time": 1.8485891819000244
    }
  },
  "Argentina": {
    "0": {
      "score": 7,
      "time": 0.8456532955169678
    }
  },
  "Poland": {
    "0": {
      "score": 9,
      "time": 1.6093449592590332
    }
  }
}