{
  "England": {
    "0": {
      "score": 3,
      "time": 0.16897010803222656
    }
  },
  "Netherlands": {
    "0": {
      "score": 9,
      "time": 0.29015278816223145
    }
  },
  "Korea,Republic": {
    "0": {
      "score": 6,
      "time": 0.11625504493713379
    }
  },
  "Japan": {
    "0": {
      "score": 5,
      "time": 0.1354990005493164
    }
  },
  "Northern,Ireland": {
    "0": {
      "score": 9,
      "time": 0.0914149284362793
    }
  },
  "Wales": {
    "0": {
      "score": 7,
      "time": 0.1519618034362793
    }
  },
  "Iceland": {
    "0": {
      "score": 5,
      "time": 0.19810271263122559
    }
  },
  "United,States": {
    "0": {
      "score": 7,
      "time": 0.08395814895629883
    }
  },
  "Finland": {
    "0": {
      "score": 7,
      "time": 0.07901811599731445
    }
  },
  "Turkey": {
    "0": {
      "score": 6,
      "time": 0.11357712745666504
    }
  },
  "Norway": {
    "0": {
      "score": 5,
      "time": 0.13717961311340332
    }
  },
  "Senegal": {
    "0": {
      "score": 7,
      "time": 0.10260248184204102
    }
  },
  "Scotland": {
    "0": {
      "score": 7,
      "time": 0.21653437614440918
    }
  },
  "Republic,of,Ireland": {
    "0": {
      "score": 9,
      "time": 0.0985713005065918
    }
  },
  "Germany": {
    "0": {
      "score": 7,
      "time": 0.20954394340515137
    }
  },
  "Kosovo": {
    "0": {
      "score": 7,
      "time": 0.07496070861816406
    }
  },
  "Denmark": {
    "0": {
      "score": 9,
      "time": 0.20479440689086914
    }
  },
  "Australia": {
    "0": {
      "score": 9,
      "time": 0.2820768356323242
    }
  },
  "Ghana": {
    "0": {
      "score": 3,
      "time": 0.08967256546020508
    }
  },
  "Brazil": {
    "0": {
      "score": 4,
      "time": 0.30877208709716797
    }
  },
  "France": {
    "0": {
      "score": 8,
      "time": 0.14414215087890625
    }
  },
  "Austria": {
    "0": {
      "score": 7,
      "time": 0.2333981990814209
    }
  },
  "Romania": {
    "0": {
      "score": 9,
      "time": 0.04707622528076172
    }
  },
  "Switzerland": {
    "0": {
      "score": 6,
      "time": 0.23321890830993652
    }
  },
  "Sweden": {
    "0": {
      "score": 8,
      "time": 0.10104656219482422
    }
  },
  "Serbia": {
    "0": {
      "score": 7,
      "time": 0.28262758255004883
    }
  },
  "Mexico": {
    "0": {
      "score": 5,
      "time": 0.19950556755065918
    }
  },
  "Italy": {
    "0": {
      "score": 4,
      "time": 0.2959122657775879
    }
  },
  "Nigeria": {
    "0": {
      "score": 6,
      "time": 0.09354972839355469
    }
  },
  "China,PR": {
    "0": {
      "score": 6,
      "time": 0.20879578590393066
    }
  },
  "Croatia": {
    "0": {
      "score": 5,
      "time": 0.07891559600830078
    }
  },
  "Saudi,Arabia": {
    "0": {
      "score": 7,
      "time": 0.31119346618652344
    }
  },
  "Chile": {
    "0": {
      "score": 6,
      "time": 0.16265201568603516
    }
  },
  "Belgium": {
    "0": {
      "score": 5,
      "time": 0.34841418266296387
    }
  },
  "Colombia": {
    "0": {
      "score": 9,
      "time": 0.0802457332611084
    }
  },
  "South,Africa": {
    "0": {
      "score": 7,
      "time": 0.14049148559570312
    }
  },
  "Canada": {
    "0": {
      "score": 7,
      "time": 0.10248494148254395
    }
  },
  "Spain": {
    "0": {
      "score": 6,
      "time": 0.16100192070007324
    }
  },
  "Argentina": {
    "0": {
      "score": 5,
      "time": 0.16058707237243652
    }
  },
  "Poland": {
    "0": {
      "score": 7,
      "time": 0.11327481269836426
    }
  }
}