{
  "England": {
    "0": {
      "score": 7,
      "time": 1.4381601810455322
    }
  },
  "Netherlands": {
    "0": {
      "score": 5,
      "time": 1.7484560012817383
    }
  },
  "Korea,Republic": {
    "0": {
      "score": 9,
      "time": 1.692683458328247
    }
  },
  "Japan": {
    "0": {
      "score": 9,
      "time": 1.9478394985198975
    }
  },
  "Northern,Ireland": {
    "0": {
      "score": 8,
      "time": 1.2467942237854004
    }
  },
  "Wales": {
    "0": {
      "score": 7,
      "time": 1.7228102684020996
    }
  },
  "Iceland": {
    "0": {
      "score": 5,
      "time": 1.7409594058990479
    }
  },
  "United,States": {
    "0": {
      "score": 9,
      "time": 1.7627949714660645
    }
  },
  "Finland": {
    "0": {
      "score": 5,
      "time": 1.6531307697296143
    }
  },
  "Turkey": {
    "0": {
      "score": 5,
      "time": 1.9775471687316895
    }
  },
  "Norway": {
    "0": {
      "score": 9,
      "time": 1.8061931133270264
    }
  },
  "Senegal": {
    "0": {
      "score": 8,
      "time": 1.7989599704742432
    }
  },
  "Scotland": {
    "0": {
      "score": 9,
      "time": 1.703704595565796
    }
  },
  "Republic,of,Ireland": {
    "0": {
      "score": 7,
      "time": 1.8968563079833984
    }
  },
  "Germany": {
    "0": {
      "score": 7,
      "time": 0.5667645931243896
    }
  },
  "Kosovo": {
    "0": {
      "score": 6,
      "time": 0.9345226287841797
    }
  },
  "Denmark": {
    "0": {
      "score": 5,
      "time": 1.8053114414215088
    }
  },
  "Australia": {
    "0": {
      "score": 9,
      "time": 1.7268257141113281
    }
  },
  "Ghana": {
    "0": {
      "score": 6,
      "time": 1.505897045135498
    }
  },
  "Brazil": {
    "0": {
      "score": 7,
      "time": 1.6927592754364014
    }
  },
  "France": {
    "0": {
      "score": 6,
      "time": 1.6431877613067627
    }
  },
  "Austria": {
    "0": {
      "score": 7,
      "time": 1.8793010711669922
    }
  },
  "Romania": {
    "0": {
      "score": 9,
      "time": 1.7620856761932373
    }
  },
  "Switzerland": {
    "0": {
      "score": 5,
      "time": 1.9229772090911865
    }
  },
  "Sweden": {
    "0": {
      "score": 7,
      "time": 1.389413595199585
    }
  },
  "Serbia": {
    "0": {
      "score": 9,
      "time": 1.8795974254608154
    }
  },
  "Mexico": {
    "0": {
      "score": 9,
      "time": 1.8462626934051514
    }
  },
  "Italy": {
    "0": {
      "score": 6,
      "time": 1.633301019668579
    }
  },
  "Nigeria": {
    "0": {
      "score": 6,
      "time": 1.7641098499298096
    }
  },
  "China,PR": {
    "0": {
      "score": 7,
      "time": 1.1398634910583496
    }
  },
  "Croatia": {
    "0": {
      "score": 7,
      "time": 1.4487085342407227
    }
  },
  "Saudi,Arabia": {
    "0": {
      "score": 6,
      "time": 1.7175869941711426
    }
  },
  "Chile": {
    "0": {
      "score": 5,
      "time": 0.8528904914855957
    }
  },
  "Belgium": {
    "0": {
      "score": 7,
      "time": 1.9465084075927734
    }
  },
  "Colombia": {
    "0": {
      "score": 7,
      "time": 1.7207534313201904
    }
  },
  "South,Africa": {
    "0": {
      "score": 5,
      "time": 1.220771312713623
    }
  },
  "Canada": {
    "0": {
      "score": 6,
      "time": 1.8699774742126465
    }
  },
  "Spain": {
    "0": {
      "score": 7,
      "time": 1.6925666332244873
    }
  },
  "Argentina": {
    "0": {
      "score": 9,
      "time": 1.8095779418945312
    }
  },
  "Poland": {
    "0": {
      "score": 7,
      "time": 1.6929993629455566
    }
  }
}