{
  "England": {
    "0": {
      "score": 6,
      "time": 0.21712517738342285
    }
  },
  "Netherlands": {
    "0": {
      "score": 7,
      "time": 0.6201181411743164
    }
  },
  "Korea,Republic": {
    "0": {
      "score": 6,
      "time": 0.8314321041107178
    }
  },
  "Japan": {
    "0": {
      "score": 7,
      "time": 0.21334123611450195
    }
  },
  "Northern,Ireland": {
    "0": {
      "score": 9,
      "time": 0.4690704345703125
    }
  },
  "Wales": {
    "0": {
      "score": 7,
      "time": 0.5427815914154053
    }
  },
  "Iceland": {
    "0": {
      "score": 6,
      "time": 1.0812325477600098
    }
  },
  "United,States": {
    "0": {
      "score": 7,
      "time": 0.40369749069213867
    }
  },
  "Finland": {
    "0": {
      "score": 7,
      "time": 0.9633488655090332
    }
  },
  "Turkey": {
    "0": {
      "score": 8,
      "time": 1.0540332794189453
    }
  },
  "Norway": {
    "0": {
      "score": 5,
      "time": 0.654414176940918
    }
  },
  "Senegal": {
    "0": {
      "score": 8,
      "time": 0.11357617378234863
    }
  },
  "Scotland": {
    "0": {
      "score": 7,
      "time": 0.2178809642791748
    }
  },
  "Republic,of,Ireland": {
    "0": {
      "score": 7,
      "time": 0.22722625732421875
    }
  },
  "Germany": {
    "0": {
      "score": 5,
      "time": 0.21599864959716797
    }
  },
  "Kosovo": {
    "0": {
      "score": 5,
      "time": 0.8624436855316162
    }
  },
  "Denmark": {
    "0": {
      "score": 7,
      "time": 0.850860595703125
    }
  },
  "Australia": {
    "0": {
      "score": 9,
      "time": 1.10789155960083
    }
  },
  "Ghana": {
    "0": {
      "score": 3,
      "time": 0.14693665504455566
    }
  },
  "Brazil": {
    "0": {
      "score": 7,
      "time": 0.630141019821167
    }
  },
  "France": {
    "0": {
      "score": 5,
      "time": 0.18261981010437012
    }
  },
  "Austria": {
    "0": {
      "score": 6,
      "time": 0.8249082565307617
    }
  },
  "Romania": {
    "0": {
      "score": 9,
      "time": 0.07213354110717773
    }
  },
  "Switzerland": {
    "0": {
      "score": 6,
      "time": 0.9224104881286621
    }
  },
  "Sweden": {
    "0": {
      "score": 7,
      "time": 0.10403776168823242
    }
  },
  "Serbia": {
    "0": {
      "score": 7,
      "time": 0.2872772216796875
    }
  },
  "Mexico": {
    "0": {
      "score": 4,
      "time": 1.00339937210083
    }
  },
  "Italy": {
    "0": {
      "score": 6,
      "time": 0.39637017250061035
    }
  },
  "Nigeria": {
    "0": {
      "score": 6,
      "time": 0.711083173751831
    }
  },
  "China,PR": {
    "0": {
      "score": 9,
      "time": 0.4139220714569092
    }
  },
  "Croatia": {
    "0": {
      "score": 7,
      "time": 0.3123462200164795
    }
  },
  "Saudi,Arabia": {
    "0": {
      "score": 6,
      "time": 0.8597574234008789
    }
  },
  "Chile": {
    "0": {
      "score": 6,
      "time": 0.5092756748199463
    }
  },
  "Belgium": {
    "0": {
      "score": 4,
      "time": 0.3161916732788086
    }
  },
  "Colombia": {
    "0": {
      "score": 7,
      "time": 0.17589116096496582
    }
  },
  "South,Africa": {
    "0": {
      "score": 9,
      "time": 0.6313974857330322
    }
  },
  "Canada": {
    "0": {
      "score": 7,
      "time": 0.5661256313323975
    }
  },
  "Spain": {
    "0": {
      "score": 7,
      "time": 0.6261906623840332
    }
  },
  "Argentina": {
    "0": {
      "score": 7,
      "time": 0.42688751220703125
    }
  },
  "Poland": {
    "0": {
      "score": 9,
      "time": 0.2160642147064209
    }
  }
}