{
  "England": {
    "0": {
      "score": 9,
      "time": 1.3992643356323242
    }
  },
  "Netherlands": {
    "0": {
      "score": 7,
      "time": 0.7626073360443115
    }
  },
  "Korea,Republic": {
    "0": {
      "score": 6,
      "time": 1.644789457321167
    }
  },
  "Japan": {
    "0": {
      "score": 7,
      "time": 0.915851354598999
    }
  },
  "Northern,Ireland": {
    "0": {
      "score": 8,
      "time": 0.9968564510345459
    }
  },
  "Wales": {
    "0": {
      "score": 7,
      "time": 1.1230833530426025
    }
  },
  "Iceland": {
    "0": {
      "score": 5,
      "time": 1.4037754535675049
    }
  },
  "United,States": {
    "0": {
      "score": 3,
      "time": 1.001431941986084
    }
  },
  "Finland": {
    "0": {
      "score": 7,
      "time": 0.7637917995452881
    }
  },
  "Turkey": {
    "0": {
      "score": 7,
      "time": 1.2070834636688232
    }
  },
  "Norway": {
    "0": {
      "score": 6,
      "time": 0.8640124797821045
    }
  },
  "Senegal": {
    "0": {
      "score": 8,
      "time": 0.8837220668792725
    }
  },
  "Scotland": {
    "0": {
      "score": 7,
      "time": 0.5462958812713623
    }
  },
  "Republic,of,Ireland": {
    "0": {
      "score": 9,
      "time": 0.6181094646453857
    }
  },
  "Germany": {
    "0": {
      "score": 11,
      "time": 1.019418716430664
    }
  },
  "Kosovo": {
    "0": {
      "score": 9,
      "time": 1.074653148651123
    }
  },
  "Denmark": {
    "0": {
      "score": 6,
      "time": 1.1767501831054688
    }
  },
  "Australia": {
    "0": {
      "score": 7,
      "time": 1.9049134254455566
    }
  },
  "Ghana": {
    "0": {
      "score": 4,
      "time": 0.37011027336120605
    }
  },
  "Brazil": {
    "0": {
      "score": 7,
      "time": 0.9640257358551025
    }
  },
  "France": {
    "0": {
      "score": 6,
      "time": 0.6217725276947021
    }
  },
  "Austria": {
    "0": {
      "score": 7,
      "time": 0.9391522407531738
    }
  },
  "Romania": {
    "0": {
      "score": 9,
      "time": 0.33798766136169434
    }
  },
  "Switzerland": {
    "0": {
      "score": 5,
      "time": 0.9147958755493164
    }
  },
  "Sweden": {
    "0": {
      "score": 8,
      "time": 0.5141196250915527
    }
  },
  "Serbia": {
    "0": {
      "score": 9,
      "time": 0.9603896141052246
    }
  },
  "Mexico": {
    "0": {
      "score": 9,
      "time": 0.9411466121673584
    }
  },
  "Italy": {
    "0": {
      "score": 7,
      "time": 1.193213701248169
    }
  },
  "Nigeria": {
    "0": {
      "score": 9,
      "time": 0.8165490627288818
    }
  },
  "China,PR": {
    "0": {
      "score": 9,
      "time": 1.1062088012695312
    }
  },
  "Croatia": {
    "0": {
      "score": 7,
      "time": 0.5544540882110596
    }
  },
  "Saudi,Arabia": {
    "0": {
      "score": 7,
      "time": 1.152320146560669
    }
  },
  "Chile": {
    "0": {
      "score": 7,
      "time": 1.1464548110961914
    }
  },
  "Belgium": {
    "0": {
      "score": 7,
      "time": 1.647474765777588
    }
  },
  "Colombia": {
    "0": {
      "score": 9,
      "time": 0.9793894290924072
    }
  },
  "South,Africa": {
    "0": {
      "score": 8,
      "time": 1.6967313289642334
    }
  },
  "Canada": {
    "0": {
      "score": 6,
      "time": 1.1840424537658691
    }
  },
  "Spain": {
    "0": {
      "score": 7,
      "time": 1.575500249862671
    }
  },
  "Argentina": {
    "0": {
      "score": 7,
      "time": 1.1828715801239014
    }
  },
  "Poland": {
    "0": {
      "score": 9,
      "time": 1.6059157848358154
    }
  }
}