{
  "England": {
    "0": {
      "score": 9,
      "time": 0.6580164432525635
    }
  },
  "Netherlands": {
    "0": {
      "score": 9,
      "time": 0.24854421615600586
    }
  },
  "Korea,Republic": {
    "0": {
      "score": 5,
      "time": 0.8601703643798828
    }
  },
  "Japan": {
    "0": {
      "score": 7,
      "time": 0.14235281944274902
    }
  },
  "Northern,Ireland": {
    "0": {
      "score": 8,
      "time": 0.33569788932800293
    }
  },
  "Wales": {
    "0": {
      "score": 7,
      "time": 0.5061233043670654
    }
  },
  "Iceland": {
    "0": {
      "score": 7,
      "time": 1.6651580333709717
    }
  },
  "United,States": {
    "0": {
      "score": 7,
      "time": 0.7405421733856201
    }
  },
  "Finland": {
    "0": {
      "score": 7,
      "time": 0.9756653308868408
    }
  },
  "Turkey": {
    "0": {
      "score": 8,
      "time": 0.3218522071838379
    }
  },
  "Norway": {
    "0": {
      "score": 6,
      "time": 1.0605223178863525
    }
  },
  "Senegal": {
    "0": {
      "score": 8,
      "time": 0.635683536529541
    }
  },
  "Scotland": {
    "0": {
      "score": 7,
      "time": 0.5038008689880371
    }
  },
  "Republic,of,Ireland": {
    "0": {
      "score": 9,
      "time": 0.8590075969696045
    }
  },
  "Germany": {
    "0": {
      "score": 7,
      "time": 0.6501033306121826
    }
  },
  "Kosovo": {
    "0": {
      "score": 6,
      "time": 0.1596362590789795
    }
  },
  "Denmark": {
    "0": {
      "score": 6,
      "time": 1.0950250625610352
    }
  },
  "Australia": {
    "0": {
      "score": 9,
      "time": 1.714369535446167
    }
  },
  "Ghana": {
    "0": {
      "score": 4,
      "time": 0.2466893196105957
    }
  },
  "Brazil": {
    "0": {
      "score": 7,
      "time": 0.8065240383148193
    }
  },
  "France": {
    "0": {
      "score": 7,
      "time": 0.18868207931518555
    }
  },
  "Austria": {
    "0": {
      "score": 6,
      "time": 0.6877102851867676
    }
  },
  "Romania": {
    "0": {
      "score": 9,
      "time": 0.09018135070800781
    }
  },
  "Switzerland": {
    "0": {
      "score": 5,
      "time": 0.9420866966247559
    }
  },
  "Sweden": {
    "0": {
      "score": 8,
      "time": 0.1936326026916504
    }
  },
  "Serbia": {
    "0": {
      "score": 9,
      "time": 1.133293628692627
    }
  },
  "Mexico": {
    "0": {
      "score": 6,
      "time": 0.5724048614501953
    }
  },
  "Italy": {
    "0": {
      "score": 7,
      "time": 1.3785858154296875
    }
  },
  "Nigeria": {
    "0": {
      "score": 6,
      "time": 0.684464693069458
    }
  },
  "China,PR": {
    "0": {
      "score": 9,
      "time": 0.9669322967529297
    }
  },
  "Croatia": {
    "0": {
      "score": 7,
      "time": 0.25086450576782227
    }
  },
  "Saudi,Arabia": {
    "0": {
      "score": 5,
      "time": 0.7896907329559326
    }
  },
  "Chile": {
    "0": {
      "score": 6,
      "time": 0.6308951377868652
    }
  },
  "Belgium": {
    "0": {
      "score": 7,
      "time": 0.33243393898010254
    }
  },
  "Colombia": {
    "0": {
      "score": 7,
      "time": 0.21617627143859863
    }
  },
  "South,Africa": {
    "0": {
      "score": 8,
      "time": 0.9546799659729004
    }
  },
  "Canada": {
    "0": {
      "score": 9,
      "time": 0.7766580581665039
    }
  },
  "Spain": {
    "0": {
      "score": 7,
      "time": 1.3482394218444824
    }
  },
  "Argentina": {
    "0": {
      "score": 7,
      "time": 0.32895445823669434
    }
  },
  "Poland": {
    "0": {
      "score": 7,
      "time": 0.8057897090911865
    }
  }
}