{
  "England": {
    "0": {
      "score": 7,
      "time": 0.946042537689209
    }
  },
  "Netherlands": {
    "0": {
      "score": 5,
      "time": 1.7237968444824219
    }
  },
  "Korea,Republic": {
    "0": {
      "score": 9,
      "time": 1.9035148620605469
    }
  },
  "Japan": {
    "0": {
      "score": 9,
      "time": 1.5528316497802734
    }
  },
  "Northern,Ireland": {
    "0": {
      "score": 8,
      "time": 1.887484073638916
    }
  },
  "Wales": {
    "0": {
      "score": 7,
      "time": 1.6170179843902588
    }
  },
  "Iceland": {
    "0": {
      "score": 5,
      "time": 1.792114496231079
    }
  },
  "United,States": {
    "0": {
      "score": 7,
      "time": 1.7870843410491943
    }
  },
  "Finland": {
    "0": {
      "score": 5,
      "time": 1.675523281097412
    }
  },
  "Turkey": {
    "0": {
      "score": 7,
      "time": 1.8726627826690674
    }
  },
  "Norway": {
    "0": {
      "score": 7,
      "time": 0.7698354721069336
    }
  },
  "Senegal": {
    "0": {
      "score": 8,
      "time": 1.9459357261657715
    }
  },
  "Scotland": {
    "0": {
      "score": 9,
      "time": 1.8207652568817139
    }
  },
  "Republic,of,Ireland": {
    "0": {
      "score": 9,
      "time": 1.5657758712768555
    }
  },
  "Germany": {
    "0": {
      "score": 7,
      "time": 1.7972431182861328
    }
  },
  "Kosovo": {
    "0": {
      "score": 6,
      "time": 1.833970308303833
    }
  },
  "Denmark": {
    "0": {
      "score": 9,
      "time": 1.6466484069824219
    }
  },
  "Australia": {
    "0": {
      "score": 9,
      "time": 1.8711819648742676
    }
  },
  "Ghana": {
    "0": {
      "score": 6,
      "time": 1.7228593826293945
    }
  },
  "Brazil": {
    "0": {
      "score": 8,
      "time": 1.9481921195983887
    }
  },
  "France": {
    "0": {
      "score": 6,
      "time": 1.80023193359375
    }
  },
  "Austria": {
    "0": {
      "score": 7,
      "time": 1.778754711151123
    }
  },
  "Romania": {
    "0": {
      "score": 9,
      "time": 1.7736105918884277
    }
  },
  "Switzerland": {
    "0": {
      "score": 7,
      "time": 1.8000478744506836
    }
  },
  "Sweden": {
    "0": {
      "score": 8,
      "time": 1.6688787937164307
    }
  },
  "Serbia": {
    "0": {
      "score": 9,
      "time": 1.9424943923950195
    }
  },
  "Mexico": {
    "0": {
      "score": 7,
      "time": 1.9604594707489014
    }
  },
  "Italy": {
    "0": {
      "score": 9,
      "time": 1.8219659328460693
    }
  },
  "Nigeria": {
    "0": {
      "score": 6,
      "time": 1.8272852897644043
    }
  },
  "China,PR": {
    "0": {
      "score": 7,
      "time": 1.1518375873565674
    }
  },
  "Croatia": {
    "0": {
      "score": 7,
      "time": 1.8008036613464355
    }
  },
  "Saudi,Arabia": {
    "0": {
      "score": 9,
      "time": 1.7707366943359375
    }
  },
  "Chile": {
    "0": {
      "score": 6,
      "time": 1.6798102855682373
    }
  },
  "Belgium": {
    "0": {
      "score": 11,
      "time": 1.9345383644104004
    }
  },
  "Colombia": {
    "0": {
      "score": 9,
      "time": 1.612668514251709
    }
  },
  "South,Africa": {
    "0": {
      "score": 7,
      "time": 1.8071050643920898
    }
  },
  "Canada": {
    "0": {
      "score": 8,
      "time": 1.0623016357421875
    }
  },
  "Spain": {
    "0": {
      "score": 7,
      "time": 1.8113770484924316
    }
  },
  "Argentina": {
    "0": {
      "score": 7,
      "time": 1.8662893772125244
    }
  },
  "Poland": {
    "0": {
      "score": 7,
      "time": 1.996234655380249
    }
  }
}