{
  "England": {
    "0": {
      "score": 7,
      "time": 1.7891838550567627
    }
  },
  "Netherlands": {
    "0": {
      "score": 5,
      "time": 1.648447036743164
    }
  },
  "Korea,Republic": {
    "0": {
      "score": 9,
      "time": 1.942152500152588
    }
  },
  "Japan": {
    "0": {
      "score": 9,
      "time": 1.7509446144104004
    }
  },
  "Northern,Ireland": {
    "0": {
      "score": 8,
      "time": 1.6969516277313232
    }
  },
  "Wales": {
    "0": {
      "score": 7,
      "time": 1.7837636470794678
    }
  },
  "Iceland": {
    "0": {
      "score": 5,
      "time": 1.1062426567077637
    }
  },
  "United,States": {
    "0": {
      "score": 9,
      "time": 1.8806605339050293
    }
  },
  "Finland": {
    "0": {
      "score": 5,
      "time": 1.9800488948822021
    }
  },
  "Turkey": {
    "0": {
      "score": 5,
      "time": 0.8605630397796631
    }
  },
  "Norway": {
    "0": {
      "score": 9,
      "time": 1.8513360023498535
    }
  },
  "Senegal": {
    "0": {
      "score": 8,
      "time": 1.5912137031555176
    }
  },
  "Scotland": {
    "0": {
      "score": 9,
      "time": 1.9592251777648926
    }
  },
  "Republic,of,Ireland": {
    "0": {
      "score": 7,
      "time": 1.7299706935882568
    }
  },
  "Germany": {
    "0": {
      "score": 7,
      "time": 1.8482763767242432
    }
  },
  "Kosovo": {
    "0": {
      "score": 6,
      "time": 1.5151450634002686
    }
  },
  "Denmark": {
    "0": {
      "score": 5,
      "time": 1.8771655559539795
    }
  },
  "Australia": {
    "0": {
      "score": 9,
      "time": 1.6478767395019531
    }
  },
  "Ghana": {
    "0": {
      "score": 7,
      "time": 0.8754885196685791
    }
  },
  "Brazil": {
    "0": {
      "score": 8,
      "time": 1.6825499534606934
    }
  },
  "France": {
    "0": {
      "score": 6,
      "time": 1.6288022994995117
    }
  },
  "Austria": {
    "0": {
      "score": 7,
      "time": 1.8047544956207275
    }
  },
  "Romania": {
    "0": {
      "score": 9,
      "time": 1.4826045036315918
    }
  },
  "Switzerland": {
    "0": {
      "score": 5,
      "time": 1.6591792106628418
    }
  },
  "Sweden": {
    "0": {
      "score": 7,
      "time": 1.8846540451049805
    }
  },
  "Serbia": {
    "0": {
      "score": 9,
      "time": 1.8386845588684082
    }
  },
  "Mexico": {
    "0": {
      "score": 6,
      "time": 1.5870578289031982
    }
  },
  "Italy": {
    "0": {
      "score": 7,
      "time": 1.7695858478546143
    }
  },
  "Nigeria": {
    "0": {
      "score": 6,
      "time": 1.7597665786743164
    }
  },
  "China,PR": {
    "0": {
      "score": 6,
      "time": 1.4032368659973145
    }
  },
  "Croatia": {
    "0": {
      "score": 7,
      "time": 1.5889418125152588
    }
  },
  "Saudi,Arabia": {
    "0": {
      "score": 6,
      "time": 1.6544609069824219
    }
  },
  "Chile": {
    "0": {
      "score": 5,
      "time": 1.7781150341033936
    }
  },
  "Belgium": {
    "0": {
      "score": 11,
      "time": 1.8176441192626953
    }
  },
  "Colombia": {
    "0": {
      "score": 7,
      "time": 1.6301636695861816
    }
  },
  "South,Africa": {
    "0": {
      "score": 5,
      "time": 1.0045757293701172
    }
  },
  "Canada": {
    "0": {
      "score": 6,
      "time": 1.7170562744140625
    }
  },
  "Spain": {
    "0": {
      "score": 7,
      "time": 1.4138262271881104
    }
  },
  "Argentina": {
    "0": {
      "score": 7,
      "time": 1.8208961486816406
    }
  },
  "Poland": {
    "0": {
      "score": 7,
      "time": 1.365912675857544
    }
  }
}