{
  "England": {
    "0": {
      "score": 4,
      "time": 0.06354284286499023
    }
  },
  "Netherlands": {
    "0": {
      "score": 6,
      "time": 0.09216809272766113
    }
  },
  "Korea,Republic": {
    "0": {
      "score": 8,
      "time": 0.06466984748840332
    }
  },
  "Japan": {
    "0": {
      "score": 5,
      "time": 0.0587315559387207
    }
  },
  "Northern,Ireland": {
    "0": {
      "score": 7,
      "time": 0.0568089485168457
    }
  },
  "Wales": {
    "0": {
      "score": 7,
      "time": 0.06566929817199707
    }
  },
  "Iceland": {
    "0": {
      "score": 4,
      "time": 0.06326150894165039
    }
  },
  "United,States": {
    "0": {
      "score": 7,
      "time": 0.052935123443603516
    }
  },
  "Finland": {
    "0": {
      "score": 9,
      "time": 0.0533299446105957
    }
  },
  "Turkey": {
    "0": {
      "score": 7,
      "time": 0.07184720039367676
    }
  },
  "Norway": {
    "0": {
      "score": 6,
      "time": 0.05210757255554199
    }
  },
  "Senegal": {
    "0": {
      "score": 9,
      "time": 0.051572322845458984
    }
  },
  "Scotland": {
    "0": {
      "score": 5,
      "time": 0.05885124206542969
    }
  },
  "Republic,of,Ireland": {
    "0": {
      "score": 6,
      "time": 0.055457353591918945
    }
  },
  "Germany": {
    "0": {
      "score": 5,
      "time": 0.0520319938659668
    }
  },
  "Kosovo": {
    "0": {
      "score": 5,
      "time": 0.051276206970214844
    }
  },
  "Denmark": {
    "0": {
      "score": 7,
      "time": 0.05721473693847656
    }
  },
  "Australia": {
    "0": {
      "score": 7,
      "time": 0.0638279914855957
    }
  },
  "Ghana": {
    "0": {
      "score": 3,
      "time": 0.06531572341918945
    }
  },
  "Brazil": {
    "0": {
      "score": 5,
      "time": 0.06037116050720215
    }
  },
  "France": {
    "0": {
      "score": 5,
      "time": 0.08487391471862793
    }
  },
  "Austria": {
    "0": {
      "score": 5,
      "time": 0.06354570388793945
    }
  },
  "Romania": {
    "0": {
      "score": 7,
      "time": 0.05395007133483887
    }
  },
  "Switzerland": {
    "0": {
      "score": 5,
      "time": 0.06037497520446777
    }
  },
  "Sweden": {
    "0": {
      "score": 6,
      "time": 0.05323314666748047
    }
  },
  "Serbia": {
    "0": {
      "score": 6,
      "time": 0.05960273742675781
    }
  },
  "Mexico": {
    "0": {
      "score": 7,
      "time": 0.05801582336425781
    }
  },
  "Italy": {
    "0": {
      "score": 7,
      "time": 0.10136628150939941
    }
  },
  "Nigeria": {
    "0": {
      "score": 6,
      "time": 0.050187110900878906
    }
  },
  "China,PR": {
    "0": {
      "score": 6,
      "time": 0.06827759742736816
    }
  },
  "Croatia": {
    "0": {
      "score": 5,
      "time": 0.0706179141998291
    }
  },
  "Saudi,Arabia": {
    "0": {
      "score": 4,
      "time": 0.050286054611206055
    }
  },
  "Chile": {
    "0": {
      "score": 5,
      "time": 0.05042147636413574
    }
  },
  "Belgium": {
    "0": {
      "score": 6,
      "time": 0.0771636962890625
    }
  },
  "Colombia": {
    "0": {
      "score": 6,
      "time": 0.06323742866516113
    }
  },
  "South,Africa": {
    "0": {
      "score": 6,
      "time": 0.07079482078552246
    }
  },
  "Canada": {
    "0": {
      "score": 5,
      "time": 0.05515480041503906
    }
  },
  "Spain": {
    "0": {
      "score": 5,
      "time": 0.07178902626037598
    }
  },
  "Argentina": {
    "0": {
      "score": 7,
      "time": 0.06303954124450684
    }
  },
  "Poland": {
    "0": {
      "score": 4,
      "time": 0.057639360427856445
    }
  }
}