{
  "England": {
    "0": {
      "score": 7,
      "time": 1.6507854461669922
    }
  },
  "Netherlands": {
    "0": {
      "score": 5,
      "time": 1.9765539169311523
    }
  },
  "Korea,Republic": {
    "0": {
      "score": 9,
      "time": 1.788893699645996
    }
  },
  "Japan": {
    "0": {
      "score": 9,
      "time": 1.6960320472717285
    }
  },
  "Northern,Ireland": {
    "0": {
      "score": 8,
      "time": 1.7599461078643799
    }
  },
  "Wales": {
    "0": {
      "score": 7,
      "time": 1.7721397876739502
    }
  },
  "Iceland": {
    "0": {
      "score": 5,
      "time": 1.5643351078033447
    }
  },
  "United,States": {
    "0": {
      "score": 7,
      "time": 1.2505254745483398
    }
  },
  "Finland": {
    "0": {
      "score": 6,
      "time": 1.6913533210754395
    }
  },
  "Turkey": {
    "0": {
      "score": 5,
      "time": 1.9454119205474854
    }
  },
  "Norway": {
    "0": {
      "score": 7,
      "time": 1.775005578994751
    }
  },
  "Senegal": {
    "0": {
      "score": 8,
      "time": 1.6269633769989014
    }
  },
  "Scotland": {
    "0": {
      "score": 9,
      "time": 1.8014867305755615
    }
  },
  "Republic,of,Ireland": {
    "0": {
      "score": 9,
      "time": 1.6893868446350098
    }
  },
  "Germany": {
    "0": {
      "score": 7,
      "time": 1.7388331890106201
    }
  },
  "Kosovo": {
    "0": {
      "score": 6,
      "time": 2.0161187648773193
    }
  },
  "Denmark": {
    "0": {
      "score": 9,
      "time": 1.7769317626953125
    }
  },
  "Australia": {
    "0": {
      "score": 9,
      "time": 1.6718628406524658
    }
  },
  "Ghana": {
    "0": {
      "score": 6,
      "time": 1.1414475440979004
    }
  },
  "Brazil": {
    "0": {
      "score": 8,
      "time": 1.6979756355285645
    }
  },
  "France": {
    "0": {
      "score": 6,
      "time": 1.6090412139892578
    }
  },
  "Austria": {
    "0": {
      "score": 7,
      "time": 1.9529483318328857
    }
  },
  "Romania": {
    "0": {
      "score": 9,
      "time": 1.7731831073760986
    }
  },
  "Switzerland": {
    "0": {
      "score": 5,
      "time": 1.8125994205474854
    }
  },
  "Sweden": {
    "0": {
      "score": 8,
      "time": 1.314753770828247
    }
  },
  "Serbia": {
    "0": {
      "score": 9,
      "time": 1.6927969455718994
    }
  },
  "Mexico": {
    "0": {
      "score": 6,
      "time": 1.7537775039672852
    }
  },
  "Italy": {
    "0": {
      "score": 5,
      "time": 1.638138771057129
    }
  },
  "Nigeria": {
    "0": {
      "score": 6,
      "time": 1.8886311054229736
    }
  },
  "China,PR": {
    "0": {
      "score": 7,
      "time": 1.8218917846679688
    }
  },
  "Croatia": {
    "0": {
      "score": 7,
      "time": 1.3089587688446045
    }
  },
  "Saudi,Arabia": {
    "0": {
      "score": 7,
      "time": 1.85378098487854
    }
  },
  "Chile": {
    "0": {
      "score": 6,
      "time": 1.7801363468170166
    }
  },
  "Belgium": {
    "0": {
      "score": 11,
      "time": 1.2642734050750732
    }
  },
  "Colombia": {
    "0": {
      "score": 9,
      "time": 1.6357169151306152
    }
  },
  "South,Africa": {
    "0": {
      "score": 7,
      "time": 1.0722274780273438
    }
  },
  "Canada": {
    "0": {
      "score": 8,
      "time": 1.1016931533813477
    }
  },
  "Spain": {
    "0": {
      "score": 7,
      "time": 1.7816267013549805
    }
  },
  "Argentina": {
    "0": {
      "score": 7,
      "time": 1.7844250202178955
    }
  },
  "Poland": {
    "0": {
      "score": 7,
      "time": 1.8598248958587646
    }
  }
}