{
  "England": {
    "0": {
      "score": 7,
      "time": 1.8986291885375977
    }
  },
  "Netherlands": {
    "0": {
      "score": 5,
      "time": 1.7231945991516113
    }
  },
  "Korea,Republic": {
    "0": {
      "score": 9,
      "time": 1.8579444885253906
    }
  },
  "Japan": {
    "0": {
      "score": 9,
      "time": 1.7217597961425781
    }
  },
  "Northern,Ireland": {
    "0": {
      "score": 8,
      "time": 1.729517936706543
    }
  },
  "Wales": {
    "0": {
      "score": 7,
      "time": 1.7635290622711182
    }
  },
  "Iceland": {
    "0": {
      "score": 4,
      "time": 1.6939759254455566
    }
  },
  "United,States": {
    "0": {
      "score": 5,
      "time": 1.700422763824463
    }
  },
  "Finland": {
    "0": {
      "score": 6,
      "time": 1.9109985828399658
    }
  },
  "Turkey": {
    "0": {
      "score": 5,
      "time": 1.3266162872314453
    }
  },
  "Norway": {
    "0": {
      "score": 7,
      "time": 0.9658021926879883
    }
  },
  "Senegal": {
    "0": {
      "score": 8,
      "time": 1.7141361236572266
    }
  },
  "Scotland": {
    "0": {
      "score": 9,
      "time": 1.8087706565856934
    }
  },
  "Republic,of,Ireland": {
    "0": {
      "score": 7,
      "time": 1.8822345733642578
    }
  },
  "Germany": {
    "0": {
      "score": 7,
      "time": 1.8501529693603516
    }
  },
  "Kosovo": {
    "0": {
      "score": 9,
      "time": 1.8408076763153076
    }
  },
  "Denmark": {
    "0": {
      "score": 5,
      "time": 1.608367681503296
    }
  },
  "Australia": {
    "0": {
      "score": 7,
      "time": 1.7794642448425293
    }
  },
  "Ghana": {
    "0": {
      "score": 6,
      "time": 1.5497872829437256
    }
  },
  "Brazil": {
    "0": {
      "score": 8,
      "time": 1.5805740356445312
    }
  },
  "France": {
    "0": {
      "score": 6,
      "time": 1.839487075805664
    }
  },
  "Austria": {
    "0": {
      "score": 7,
      "time": 1.77195405960083
    }
  },
  "Romania": {
    "0": {
      "score": 9,
      "time": 1.6898150444030762
    }
  },
  "Switzerland": {
    "0": {
      "score": 5,
      "time": 1.7970592975616455
    }
  },
  "Sweden": {
    "0": {
      "score": 7,
      "time": 1.6565759181976318
    }
  },
  "Serbia": {
    "0": {
      "score": 9,
      "time": 1.8979508876800537
    }
  },
  "Mexico": {
    "0": {
      "score": 6,
      "time": 1.7887110710144043
    }
  },
  "Italy": {
    "0": {
      "score": 5,
      "time": 1.59122896194458
    }
  },
  "Nigeria": {
    "0": {
      "score": 6,
      "time": 1.6548426151275635
    }
  },
  "China,PR": {
    "0": {
      "score": 7,
      "time": 0.8176956176757812
    }
  },
  "Croatia": {
    "0": {
      "score": 7,
      "time": 1.740267276763916
    }
  },
  "Saudi,Arabia": {
    "0": {
      "score": 7,
      "time": 1.7246947288513184
    }
  },
  "Chile": {
    "0": {
      "score": 5,
      "time": 1.8947336673736572
    }
  },
  "Belgium": {
    "0": {
      "score": 11,
      "time": 1.3460109233856201
    }
  },
  "Colombia": {
    "0": {
      "score": 9,
      "time": 0.3248250484466553
    }
  },
  "South,Africa": {
    "0": {
      "score": 7,
      "time": 1.2192494869232178
    }
  },
  "Canada": {
    "0": {
      "score": 8,
      "time": 1.2678840160369873
    }
  },
  "Spain": {
    "0": {
      "score": 7,
      "time": 1.0374407768249512
    }
  },
  "Argentina": {
    "0": {
      "score": 6,
      "time": 0.8572709560394287
    }
  },
  "Poland": {
    "0": {
      "score": 7,
      "time": 1.8986337184906006
    }
  }
}