{
  "England": {
    "0": {
      "score": 9,
      "time": 1.2041566371917725
    }
  },
  "Netherlands": {
    "0": {
      "score": 5,
      "time": 1.5968406200408936
    }
  },
  "Korea,Republic": {
    "0": {
      "score": 7,
      "time": 1.4391326904296875
    }
  },
  "Japan": {
    "0": {
      "score": 9,
      "time": 1.4333770275115967
    }
  },
  "Northern,Ireland": {
    "0": {
      "score": 8,
      "time": 1.6265926361083984
    }
  },
  "Wales": {
    "0": {
      "score": 7,
      "time": 1.667292833328247
    }
  },
  "Iceland": {
    "0": {
      "score": 5,
      "time": 1.6686999797821045
    }
  },
  "United,States": {
    "0": {
      "score": 5,
      "time": 1.6954023838043213
    }
  },
  "Finland": {
    "0": {
      "score": 5,
      "time": 1.7370436191558838
    }
  },
  "Turkey": {
    "0": {
      "score": 7,
      "time": 0.5823650360107422
    }
  },
  "Norway": {
    "0": {
      "score": 9,
      "time": 1.695166826248169
    }
  },
  "Senegal": {
    "0": {
      "score": 8,
      "time": 1.7070155143737793
    }
  },
  "Scotland": {
    "0": {
      "score": 9,
      "time": 1.7951412200927734
    }
  },
  "Republic,of,Ireland": {
    "0": {
      "score": 9,
      "time": 1.309025764465332
    }
  },
  "Germany": {
    "0": {
      "score": 11,
      "time": 1.82676362991333
    }
  },
  "Kosovo": {
    "0": {
      "score": 9,
      "time": 1.6648788452148438
    }
  },
  "Denmark": {
    "0": {
      "score": 6,
      "time": 1.153040885925293
    }
  },
  "Australia": {
    "0": {
      "score": 9,
      "time": 0.8458616733551025
    }
  },
  "Ghana": {
    "0": {
      "score": 4,
      "time": 1.1338891983032227
    }
  },
  "Brazil": {
    "0": {
      "score": 9,
      "time": 0.771796464920044
    }
  },
  "France": {
    "0": {
      "score": 8,
      "time": 1.341797113418579
    }
  },
  "Austria": {
    "0": {
      "score": 7,
      "time": 1.6308002471923828
    }
  },
  "Romania": {
    "0": {
      "score": 9,
      "time": 0.8575055599212646
    }
  },
  "Switzerland": {
    "0": {
      "score": 5,
      "time": 1.7670681476593018
    }
  },
  "Sweden": {
    "0": {
      "score": 8,
      "time": 1.379258155822754
    }
  },
  "Serbia": {
    "0": {
      "score": 9,
      "time": 1.7515499591827393
    }
  },
  "Mexico": {
    "0": {
      "score": 9,
      "time": 1.455674171447754
    }
  },
  "Italy": {
    "0": {
      "score": 7,
      "time": 1.0466883182525635
    }
  },
  "Nigeria": {
    "0": {
      "score": 5,
      "time": 1.9557394981384277
    }
  },
  "China,PR": {
    "0": {
      "score": 9,
      "time": 1.8079373836517334
    }
  },
  "Croatia": {
    "0": {
      "score": 7,
      "time": 0.7258048057556152
    }
  },
  "Saudi,Arabia": {
    "0": {
      "score": 7,
      "time": 1.7798945903778076
    }
  },
  "Chile": {
    "0": {
      "score": 5,
      "time": 1.7749569416046143
    }
  },
  "Belgium": {
    "0": {
      "score": 7,
      "time": 1.7215576171875
    }
  },
  "Colombia": {
    "0": {
      "score": 9,
      "time": 1.5819902420043945
    }
  },
  "South,Africa": {
    "0": {
      "score": 8,
      "time": 1.4461538791656494
    }
  },
  "Canada": {
    "0": {
      "score": 6,
      "time": 1.7358481884002686
    }
  },
  "Spain": {
    "0": {
      "score": 7,
      "time": 0.6156914234161377
    }
  },
  "Argentina": {
    "0": {
      "score": 7,
      "time": 1.9061999320983887
    }
  },
  "Poland": {
    "0": {
      "score": 9,
      "time": 1.7740123271942139
    }
  }
}