{
  "England": {
    "0": {
      "score": 7,
      "time": 1.8244645595550537
    }
  },
  "Netherlands": {
    "0": {
      "score": 5,
      "time": 1.7248225212097168
    }
  },
  "Korea,Republic": {
    "0": {
      "score": 9,
      "time": 1.6473543643951416
    }
  },
  "Japan": {
    "0": {
      "score": 9,
      "time": 1.8972396850585938
    }
  },
  "Northern,Ireland": {
    "0": {
      "score": 8,
      "time": 1.96828031539917
    }
  },
  "Wales": {
    "0": {
      "score": 7,
      "time": 1.8419017791748047
    }
  },
  "Iceland": {
    "0": {
      "score": 4,
      "time": 1.5859715938568115
    }
  },
  "United,States": {
    "0": {
      "score": 5,
      "time": 1.8706445693969727
    }
  },
  "Finland": {
    "0": {
      "score": 6,
      "time": 1.7948343753814697
    }
  },
  "Turkey": {
    "0": {
      "score": 5,
      "time": 1.373365879058838
    }
  },
  "Norway": {
    "0": {
      "score": 7,
      "time": 1.0575087070465088
    }
  },
  "Senegal": {
    "0": {
      "score": 8,
      "time": 1.6392121315002441
    }
  },
  "Scotland": {
    "0": {
      "score": 9,
      "time": 1.9867546558380127
    }
  },
  "Republic,of,Ireland": {
    "0": {
      "score": 7,
      "time": 1.8294074535369873
    }
  },
  "Germany": {
    "0": {
      "score": 7,
      "time": 1.7279398441314697
    }
  },
  "Kosovo": {
    "0": {
      "score": 9,
      "time": 1.877943992614746
    }
  },
  "Denmark": {
    "0": {
      "score": 5,
      "time": 1.775940179824829
    }
  },
  "Australia": {
    "0": {
      "score": 7,
      "time": 1.6980865001678467
    }
  },
  "Ghana": {
    "0": {
      "score": 6,
      "time": 1.598923683166504
    }
  },
  "Brazil": {
    "0": {
      "score": 8,
      "time": 1.7268342971801758
    }
  },
  "France": {
    "0": {
      "score": 6,
      "time": 1.6377050876617432
    }
  },
  "Austria": {
    "0": {
      "score": 7,
      "time": 1.8849449157714844
    }
  },
  "Romania": {
    "0": {
      "score": 9,
      "time": 1.861833095550537
    }
  },
  "Switzerland": {
    "0": {
      "score": 5,
      "time": 1.7016558647155762
    }
  },
  "Sweden": {
    "0": {
      "score": 7,
      "time": 1.8255424499511719
    }
  },
  "Serbia": {
    "0": {
      "score": 9,
      "time": 1.680302619934082
    }
  },
  "Mexico": {
    "0": {
      "score": 6,
      "time": 1.8380649089813232
    }
  },
  "Italy": {
    "0": {
      "score": 5,
      "time": 1.6470293998718262
    }
  },
  "Nigeria": {
    "0": {
      "score": 6,
      "time": 1.7290165424346924
    }
  },
  "China,PR": {
    "0": {
      "score": 7,
      "time": 0.8218424320220947
    }
  },
  "Croatia": {
    "0": {
      "score": 7,
      "time": 1.8115980625152588
    }
  },
  "Saudi,Arabia": {
    "0": {
      "score": 7,
      "time": 1.723905324935913
    }
  },
  "Chile": {
    "0": {
      "score": 5,
      "time": 1.794478178024292
    }
  },
  "Belgium": {
    "0": {
      "score": 11,
      "time": 1.3574228286743164
    }
  },
  "Colombia": {
    "0": {
      "score": 9,
      "time": 0.32343149185180664
    }
  },
  "South,Africa": {
    "0": {
      "score": 7,
      "time": 1.2481367588043213
    }
  },
  "Canada": {
    "0": {
      "score": 8,
      "time": 1.2078709602355957
    }
  },
  "Spain": {
    "0": {
      "score": 7,
      "time": 1.051344394683838
    }
  },
  "Argentina": {
    "0": {
      "score": 6,
      "time": 0.9359900951385498
    }
  },
  "Poland": {
    "0": {
      "score": 7,
      "time": 1.9389922618865967
    }
  }
}