{
  "England": {
    "0": {
      "score": 9,
      "time": 1.191838026046753
    }
  },
  "Netherlands": {
    "0": {
      "score": 5,
      "time": 0.8775436878204346
    }
  },
  "Korea,Republic": {
    "0": {
      "score": 7,
      "time": 0.7309622764587402
    }
  },
  "Japan": {
    "0": {
      "score": 9,
      "time": 1.032750129699707
    }
  },
  "Northern,Ireland": {
    "0": {
      "score": 8,
      "time": 1.9984500408172607
    }
  },
  "Wales": {
    "0": {
      "score": 7,
      "time": 1.8713874816894531
    }
  },
  "Iceland": {
    "0": {
      "score": 5,
      "time": 1.7586123943328857
    }
  },
  "United,States": {
    "0": {
      "score": 5,
      "time": 1.2558164596557617
    }
  },
  "Finland": {
    "0": {
      "score": 6,
      "time": 0.5261232852935791
    }
  },
  "Turkey": {
    "0": {
      "score": 7,
      "time": 1.8373804092407227
    }
  },
  "Norway": {
    "0": {
      "score": 9,
      "time": 0.7829883098602295
    }
  },
  "Senegal": {
    "0": {
      "score": 8,
      "time": 1.6841723918914795
    }
  },
  "Scotland": {
    "0": {
      "score": 9,
      "time": 1.00726318359375
    }
  },
  "Republic,of,Ireland": {
    "0": {
      "score": 7,
      "time": 1.1500277519226074
    }
  },
  "Germany": {
    "0": {
      "score": 11,
      "time": 1.5530884265899658
    }
  },
  "Kosovo": {
    "0": {
      "score": 9,
      "time": 1.730081558227539
    }
  },
  "Denmark": {
    "0": {
      "score": 5,
      "time": 1.7757117748260498
    }
  },
  "Australia": {
    "0": {
      "score": 9,
      "time": 1.851799488067627
    }
  },
  "Ghana": {
    "0": {
      "score": 4,
      "time": 1.518171787261963
    }
  },
  "Brazil": {
    "0": {
      "score": 7,
      "time": 1.8711059093475342
    }
  },
  "France": {
    "0": {
      "score": 8,
      "time": 1.766202688217163
    }
  },
  "Austria": {
    "0": {
      "score": 7,
      "time": 0.8372669219970703
    }
  },
  "Romania": {
    "0": {
      "score": 9,
      "time": 0.6709699630737305
    }
  },
  "Switzerland": {
    "0": {
      "score": 5,
      "time": 1.9821646213531494
    }
  },
  "Sweden": {
    "0": {
      "score": 7,
      "time": 0.5873994827270508
    }
  },
  "Serbia": {
    "0": {
      "score": 9,
      "time": 1.799316644668579
    }
  },
  "Mexico": {
    "0": {
      "score": 9,
      "time": 1.7883515357971191
    }
  },
  "Italy": {
    "0": {
      "score": 7,
      "time": 1.6604931354522705
    }
  },
  "Nigeria": {
    "0": {
      "score": 6,
      "time": 1.9700117111206055
    }
  },
  "China,PR": {
    "0": {
      "score": 9,
      "time": 1.8447751998901367
    }
  },
  "Croatia": {
    "0": {
      "score": 8,
      "time": 1.340256690979004
    }
  },
  "Saudi,Arabia": {
    "0": {
      "score": 7,
      "time": 1.7694408893585205
    }
  },
  "Chile": {
    "0": {
      "score": 5,
      "time": 1.7470829486846924
    }
  },
  "Belgium": {
    "0": {
      "score": 7,
      "time": 1.7543013095855713
    }
  },
  "Colombia": {
    "0": {
      "score": 9,
      "time": 1.9037277698516846
    }
  },
  "South,Africa": {
    "0": {
      "score": 9,
      "time": 1.7646028995513916
    }
  },
  "Canada": {
    "0": {
      "score": 6,
      "time": 1.6267378330230713
    }
  },
  "Spain": {
    "0": {
      "score": 7,
      "time": 1.8248798847198486
    }
  },
  "Argentina": {
    "0": {
      "score": 9,
      "time": 1.8249454498291016
    }
  },
  "Poland": {
    "0": {
      "score": 9,
      "time": 1.7232024669647217
    }
  }
}