{
  "England": {
    "0": {
      "score": 7,
      "time": 1.0888993740081787
    }
  },
  "Netherlands": {
    "0": {
      "score": 7,
      "time": 1.2252495288848877
    }
  },
  "Korea,Republic": {
    "0": {
      "score": 6,
      "time": 1.730175495147705
    }
  },
  "Japan": {
    "0": {
      "score": 5,
      "time": 1.4116902351379395
    }
  },
  "Northern,Ireland": {
    "0": {
      "score": 8,
      "time": 1.0863335132598877
    }
  },
  "Wales": {
    "0": {
      "score": 7,
      "time": 0.7203223705291748
    }
  },
  "Iceland": {
    "0": {
      "score": 5,
      "time": 1.015016794204712
    }
  },
  "United,States": {
    "0": {
      "score": 3,
      "time": 0.8158440589904785
    }
  },
  "Finland": {
    "0": {
      "score": 7,
      "time": 1.5237581729888916
    }
  },
  "Turkey": {
    "0": {
      "score": 7,
      "time": 1.0647485256195068
    }
  },
  "Norway": {
    "0": {
      "score": 5,
      "time": 1.387665033340454
    }
  },
  "Senegal": {
    "0": {
      "score": 8,
      "time": 1.152942419052124
    }
  },
  "Scotland": {
    "0": {
      "score": 7,
      "time": 1.329435110092163
    }
  },
  "Republic,of,Ireland": {
    "0": {
      "score": 9,
      "time": 0.6790792942047119
    }
  },
  "Germany": {
    "0": {
      "score": 11,
      "time": 1.4498341083526611
    }
  },
  "Kosovo": {
    "0": {
      "score": 9,
      "time": 0.32557201385498047
    }
  },
  "Denmark": {
    "0": {
      "score": 6,
      "time": 1.3360028266906738
    }
  },
  "Australia": {
    "0": {
      "score": 7,
      "time": 1.4169378280639648
    }
  },
  "Ghana": {
    "0": {
      "score": 4,
      "time": 0.5516736507415771
    }
  },
  "Brazil": {
    "0": {
      "score": 9,
      "time": 0.9286880493164062
    }
  },
  "France": {
    "0": {
      "score": 6,
      "time": 1.2472820281982422
    }
  },
  "Austria": {
    "0": {
      "score": 7,
      "time": 1.176250696182251
    }
  },
  "Romania": {
    "0": {
      "score": 9,
      "time": 0.2831151485443115
    }
  },
  "Switzerland": {
    "0": {
      "score": 5,
      "time": 1.7678933143615723
    }
  },
  "Sweden": {
    "0": {
      "score": 8,
      "time": 0.36508727073669434
    }
  },
  "Serbia": {
    "0": {
      "score": 9,
      "time": 2.024808645248413
    }
  },
  "Mexico": {
    "0": {
      "score": 9,
      "time": 0.9116814136505127
    }
  },
  "Italy": {
    "0": {
      "score": 5,
      "time": 1.6694364547729492
    }
  },
  "Nigeria": {
    "0": {
      "score": 7,
      "time": 1.408402919769287
    }
  },
  "China,PR": {
    "0": {
      "score": 9,
      "time": 1.542898416519165
    }
  },
  "Croatia": {
    "0": {
      "score": 7,
      "time": 0.3805875778198242
    }
  },
  "Saudi,Arabia": {
    "0": {
      "score": 7,
      "time": 1.2589240074157715
    }
  },
  "Chile": {
    "0": {
      "score": 6,
      "time": 1.2276949882507324
    }
  },
  "Belgium": {
    "0": {
      "score": 7,
      "time": 1.7816836833953857
    }
  },
  "Colombia": {
    "0": {
      "score": 9,
      "time": 0.7731788158416748
    }
  },
  "South,Africa": {
    "0": {
      "score": 9,
      "time": 1.470224380493164
    }
  },
  "Canada": {
    "0": {
      "score": 9,
      "time": 1.583850622177124
    }
  },
  "Spain": {
    "0": {
      "score": 7,
      "time": 1.7016997337341309
    }
  },
  "Argentina": {
    "0": {
      "score": 7,
      "time": 1.4447083473205566
    }
  },
  "Poland": {
    "0": {
      "score": 9,
      "time": 1.5775063037872314
    }
  }
}