{
  "England": {
    "0": {
      "score": 7,
      "time": 1.981964349746704
    }
  },
  "Netherlands": {
    "0": {
      "score": 5,
      "time": 1.8158488273620605
    }
  },
  "Korea,Republic": {
    "0": {
      "score": 9,
      "time": 1.7031660079956055
    }
  },
  "Japan": {
    "0": {
      "score": 9,
      "time": 1.7933759689331055
    }
  },
  "Northern,Ireland": {
    "0": {
      "score": 8,
      "time": 1.8558731079101562
    }
  },
  "Wales": {
    "0": {
      "score": 7,
      "time": 1.7465479373931885
    }
  },
  "Iceland": {
    "0": {
      "score": 5,
      "time": 1.2208936214447021
    }
  },
  "United,States": {
    "0": {
      "score": 9,
      "time": 1.748857021331787
    }
  },
  "Finland": {
    "0": {
      "score": 5,
      "time": 1.7615859508514404
    }
  },
  "Turkey": {
    "0": {
      "score": 5,
      "time": 0.943880558013916
    }
  },
  "Norway": {
    "0": {
      "score": 9,
      "time": 2.1973090171813965
    }
  },
  "Senegal": {
    "0": {
      "score": 8,
      "time": 1.8335142135620117
    }
  },
  "Scotland": {
    "0": {
      "score": 9,
      "time": 1.7415826320648193
    }
  },
  "Republic,of,Ireland": {
    "0": {
      "score": 7,
      "time": 1.9079759120941162
    }
  },
  "Germany": {
    "0": {
      "score": 7,
      "time": 1.7329792976379395
    }
  },
  "Kosovo": {
    "0": {
      "score": 6,
      "time": 1.642683506011963
    }
  },
  "Denmark": {
    "0": {
      "score": 5,
      "time": 1.7641992568969727
    }
  },
  "Australia": {
    "0": {
      "score": 9,
      "time": 1.6852869987487793
    }
  },
  "Ghana": {
    "0": {
      "score": 7,
      "time": 0.9552352428436279
    }
  },
  "Brazil": {
    "0": {
      "score": 8,
      "time": 1.758324146270752
    }
  },
  "France": {
    "0": {
      "score": 6,
      "time": 1.6826512813568115
    }
  },
  "Austria": {
    "0": {
      "score": 7,
      "time": 1.707615852355957
    }
  },
  "Romania": {
    "0": {
      "score": 9,
      "time": 1.527266025543213
    }
  },
  "Switzerland": {
    "0": {
      "score": 5,
      "time": 1.7932922840118408
    }
  },
  "Sweden": {
    "0": {
      "score": 7,
      "time": 1.8956804275512695
    }
  },
  "Serbia": {
    "0": {
      "score": 9,
      "time": 1.8553030490875244
    }
  },
  "Mexico": {
    "0": {
      "score": 6,
      "time": 1.7526302337646484
    }
  },
  "Italy": {
    "0": {
      "score": 7,
      "time": 1.7664220333099365
    }
  },
  "Nigeria": {
    "0": {
      "score": 6,
      "time": 1.8939290046691895
    }
  },
  "China,PR": {
    "0": {
      "score": 6,
      "time": 1.445446252822876
    }
  },
  "Croatia": {
    "0": {
      "score": 7,
      "time": 1.5877554416656494
    }
  },
  "Saudi,Arabia": {
    "0": {
      "score": 6,
      "time": 1.5712502002716064
    }
  },
  "Chile": {
    "0": {
      "score": 5,
      "time": 1.680861234664917
    }
  },
  "Belgium": {
    "0": {
      "score": 11,
      "time": 1.846238374710083
    }
  },
  "Colombia": {
    "0": {
      "score": 7,
      "time": 1.752962589263916
    }
  },
  "South,Africa": {
    "0": {
      "score": 5,
      "time": 0.8952879905700684
    }
  },
  "Canada": {
    "0": {
      "score": 6,
      "time": 1.880965232849121
    }
  },
  "Spain": {
    "0": {
      "score": 7,
      "time": 1.5821361541748047
    }
  },
  "Argentina": {
    "0": {
      "score": 7,
      "time": 1.7146236896514893
    }
  },
  "Poland": {
    "0": {
      "score": 7,
      "time": 1.3838472366333008
    }
  }
}