{
  "England": {
    "0": {
      "score": 7,
      "time": 1.819615125656128
    }
  },
  "Netherlands": {
    "0": {
      "score": 5,
      "time": 0.749413013458252
    }
  },
  "Korea,Republic": {
    "0": {
      "score": 7,
      "time": 1.3939363956451416
    }
  },
  "Japan": {
    "0": {
      "score": 7,
      "time": 1.4448325634002686
    }
  },
  "Northern,Ireland": {
    "0": {
      "score": 8,
      "time": 1.1714856624603271
    }
  },
  "Wales": {
    "0": {
      "score": 7,
      "time": 1.550438404083252
    }
  },
  "Iceland": {
    "0": {
      "score": 5,
      "time": 1.4354681968688965
    }
  },
  "United,States": {
    "0": {
      "score": 3,
      "time": 1.8189244270324707
    }
  },
  "Finland": {
    "0": {
      "score": 7,
      "time": 1.5104827880859375
    }
  },
  "Turkey": {
    "0": {
      "score": 7,
      "time": 0.5890746116638184
    }
  },
  "Norway": {
    "0": {
      "score": 9,
      "time": 1.413741111755371
    }
  },
  "Senegal": {
    "0": {
      "score": 8,
      "time": 1.3183643817901611
    }
  },
  "Scotland": {
    "0": {
      "score": 7,
      "time": 1.450120449066162
    }
  },
  "Republic,of,Ireland": {
    "0": {
      "score": 9,
      "time": 1.039992332458496
    }
  },
  "Germany": {
    "0": {
      "score": 11,
      "time": 1.818253755569458
    }
  },
  "Kosovo": {
    "0": {
      "score": 9,
      "time": 1.7016150951385498
    }
  },
  "Denmark": {
    "0": {
      "score": 7,
      "time": 1.9575941562652588
    }
  },
  "Australia": {
    "0": {
      "score": 9,
      "time": 1.0495350360870361
    }
  },
  "Ghana": {
    "0": {
      "score": 4,
      "time": 1.2202894687652588
    }
  },
  "Brazil": {
    "0": {
      "score": 9,
      "time": 0.6132714748382568
    }
  },
  "France": {
    "0": {
      "score": 8,
      "time": 1.2066066265106201
    }
  },
  "Austria": {
    "0": {
      "score": 7,
      "time": 0.4853832721710205
    }
  },
  "Romania": {
    "0": {
      "score": 9,
      "time": 0.46144866943359375
    }
  },
  "Switzerland": {
    "0": {
      "score": 5,
      "time": 1.9158198833465576
    }
  },
  "Sweden": {
    "0": {
      "score": 7,
      "time": 0.9007158279418945
    }
  },
  "Serbia": {
    "0": {
      "score": 9,
      "time": 1.7507073879241943
    }
  },
  "Mexico": {
    "0": {
      "score": 9,
      "time": 1.8025782108306885
    }
  },
  "Italy": {
    "0": {
      "score": 5,
      "time": 0.6180074214935303
    }
  },
  "Nigeria": {
    "0": {
      "score": 7,
      "time": 1.801732063293457
    }
  },
  "China,PR": {
    "0": {
      "score": 9,
      "time": 0.9057614803314209
    }
  },
  "Croatia": {
    "0": {
      "score": 7,
      "time": 0.4557797908782959
    }
  },
  "Saudi,Arabia": {
    "0": {
      "score": 7,
      "time": 1.1808393001556396
    }
  },
  "Chile": {
    "0": {
      "score": 5,
      "time": 1.839742660522461
    }
  },
  "Belgium": {
    "0": {
      "score": 7,
      "time": 1.2975258827209473
    }
  },
  "Colombia": {
    "0": {
      "score": 9,
      "time": 1.2386343479156494
    }
  },
  "South,Africa": {
    "0": {
      "score": 8,
      "time": 1.3618228435516357
    }
  },
  "Canada": {
    "0": {
      "score": 8,
      "time": 0.9669740200042725
    }
  },
  "Spain": {
    "0": {
      "score": 7,
      "time": 1.7949411869049072
    }
  },
  "Argentina": {
    "0": {
      "score": 7,
      "time": 1.0358350276947021
    }
  },
  "Poland": {
    "0": {
      "score": 9,
      "time": 1.6645803451538086
    }
  }
}