{
  "England": {
    "0": {
      "score": 7,
      "time": 1.030566930770874
    }
  },
  "Netherlands": {
    "0": {
      "score": 7,
      "time": 0.4149317741394043
    }
  },
  "Korea,Republic": {
    "0": {
      "score": 6,
      "time": 0.8653712272644043
    }
  },
  "Japan": {
    "0": {
      "score": 9,
      "time": 1.1626079082489014
    }
  },
  "Northern,Ireland": {
    "0": {
      "score": 6,
      "time": 0.7766642570495605
    }
  },
  "Wales": {
    "0": {
      "score": 7,
      "time": 1.4137070178985596
    }
  },
  "Iceland": {
    "0": {
      "score": 5,
      "time": 1.6324169635772705
    }
  },
  "United,States": {
    "0": {
      "score": 3,
      "time": 1.6652648448944092
    }
  },
  "Finland": {
    "0": {
      "score": 7,
      "time": 0.5155365467071533
    }
  },
  "Turkey": {
    "0": {
      "score": 7,
      "time": 1.182119369506836
    }
  },
  "Norway": {
    "0": {
      "score": 7,
      "time": 1.218973159790039
    }
  },
  "Senegal": {
    "0": {
      "score": 8,
      "time": 0.46903514862060547
    }
  },
  "Scotland": {
    "0": {
      "score": 7,
      "time": 1.2629897594451904
    }
  },
  "Republic,of,Ireland": {
    "0": {
      "score": 9,
      "time": 0.869929313659668
    }
  },
  "Germany": {
    "0": {
      "score": 11,
      "time": 1.4879984855651855
    }
  },
  "Kosovo": {
    "0": {
      "score": 9,
      "time": 0.6187891960144043
    }
  },
  "Denmark": {
    "0": {
      "score": 6,
      "time": 1.4498038291931152
    }
  },
  "Australia": {
    "0": {
      "score": 7,
      "time": 1.837120532989502
    }
  },
  "Ghana": {
    "0": {
      "score": 4,
      "time": 0.6967082023620605
    }
  },
  "Brazil": {
    "0": {
      "score": 9,
      "time": 1.2429895401000977
    }
  },
  "France": {
    "0": {
      "score": 6,
      "time": 1.7760167121887207
    }
  },
  "Austria": {
    "0": {
      "score": 7,
      "time": 1.5416250228881836
    }
  },
  "Romania": {
    "0": {
      "score": 9,
      "time": 0.4513528347015381
    }
  },
  "Switzerland": {
    "0": {
      "score": 5,
      "time": 1.856994390487671
    }
  },
  "Sweden": {
    "0": {
      "score": 8,
      "time": 0.4916539192199707
    }
  },
  "Serbia": {
    "0": {
      "score": 9,
      "time": 1.19801664352417
    }
  },
  "Mexico": {
    "0": {
      "score": 9,
      "time": 0.6402125358581543
    }
  },
  "Italy": {
    "0": {
      "score": 7,
      "time": 1.8229947090148926
    }
  },
  "Nigeria": {
    "0": {
      "score": 7,
      "time": 1.6709363460540771
    }
  },
  "China,PR": {
    "0": {
      "score": 9,
      "time": 1.3144950866699219
    }
  },
  "Croatia": {
    "0": {
      "score": 7,
      "time": 0.622814416885376
    }
  },
  "Saudi,Arabia": {
    "0": {
      "score": 7,
      "time": 1.1289739608764648
    }
  },
  "Chile": {
    "0": {
      "score": 6,
      "time": 1.3374285697937012
    }
  },
  "Belgium": {
    "0": {
      "score": 9,
      "time": 0.9458682537078857
    }
  },
  "Colombia": {
    "0": {
      "score": 9,
      "time": 0.9963235855102539
    }
  },
  "South,Africa": {
    "0": {
      "score": 9,
      "time": 1.7784698009490967
    }
  },
  "Canada": {
    "0": {
      "score": 6,
      "time": 1.3932881355285645
    }
  },
  "Spain": {
    "0": {
      "score": 7,
      "time": 0.9401140213012695
    }
  },
  "Argentina": {
    "0": {
      "score": 7,
      "time": 1.6151518821716309
    }
  },
  "Poland": {
    "0": {
      "score": 9,
      "time": 1.4872379302978516
    }
  }
}