{
  "England": {
    "0": {
      "score": 9,
      "time": 1.0572590827941895
    }
  },
  "Netherlands": {
    "0": {
      "score": 8,
      "time": 0.4698052406311035
    }
  },
  "Korea,Republic": {
    "0": {
      "score": 5,
      "time": 1.1871521472930908
    }
  },
  "Japan": {
    "0": {
      "score": 7,
      "time": 0.8246259689331055
    }
  },
  "Northern,Ireland": {
    "0": {
      "score": 8,
      "time": 0.4985928535461426
    }
  },
  "Wales": {
    "0": {
      "score": 7,
      "time": 0.764336109161377
    }
  },
  "Iceland": {
    "0": {
      "score": 7,
      "time": 1.6611449718475342
    }
  },
  "United,States": {
    "0": {
      "score": 5,
      "time": 0.8476972579956055
    }
  },
  "Finland": {
    "0": {
      "score": 7,
      "time": 0.6534204483032227
    }
  },
  "Turkey": {
    "0": {
      "score": 7,
      "time": 1.0239534378051758
    }
  },
  "Norway": {
    "0": {
      "score": 6,
      "time": 1.1760194301605225
    }
  },
  "Senegal": {
    "0": {
      "score": 8,
      "time": 0.8525328636169434
    }
  },
  "Scotland": {
    "0": {
      "score": 7,
      "time": 0.505319356918335
    }
  },
  "Republic,of,Ireland": {
    "0": {
      "score": 9,
      "time": 0.27371644973754883
    }
  },
  "Germany": {
    "0": {
      "score": 7,
      "time": 0.7896199226379395
    }
  },
  "Kosovo": {
    "0": {
      "score": 9,
      "time": 0.17314887046813965
    }
  },
  "Denmark": {
    "0": {
      "score": 6,
      "time": 1.0414056777954102
    }
  },
  "Australia": {
    "0": {
      "score": 9,
      "time": 0.6601531505584717
    }
  },
  "Ghana": {
    "0": {
      "score": 4,
      "time": 0.2992222309112549
    }
  },
  "Brazil": {
    "0": {
      "score": 9,
      "time": 0.7331569194793701
    }
  },
  "France": {
    "0": {
      "score": 7,
      "time": 0.9523699283599854
    }
  },
  "Austria": {
    "0": {
      "score": 6,
      "time": 0.5111618041992188
    }
  },
  "Romania": {
    "0": {
      "score": 9,
      "time": 0.16571927070617676
    }
  },
  "Switzerland": {
    "0": {
      "score": 5,
      "time": 1.7885186672210693
    }
  },
  "Sweden": {
    "0": {
      "score": 8,
      "time": 0.29736852645874023
    }
  },
  "Serbia": {
    "0": {
      "score": 9,
      "time": 0.34334540367126465
    }
  },
  "Mexico": {
    "0": {
      "score": 6,
      "time": 0.40474867820739746
    }
  },
  "Italy": {
    "0": {
      "score": 7,
      "time": 0.5698366165161133
    }
  },
  "Nigeria": {
    "0": {
      "score": 9,
      "time": 0.49073076248168945
    }
  },
  "China,PR": {
    "0": {
      "score": 9,
      "time": 1.024613380432129
    }
  },
  "Croatia": {
    "0": {
      "score": 7,
      "time": 0.16412019729614258
    }
  },
  "Saudi,Arabia": {
    "0": {
      "score": 5,
      "time": 0.6165635585784912
    }
  },
  "Chile": {
    "0": {
      "score": 8,
      "time": 0.9098789691925049
    }
  },
  "Belgium": {
    "0": {
      "score": 7,
      "time": 1.3858730792999268
    }
  },
  "Colombia": {
    "0": {
      "score": 9,
      "time": 0.6684708595275879
    }
  },
  "South,Africa": {
    "0": {
      "score": 8,
      "time": 1.1881861686706543
    }
  },
  "Canada": {
    "0": {
      "score": 9,
      "time": 0.9447739124298096
    }
  },
  "Spain": {
    "0": {
      "score": 7,
      "time": 1.0655529499053955
    }
  },
  "Argentina": {
    "0": {
      "score": 7,
      "time": 0.980482816696167
    }
  },
  "Poland": {
    "0": {
      "score": 7,
      "time": 0.3625614643096924
    }
  }
}