{
  "England": {
    "0": {
      "score": 5,
      "time": 0.9321422576904297
    }
  },
  "Netherlands": {
    "0": {
      "score": 7,
      "time": 0.5872769355773926
    }
  },
  "Korea,Republic": {
    "0": {
      "score": 5,
      "time": 0.20311665534973145
    }
  },
  "Japan": {
    "0": {
      "score": 7,
      "time": 0.7811472415924072
    }
  },
  "Northern,Ireland": {
    "0": {
      "score": 9,
      "time": 0.4501006603240967
    }
  },
  "Wales": {
    "0": {
      "score": 7,
      "time": 0.504765510559082
    }
  },
  "Iceland": {
    "0": {
      "score": 6,
      "time": 1.508744239807129
    }
  },
  "United,States": {
    "0": {
      "score": 7,
      "time": 0.8172438144683838
    }
  },
  "Finland": {
    "0": {
      "score": 7,
      "time": 0.7945787906646729
    }
  },
  "Turkey": {
    "0": {
      "score": 8,
      "time": 0.36107492446899414
    }
  },
  "Norway": {
    "0": {
      "score": 5,
      "time": 0.6638951301574707
    }
  },
  "Senegal": {
    "0": {
      "score": 8,
      "time": 0.5511095523834229
    }
  },
  "Scotland": {
    "0": {
      "score": 7,
      "time": 0.7056148052215576
    }
  },
  "Republic,of,Ireland": {
    "0": {
      "score": 9,
      "time": 0.5443451404571533
    }
  },
  "Germany": {
    "0": {
      "score": 5,
      "time": 0.5432517528533936
    }
  },
  "Kosovo": {
    "0": {
      "score": 5,
      "time": 0.569232702255249
    }
  },
  "Denmark": {
    "0": {
      "score": 6,
      "time": 0.4519636631011963
    }
  },
  "Australia": {
    "0": {
      "score": 9,
      "time": 1.0103473663330078
    }
  },
  "Ghana": {
    "0": {
      "score": 4,
      "time": 0.4444868564605713
    }
  },
  "Brazil": {
    "0": {
      "score": 7,
      "time": 0.4196810722351074
    }
  },
  "France": {
    "0": {
      "score": 7,
      "time": 0.4663505554199219
    }
  },
  "Austria": {
    "0": {
      "score": 6,
      "time": 0.7695927619934082
    }
  },
  "Romania": {
    "0": {
      "score": 9,
      "time": 0.17187047004699707
    }
  },
  "Switzerland": {
    "0": {
      "score": 5,
      "time": 1.0884742736816406
    }
  },
  "Sweden": {
    "0": {
      "score": 8,
      "time": 0.29506826400756836
    }
  },
  "Serbia": {
    "0": {
      "score": 9,
      "time": 0.4624967575073242
    }
  },
  "Mexico": {
    "0": {
      "score": 4,
      "time": 0.32160043716430664
    }
  },
  "Italy": {
    "0": {
      "score": 5,
      "time": 0.9575250148773193
    }
  },
  "Nigeria": {
    "0": {
      "score": 9,
      "time": 0.5401933193206787
    }
  },
  "China,PR": {
    "0": {
      "score": 9,
      "time": 0.9288113117218018
    }
  },
  "Croatia": {
    "0": {
      "score": 7,
      "time": 0.17265892028808594
    }
  },
  "Saudi,Arabia": {
    "0": {
      "score": 5,
      "time": 1.126981258392334
    }
  },
  "Chile": {
    "0": {
      "score": 8,
      "time": 0.7440943717956543
    }
  },
  "Belgium": {
    "0": {
      "score": 4,
      "time": 0.6274845600128174
    }
  },
  "Colombia": {
    "0": {
      "score": 7,
      "time": 0.9085726737976074
    }
  },
  "South,Africa": {
    "0": {
      "score": 9,
      "time": 0.22067475318908691
    }
  },
  "Canada": {
    "0": {
      "score": 7,
      "time": 0.6282980442047119
    }
  },
  "Spain": {
    "0": {
      "score": 7,
      "time": 1.1641626358032227
    }
  },
  "Argentina": {
    "0": {
      "score": 7,
      "time": 0.47243285179138184
    }
  },
  "Poland": {
    "0": {
      "score": 9,
      "time": 0.38736748695373535
    }
  }
}