{
  "England": {
    "0": {
      "score": 7,
      "time": 1.3956067562103271
    }
  },
  "Netherlands": {
    "0": {
      "score": 5,
      "time": 1.5895931720733643
    }
  },
  "Korea,Republic": {
    "0": {
      "score": 6,
      "time": 2.0259549617767334
    }
  },
  "Japan": {
    "0": {
      "score": 9,
      "time": 1.6162285804748535
    }
  },
  "Northern,Ireland": {
    "0": {
      "score": 6,
      "time": 0.9157211780548096
    }
  },
  "Wales": {
    "0": {
      "score": 7,
      "time": 1.4535365104675293
    }
  },
  "Iceland": {
    "0": {
      "score": 5,
      "time": 1.7668054103851318
    }
  },
  "United,States": {
    "0": {
      "score": 3,
      "time": 1.6952519416809082
    }
  },
  "Finland": {
    "0": {
      "score": 7,
      "time": 0.8982982635498047
    }
  },
  "Turkey": {
    "0": {
      "score": 7,
      "time": 1.709043264389038
    }
  },
  "Norway": {
    "0": {
      "score": 5,
      "time": 2.0284504890441895
    }
  },
  "Senegal": {
    "0": {
      "score": 8,
      "time": 1.1968259811401367
    }
  },
  "Scotland": {
    "0": {
      "score": 7,
      "time": 1.4775664806365967
    }
  },
  "Republic,of,Ireland": {
    "0": {
      "score": 9,
      "time": 1.1660208702087402
    }
  },
  "Germany": {
    "0": {
      "score": 11,
      "time": 1.6374282836914062
    }
  },
  "Kosovo": {
    "0": {
      "score": 9,
      "time": 1.4443044662475586
    }
  },
  "Denmark": {
    "0": {
      "score": 6,
      "time": 1.7095260620117188
    }
  },
  "Australia": {
    "0": {
      "score": 7,
      "time": 1.6814637184143066
    }
  },
  "Ghana": {
    "0": {
      "score": 4,
      "time": 0.5608341693878174
    }
  },
  "Brazil": {
    "0": {
      "score": 9,
      "time": 1.7369821071624756
    }
  },
  "France": {
    "0": {
      "score": 6,
      "time": 0.7933294773101807
    }
  },
  "Austria": {
    "0": {
      "score": 7,
      "time": 1.4946415424346924
    }
  },
  "Romania": {
    "0": {
      "score": 7,
      "time": 0.5048248767852783
    }
  },
  "Switzerland": {
    "0": {
      "score": 5,
      "time": 1.7974822521209717
    }
  },
  "Sweden": {
    "0": {
      "score": 8,
      "time": 0.8029963970184326
    }
  },
  "Serbia": {
    "0": {
      "score": 9,
      "time": 0.7023282051086426
    }
  },
  "Mexico": {
    "0": {
      "score": 9,
      "time": 1.3125240802764893
    }
  },
  "Italy": {
    "0": {
      "score": 7,
      "time": 1.1275432109832764
    }
  },
  "Nigeria": {
    "0": {
      "score": 6,
      "time": 1.2672009468078613
    }
  },
  "China,PR": {
    "0": {
      "score": 9,
      "time": 1.392613410949707
    }
  },
  "Croatia": {
    "0": {
      "score": 7,
      "time": 0.7716968059539795
    }
  },
  "Saudi,Arabia": {
    "0": {
      "score": 7,
      "time": 0.16190671920776367
    }
  },
  "Chile": {
    "0": {
      "score": 6,
      "time": 1.2055609226226807
    }
  },
  "Belgium": {
    "0": {
      "score": 9,
      "time": 1.8685874938964844
    }
  },
  "Colombia": {
    "0": {
      "score": 9,
      "time": 1.0357334613800049
    }
  },
  "South,Africa": {
    "0": {
      "score": 8,
      "time": 1.820732593536377
    }
  },
  "Canada": {
    "0": {
      "score": 6,
      "time": 1.0597646236419678
    }
  },
  "Spain": {
    "0": {
      "score": 7,
      "time": 1.1708135604858398
    }
  },
  "Argentina": {
    "0": {
      "score": 7,
      "time": 0.6023862361907959
    }
  },
  "Poland": {
    "0": {
      "score": 7,
      "time": 1.4061872959136963
    }
  }
}