{
  "England": {
    "0": {
      "score": 7,
      "time": 1.4621350765228271
    }
  },
  "Netherlands": {
    "0": {
      "score": 5,
      "time": 1.9189231395721436
    }
  },
  "Korea,Republic": {
    "0": {
      "score": 9,
      "time": 1.8755779266357422
    }
  },
  "Japan": {
    "0": {
      "score": 9,
      "time": 1.7085041999816895
    }
  },
  "Northern,Ireland": {
    "0": {
      "score": 8,
      "time": 1.1769306659698486
    }
  },
  "Wales": {
    "0": {
      "score": 7,
      "time": 2.035576581954956
    }
  },
  "Iceland": {
    "0": {
      "score": 5,
      "time": 1.8032329082489014
    }
  },
  "United,States": {
    "0": {
      "score": 9,
      "time": 1.6720695495605469
    }
  },
  "Finland": {
    "0": {
      "score": 5,
      "time": 1.7780113220214844
    }
  },
  "Turkey": {
    "0": {
      "score": 5,
      "time": 1.8692042827606201
    }
  },
  "Norway": {
    "0": {
      "score": 9,
      "time": 1.8377432823181152
    }
  },
  "Senegal": {
    "0": {
      "score": 8,
      "time": 1.8614404201507568
    }
  },
  "Scotland": {
    "0": {
      "score": 9,
      "time": 1.8279118537902832
    }
  },
  "Republic,of,Ireland": {
    "0": {
      "score": 7,
      "time": 1.6592235565185547
    }
  },
  "Germany": {
    "0": {
      "score": 7,
      "time": 0.6081907749176025
    }
  },
  "Kosovo": {
    "0": {
      "score": 6,
      "time": 0.9641506671905518
    }
  },
  "Denmark": {
    "0": {
      "score": 5,
      "time": 1.7048516273498535
    }
  },
  "Australia": {
    "0": {
      "score": 9,
      "time": 1.8641810417175293
    }
  },
  "Ghana": {
    "0": {
      "score": 6,
      "time": 1.527385950088501
    }
  },
  "Brazil": {
    "0": {
      "score": 7,
      "time": 1.6315762996673584
    }
  },
  "France": {
    "0": {
      "score": 6,
      "time": 1.90507173538208
    }
  },
  "Austria": {
    "0": {
      "score": 7,
      "time": 1.8203980922698975
    }
  },
  "Romania": {
    "0": {
      "score": 9,
      "time": 1.66379714012146
    }
  },
  "Switzerland": {
    "0": {
      "score": 5,
      "time": 1.8432414531707764
    }
  },
  "Sweden": {
    "0": {
      "score": 7,
      "time": 1.516655683517456
    }
  },
  "Serbia": {
    "0": {
      "score": 9,
      "time": 1.7850010395050049
    }
  },
  "Mexico": {
    "0": {
      "score": 9,
      "time": 2.0234432220458984
    }
  },
  "Italy": {
    "0": {
      "score": 6,
      "time": 1.826850414276123
    }
  },
  "Nigeria": {
    "0": {
      "score": 6,
      "time": 1.6343135833740234
    }
  },
  "China,PR": {
    "0": {
      "score": 7,
      "time": 1.1556389331817627
    }
  },
  "Croatia": {
    "0": {
      "score": 7,
      "time": 1.4539339542388916
    }
  },
  "Saudi,Arabia": {
    "0": {
      "score": 6,
      "time": 1.6493420600891113
    }
  },
  "Chile": {
    "0": {
      "score": 5,
      "time": 0.9631259441375732
    }
  },
  "Belgium": {
    "0": {
      "score": 7,
      "time": 1.8667981624603271
    }
  },
  "Colombia": {
    "0": {
      "score": 7,
      "time": 1.6112525463104248
    }
  },
  "South,Africa": {
    "0": {
      "score": 5,
      "time": 1.2730567455291748
    }
  },
  "Canada": {
    "0": {
      "score": 6,
      "time": 1.8933444023132324
    }
  },
  "Spain": {
    "0": {
      "score": 7,
      "time": 1.8656871318817139
    }
  },
  "Argentina": {
    "0": {
      "score": 9,
      "time": 1.8464016914367676
    }
  },
  "Poland": {
    "0": {
      "score": 7,
      "time": 1.6834652423858643
    }
  }
}