{
  "England": {
    "0": {
      "score": 5,
      "time": 0.4699437618255615
    }
  },
  "Netherlands": {
    "0": {
      "score": 9,
      "time": 0.4015038013458252
    }
  },
  "Korea,Republic": {
    "0": {
      "score": 8,
      "time": 0.509530782699585
    }
  },
  "Japan": {
    "0": {
      "score": 7,
      "time": 0.19270586967468262
    }
  },
  "Northern,Ireland": {
    "0": {
      "score": 9,
      "time": 0.33056092262268066
    }
  },
  "Wales": {
    "0": {
      "score": 7,
      "time": 0.356644868850708
    }
  },
  "Iceland": {
    "0": {
      "score": 4,
      "time": 0.5506289005279541
    }
  },
  "United,States": {
    "0": {
      "score": 7,
      "time": 0.22995567321777344
    }
  },
  "Finland": {
    "0": {
      "score": 7,
      "time": 0.3060166835784912
    }
  },
  "Turkey": {
    "0": {
      "score": 7,
      "time": 0.6572701930999756
    }
  },
  "Norway": {
    "0": {
      "score": 7,
      "time": 0.40771985054016113
    }
  },
  "Senegal": {
    "0": {
      "score": 9,
      "time": 0.29030585289001465
    }
  },
  "Scotland": {
    "0": {
      "score": 7,
      "time": 0.22062349319458008
    }
  },
  "Republic,of,Ireland": {
    "0": {
      "score": 9,
      "time": 0.21327972412109375
    }
  },
  "Germany": {
    "0": {
      "score": 5,
      "time": 0.44222044944763184
    }
  },
  "Kosovo": {
    "0": {
      "score": 9,
      "time": 0.3238332271575928
    }
  },
  "Denmark": {
    "0": {
      "score": 5,
      "time": 0.2563204765319824
    }
  },
  "Australia": {
    "0": {
      "score": 5,
      "time": 0.8289480209350586
    }
  },
  "Ghana": {
    "0": {
      "score": 4,
      "time": 0.3977482318878174
    }
  },
  "Brazil": {
    "0": {
      "score": 7,
      "time": 0.14981579780578613
    }
  },
  "France": {
    "0": {
      "score": 6,
      "time": 0.44413089752197266
    }
  },
  "Austria": {
    "0": {
      "score": 6,
      "time": 0.331831693649292
    }
  },
  "Romania": {
    "0": {
      "score": 9,
      "time": 0.0659933090209961
    }
  },
  "Switzerland": {
    "0": {
      "score": 5,
      "time": 0.25037598609924316
    }
  },
  "Sweden": {
    "0": {
      "score": 9,
      "time": 0.07425379753112793
    }
  },
  "Serbia": {
    "0": {
      "score": 9,
      "time": 0.36203432083129883
    }
  },
  "Mexico": {
    "0": {
      "score": 4,
      "time": 0.5396993160247803
    }
  },
  "Italy": {
    "0": {
      "score": 7,
      "time": 0.8174185752868652
    }
  },
  "Nigeria": {
    "0": {
      "score": 7,
      "time": 0.32306337356567383
    }
  },
  "China,PR": {
    "0": {
      "score": 9,
      "time": 0.6283113956451416
    }
  },
  "Croatia": {
    "0": {
      "score": 7,
      "time": 0.08650660514831543
    }
  },
  "Saudi,Arabia": {
    "0": {
      "score": 6,
      "time": 0.5752108097076416
    }
  },
  "Chile": {
    "0": {
      "score": 6,
      "time": 0.28495144844055176
    }
  },
  "Belgium": {
    "0": {
      "score": 5,
      "time": 0.2698345184326172
    }
  },
  "Colombia": {
    "0": {
      "score": 9,
      "time": 0.21994972229003906
    }
  },
  "South,Africa": {
    "0": {
      "score": 6,
      "time": 0.3299891948699951
    }
  },
  "Canada": {
    "0": {
      "score": 8,
      "time": 0.13896918296813965
    }
  },
  "Spain": {
    "0": {
      "score": 6,
      "time": 0.51668381690979
    }
  },
  "Argentina": {
    "0": {
      "score": 7,
      "time": 0.4603252410888672
    }
  },
  "Poland": {
    "0": {
      "score": 7,
      "time": 0.28574109077453613
    }
  }
}