{
  "England": {
    "0": {
      "score": 4,
      "time": 0.06537628173828125
    }
  },
  "Netherlands": {
    "0": {
      "score": 6,
      "time": 0.07035255432128906
    }
  },
  "Korea,Republic": {
    "0": {
      "score": 8,
      "time": 0.06741118431091309
    }
  },
  "Japan": {
    "0": {
      "score": 5,
      "time": 0.0755927562713623
    }
  },
  "Northern,Ireland": {
    "0": {
      "score": 7,
      "time": 0.11623525619506836
    }
  },
  "Wales": {
    "0": {
      "score": 7,
      "time": 0.06428217887878418
    }
  },
  "Iceland": {
    "0": {
      "score": 4,
      "time": 0.12121319770812988
    }
  },
  "United,States": {
    "0": {
      "score": 7,
      "time": 0.05382204055786133
    }
  },
  "Finland": {
    "0": {
      "score": 9,
      "time": 0.053247928619384766
    }
  },
  "Turkey": {
    "0": {
      "score": 7,
      "time": 0.06917619705200195
    }
  },
  "Norway": {
    "0": {
      "score": 6,
      "time": 0.05183291435241699
    }
  },
  "Senegal": {
    "0": {
      "score": 9,
      "time": 0.05202841758728027
    }
  },
  "Scotland": {
    "0": {
      "score": 5,
      "time": 0.05827474594116211
    }
  },
  "Republic,of,Ireland": {
    "0": {
      "score": 6,
      "time": 0.0545353889465332
    }
  },
  "Germany": {
    "0": {
      "score": 5,
      "time": 0.05072927474975586
    }
  },
  "Kosovo": {
    "0": {
      "score": 5,
      "time": 0.050961971282958984
    }
  },
  "Denmark": {
    "0": {
      "score": 7,
      "time": 0.0643472671508789
    }
  },
  "Australia": {
    "0": {
      "score": 7,
      "time": 0.07480096817016602
    }
  },
  "Ghana": {
    "0": {
      "score": 3,
      "time": 0.05584073066711426
    }
  },
  "Brazil": {
    "0": {
      "score": 5,
      "time": 0.06898760795593262
    }
  },
  "France": {
    "0": {
      "score": 5,
      "time": 0.08371853828430176
    }
  },
  "Austria": {
    "0": {
      "score": 5,
      "time": 0.06293773651123047
    }
  },
  "Romania": {
    "0": {
      "score": 7,
      "time": 0.07527828216552734
    }
  },
  "Switzerland": {
    "0": {
      "score": 5,
      "time": 0.056463003158569336
    }
  },
  "Sweden": {
    "0": {
      "score": 6,
      "time": 0.054813385009765625
    }
  },
  "Serbia": {
    "0": {
      "score": 6,
      "time": 0.05868673324584961
    }
  },
  "Mexico": {
    "0": {
      "score": 7,
      "time": 0.08983111381530762
    }
  },
  "Italy": {
    "0": {
      "score": 7,
      "time": 0.18849897384643555
    }
  },
  "Nigeria": {
    "0": {
      "score": 6,
      "time": 0.051889657974243164
    }
  },
  "China,PR": {
    "0": {
      "score": 6,
      "time": 0.07509207725524902
    }
  },
  "Croatia": {
    "0": {
      "score": 5,
      "time": 0.08196401596069336
    }
  },
  "Saudi,Arabia": {
    "0": {
      "score": 4,
      "time": 0.056687116622924805
    }
  },
  "Chile": {
    "0": {
      "score": 5,
      "time": 0.05433034896850586
    }
  },
  "Belgium": {
    "0": {
      "score": 6,
      "time": 0.10480237007141113
    }
  },
  "Colombia": {
    "0": {
      "score": 6,
      "time": 0.05687665939331055
    }
  },
  "South,Africa": {
    "0": {
      "score": 6,
      "time": 0.059403419494628906
    }
  },
  "Canada": {
    "0": {
      "score": 5,
      "time": 0.05346107482910156
    }
  },
  "Spain": {
    "0": {
      "score": 5,
      "time": 0.05786609649658203
    }
  },
  "Argentina": {
    "0": {
      "score": 7,
      "time": 0.05180549621582031
    }
  },
  "Poland": {
    "0": {
      "score": 4,
      "time": 0.05609631538391113
    }
  }
}