{
  "England": {
    "0": {
      "score": 9,
      "time": 0.713353157043457
    }
  },
  "Netherlands": {
    "0": {
      "score": 9,
      "time": 0.250807523727417
    }
  },
  "Korea,Republic": {
    "0": {
      "score": 5,
      "time": 0.8527030944824219
    }
  },
  "Japan": {
    "0": {
      "score": 7,
      "time": 0.1412365436553955
    }
  },
  "Northern,Ireland": {
    "0": {
      "score": 8,
      "time": 0.3343780040740967
    }
  },
  "Wales": {
    "0": {
      "score": 7,
      "time": 0.5330941677093506
    }
  },
  "Iceland": {
    "0": {
      "score": 7,
      "time": 1.5910837650299072
    }
  },
  "United,States": {
    "0": {
      "score": 7,
      "time": 0.7078087329864502
    }
  },
  "Finland": {
    "0": {
      "score": 7,
      "time": 1.0412471294403076
    }
  },
  "Turkey": {
    "0": {
      "score": 8,
      "time": 0.29484033584594727
    }
  },
  "Norway": {
    "0": {
      "score": 6,
      "time": 1.0380890369415283
    }
  },
  "Senegal": {
    "0": {
      "score": 8,
      "time": 0.6375336647033691
    }
  },
  "Scotland": {
    "0": {
      "score": 7,
      "time": 0.5517082214355469
    }
  },
  "Republic,of,Ireland": {
    "0": {
      "score": 9,
      "time": 0.8555843830108643
    }
  },
  "Germany": {
    "0": {
      "score": 7,
      "time": 0.6544914245605469
    }
  },
  "Kosovo": {
    "0": {
      "score": 6,
      "time": 0.16142535209655762
    }
  },
  "Denmark": {
    "0": {
      "score": 6,
      "time": 1.076007604598999
    }
  },
  "Australia": {
    "0": {
      "score": 9,
      "time": 1.713200330734253
    }
  },
  "Ghana": {
    "0": {
      "score": 4,
      "time": 0.26291823387145996
    }
  },
  "Brazil": {
    "0": {
      "score": 7,
      "time": 0.8182780742645264
    }
  },
  "France": {
    "0": {
      "score": 7,
      "time": 0.18878507614135742
    }
  },
  "Austria": {
    "0": {
      "score": 6,
      "time": 0.7570812702178955
    }
  },
  "Romania": {
    "0": {
      "score": 9,
      "time": 0.09280967712402344
    }
  },
  "Switzerland": {
    "0": {
      "score": 5,
      "time": 0.9541337490081787
    }
  },
  "Sweden": {
    "0": {
      "score": 8,
      "time": 0.1872997283935547
    }
  },
  "Serbia": {
    "0": {
      "score": 9,
      "time": 1.0763020515441895
    }
  },
  "Mexico": {
    "0": {
      "score": 6,
      "time": 0.6231381893157959
    }
  },
  "Italy": {
    "0": {
      "score": 7,
      "time": 1.3461966514587402
    }
  },
  "Nigeria": {
    "0": {
      "score": 6,
      "time": 0.6900150775909424
    }
  },
  "China,PR": {
    "0": {
      "score": 9,
      "time": 0.924675703048706
    }
  },
  "Croatia": {
    "0": {
      "score": 7,
      "time": 0.2641170024871826
    }
  },
  "Saudi,Arabia": {
    "0": {
      "score": 5,
      "time": 0.7753853797912598
    }
  },
  "Chile": {
    "0": {
      "score": 6,
      "time": 0.6360361576080322
    }
  },
  "Belgium": {
    "0": {
      "score": 7,
      "time": 0.3491206169128418
    }
  },
  "Colombia": {
    "0": {
      "score": 7,
      "time": 0.22171854972839355
    }
  },
  "South,Africa": {
    "0": {
      "score": 8,
      "time": 0.9647657871246338
    }
  },
  "Canada": {
    "0": {
      "score": 9,
      "time": 0.7369880676269531
    }
  },
  "Spain": {
    "0": {
      "score": 7,
      "time": 1.332538366317749
    }
  },
  "Argentina": {
    "0": {
      "score": 7,
      "time": 0.33535242080688477
    }
  },
  "Poland": {
    "0": {
      "score": 7,
      "time": 0.7739222049713135
    }
  }
}