{
  "England": {
    "0": {
      "score": 9,
      "time": 1.9788219928741455
    }
  },
  "Netherlands": {
    "0": {
      "score": 5,
      "time": 1.8826625347137451
    }
  },
  "Korea,Republic": {
    "0": {
      "score": 7,
      "time": 1.5996921062469482
    }
  },
  "Japan": {
    "0": {
      "score": 9,
      "time": 1.8110072612762451
    }
  },
  "Northern,Ireland": {
    "0": {
      "score": 8,
      "time": 1.9757616519927979
    }
  },
  "Wales": {
    "0": {
      "score": 7,
      "time": 1.7387876510620117
    }
  },
  "Iceland": {
    "0": {
      "score": 5,
      "time": 1.8831322193145752
    }
  },
  "United,States": {
    "0": {
      "score": 5,
      "time": 1.4390463829040527
    }
  },
  "Finland": {
    "0": {
      "score": 6,
      "time": 1.5732851028442383
    }
  },
  "Turkey": {
    "0": {
      "score": 7,
      "time": 1.8294315338134766
    }
  },
  "Norway": {
    "0": {
      "score": 9,
      "time": 1.7458860874176025
    }
  },
  "Senegal": {
    "0": {
      "score": 8,
      "time": 1.914947748184204
    }
  },
  "Scotland": {
    "0": {
      "score": 9,
      "time": 1.8933615684509277
    }
  },
  "Republic,of,Ireland": {
    "0": {
      "score": 7,
      "time": 0.8768975734710693
    }
  },
  "Germany": {
    "0": {
      "score": 11,
      "time": 0.8417305946350098
    }
  },
  "Kosovo": {
    "0": {
      "score": 9,
      "time": 1.8081586360931396
    }
  },
  "Denmark": {
    "0": {
      "score": 5,
      "time": 1.1194262504577637
    }
  },
  "Australia": {
    "0": {
      "score": 9,
      "time": 2.009364604949951
    }
  },
  "Ghana": {
    "0": {
      "score": 4,
      "time": 1.6865484714508057
    }
  },
  "Brazil": {
    "0": {
      "score": 7,
      "time": 1.6227664947509766
    }
  },
  "France": {
    "0": {
      "score": 8,
      "time": 1.8164362907409668
    }
  },
  "Austria": {
    "0": {
      "score": 7,
      "time": 1.7375802993774414
    }
  },
  "Romania": {
    "0": {
      "score": 9,
      "time": 0.9764163494110107
    }
  },
  "Switzerland": {
    "0": {
      "score": 5,
      "time": 1.9419209957122803
    }
  },
  "Sweden": {
    "0": {
      "score": 7,
      "time": 1.7701160907745361
    }
  },
  "Serbia": {
    "0": {
      "score": 9,
      "time": 1.667400598526001
    }
  },
  "Mexico": {
    "0": {
      "score": 9,
      "time": 1.962296724319458
    }
  },
  "Italy": {
    "0": {
      "score": 7,
      "time": 1.776794195175171
    }
  },
  "Nigeria": {
    "0": {
      "score": 6,
      "time": 1.6676383018493652
    }
  },
  "China,PR": {
    "0": {
      "score": 9,
      "time": 1.9763014316558838
    }
  },
  "Croatia": {
    "0": {
      "score": 9,
      "time": 1.8335440158843994
    }
  },
  "Saudi,Arabia": {
    "0": {
      "score": 7,
      "time": 1.6805105209350586
    }
  },
  "Chile": {
    "0": {
      "score": 5,
      "time": 1.6850104331970215
    }
  },
  "Belgium": {
    "0": {
      "score": 7,
      "time": 1.9788000583648682
    }
  },
  "Colombia": {
    "0": {
      "score": 9,
      "time": 1.7855291366577148
    }
  },
  "South,Africa": {
    "0": {
      "score": 9,
      "time": 1.7371487617492676
    }
  },
  "Canada": {
    "0": {
      "score": 6,
      "time": 1.7517468929290771
    }
  },
  "Spain": {
    "0": {
      "score": 7,
      "time": 1.6757748126983643
    }
  },
  "Argentina": {
    "0": {
      "score": 7,
      "time": 1.837430715560913
    }
  },
  "Poland": {
    "0": {
      "score": 9,
      "time": 1.8426153659820557
    }
  }
}