{
  "England": {
    "0": {
      "score": 9,
      "time": 0.5518014430999756
    }
  },
  "Netherlands": {
    "0": {
      "score": 9,
      "time": 0.45227551460266113
    }
  },
  "Korea,Republic": {
    "0": {
      "score": 8,
      "time": 0.5767636299133301
    }
  },
  "Japan": {
    "0": {
      "score": 7,
      "time": 0.4781949520111084
    }
  },
  "Northern,Ireland": {
    "0": {
      "score": 9,
      "time": 0.35097789764404297
    }
  },
  "Wales": {
    "0": {
      "score": 7,
      "time": 0.18234825134277344
    }
  },
  "Iceland": {
    "0": {
      "score": 4,
      "time": 0.4191462993621826
    }
  },
  "United,States": {
    "0": {
      "score": 7,
      "time": 0.5314335823059082
    }
  },
  "Finland": {
    "0": {
      "score": 7,
      "time": 0.16024065017700195
    }
  },
  "Turkey": {
    "0": {
      "score": 5,
      "time": 0.41588664054870605
    }
  },
  "Norway": {
    "0": {
      "score": 7,
      "time": 0.5626082420349121
    }
  },
  "Senegal": {
    "0": {
      "score": 9,
      "time": 0.2752048969268799
    }
  },
  "Scotland": {
    "0": {
      "score": 7,
      "time": 0.3940901756286621
    }
  },
  "Republic,of,Ireland": {
    "0": {
      "score": 9,
      "time": 0.25188446044921875
    }
  },
  "Germany": {
    "0": {
      "score": 5,
      "time": 0.6858105659484863
    }
  },
  "Kosovo": {
    "0": {
      "score": 9,
      "time": 0.3133859634399414
    }
  },
  "Denmark": {
    "0": {
      "score": 6,
      "time": 0.4758608341217041
    }
  },
  "Australia": {
    "0": {
      "score": 5,
      "time": 0.9954655170440674
    }
  },
  "Ghana": {
    "0": {
      "score": 3,
      "time": 0.3656938076019287
    }
  },
  "Brazil": {
    "0": {
      "score": 7,
      "time": 0.1410520076751709
    }
  },
  "France": {
    "0": {
      "score": 6,
      "time": 0.3458876609802246
    }
  },
  "Austria": {
    "0": {
      "score": 7,
      "time": 0.7461330890655518
    }
  },
  "Romania": {
    "0": {
      "score": 9,
      "time": 0.062140703201293945
    }
  },
  "Switzerland": {
    "0": {
      "score": 5,
      "time": 0.19120359420776367
    }
  },
  "Sweden": {
    "0": {
      "score": 7,
      "time": 0.10973501205444336
    }
  },
  "Serbia": {
    "0": {
      "score": 7,
      "time": 0.6703798770904541
    }
  },
  "Mexico": {
    "0": {
      "score": 4,
      "time": 0.49167799949645996
    }
  },
  "Italy": {
    "0": {
      "score": 3,
      "time": 0.39943838119506836
    }
  },
  "Nigeria": {
    "0": {
      "score": 6,
      "time": 0.16485118865966797
    }
  },
  "China,PR": {
    "0": {
      "score": 8,
      "time": 0.25338172912597656
    }
  },
  "Croatia": {
    "0": {
      "score": 7,
      "time": 0.20368528366088867
    }
  },
  "Saudi,Arabia": {
    "0": {
      "score": 6,
      "time": 0.41399693489074707
    }
  },
  "Chile": {
    "0": {
      "score": 6,
      "time": 0.19085073471069336
    }
  },
  "Belgium": {
    "0": {
      "score": 5,
      "time": 0.3494858741760254
    }
  },
  "Colombia": {
    "0": {
      "score": 9,
      "time": 0.3727414608001709
    }
  },
  "South,Africa": {
    "0": {
      "score": 9,
      "time": 0.17514920234680176
    }
  },
  "Canada": {
    "0": {
      "score": 7,
      "time": 0.2748570442199707
    }
  },
  "Spain": {
    "0": {
      "score": 8,
      "time": 0.504786491394043
    }
  },
  "Argentina": {
    "0": {
      "score": 7,
      "time": 0.7308530807495117
    }
  },
  "Poland": {
    "0": {
      "score": 7,
      "time": 0.4381446838378906
    }
  }
}