{
  "England": {
    "0": {
      "score": 7,
      "time": 1.8151986598968506
    }
  },
  "Netherlands": {
    "0": {
      "score": 5,
      "time": 1.8479492664337158
    }
  },
  "Korea,Republic": {
    "0": {
      "score": 9,
      "time": 1.4103953838348389
    }
  },
  "Japan": {
    "0": {
      "score": 7,
      "time": 1.8035523891448975
    }
  },
  "Northern,Ireland": {
    "0": {
      "score": 8,
      "time": 1.218303918838501
    }
  },
  "Wales": {
    "0": {
      "score": 7,
      "time": 1.943392038345337
    }
  },
  "Iceland": {
    "0": {
      "score": 5,
      "time": 1.7978029251098633
    }
  },
  "United,States": {
    "0": {
      "score": 7,
      "time": 1.851837158203125
    }
  },
  "Finland": {
    "0": {
      "score": 5,
      "time": 1.2053134441375732
    }
  },
  "Turkey": {
    "0": {
      "score": 5,
      "time": 1.8207712173461914
    }
  },
  "Norway": {
    "0": {
      "score": 9,
      "time": 1.0442485809326172
    }
  },
  "Senegal": {
    "0": {
      "score": 8,
      "time": 1.9030382633209229
    }
  },
  "Scotland": {
    "0": {
      "score": 9,
      "time": 1.7949070930480957
    }
  },
  "Republic,of,Ireland": {
    "0": {
      "score": 7,
      "time": 1.8892979621887207
    }
  },
  "Germany": {
    "0": {
      "score": 7,
      "time": 1.752932071685791
    }
  },
  "Kosovo": {
    "0": {
      "score": 6,
      "time": 0.5584597587585449
    }
  },
  "Denmark": {
    "0": {
      "score": 5,
      "time": 1.740962028503418
    }
  },
  "Australia": {
    "0": {
      "score": 7,
      "time": 1.9004530906677246
    }
  },
  "Ghana": {
    "0": {
      "score": 6,
      "time": 1.0261991024017334
    }
  },
  "Brazil": {
    "0": {
      "score": 8,
      "time": 1.9095516204833984
    }
  },
  "France": {
    "0": {
      "score": 6,
      "time": 1.9014594554901123
    }
  },
  "Austria": {
    "0": {
      "score": 7,
      "time": 2.025270700454712
    }
  },
  "Romania": {
    "0": {
      "score": 9,
      "time": 1.4332261085510254
    }
  },
  "Switzerland": {
    "0": {
      "score": 5,
      "time": 1.8834905624389648
    }
  },
  "Sweden": {
    "0": {
      "score": 7,
      "time": 1.6799545288085938
    }
  },
  "Serbia": {
    "0": {
      "score": 9,
      "time": 1.8115234375
    }
  },
  "Mexico": {
    "0": {
      "score": 6,
      "time": 1.37276291847229
    }
  },
  "Italy": {
    "0": {
      "score": 6,
      "time": 1.8339424133300781
    }
  },
  "Nigeria": {
    "0": {
      "score": 4,
      "time": 1.800163984298706
    }
  },
  "China,PR": {
    "0": {
      "score": 6,
      "time": 1.1977996826171875
    }
  },
  "Croatia": {
    "0": {
      "score": 7,
      "time": 1.7860074043273926
    }
  },
  "Saudi,Arabia": {
    "0": {
      "score": 7,
      "time": 1.8447480201721191
    }
  },
  "Chile": {
    "0": {
      "score": 5,
      "time": 1.8326258659362793
    }
  },
  "Belgium": {
    "0": {
      "score": 11,
      "time": 1.9724936485290527
    }
  },
  "Colombia": {
    "0": {
      "score": 9,
      "time": 1.7323634624481201
    }
  },
  "South,Africa": {
    "0": {
      "score": 7,
      "time": 1.8288764953613281
    }
  },
  "Canada": {
    "0": {
      "score": 6,
      "time": 1.3962972164154053
    }
  },
  "Spain": {
    "0": {
      "score": 7,
      "time": 1.367058515548706
    }
  },
  "Argentina": {
    "0": {
      "score": 6,
      "time": 1.5139410495758057
    }
  },
  "Poland": {
    "0": {
      "score": 7,
      "time": 1.353100061416626
    }
  }
}