{
  "England": {
    "0": {
      "score": 7,
      "time": 1.7386083602905273
    }
  },
  "Netherlands": {
    "0": {
      "score": 5,
      "time": 1.858715534210205
    }
  },
  "Korea,Republic": {
    "0": {
      "score": 9,
      "time": 1.94187331199646
    }
  },
  "Japan": {
    "0": {
      "score": 9,
      "time": 1.8134074211120605
    }
  },
  "Northern,Ireland": {
    "0": {
      "score": 8,
      "time": 2.1820757389068604
    }
  },
  "Wales": {
    "0": {
      "score": 7,
      "time": 1.8930046558380127
    }
  },
  "Iceland": {
    "0": {
      "score": 4,
      "time": 1.6344492435455322
    }
  },
  "United,States": {
    "0": {
      "score": 5,
      "time": 2.078557252883911
    }
  },
  "Finland": {
    "0": {
      "score": 6,
      "time": 1.9151580333709717
    }
  },
  "Turkey": {
    "0": {
      "score": 5,
      "time": 1.864732027053833
    }
  },
  "Norway": {
    "0": {
      "score": 7,
      "time": 1.7606019973754883
    }
  },
  "Senegal": {
    "0": {
      "score": 8,
      "time": 1.9900727272033691
    }
  },
  "Scotland": {
    "0": {
      "score": 9,
      "time": 1.4816865921020508
    }
  },
  "Republic,of,Ireland": {
    "0": {
      "score": 7,
      "time": 2.124276876449585
    }
  },
  "Germany": {
    "0": {
      "score": 7,
      "time": 0.8312971591949463
    }
  },
  "Kosovo": {
    "0": {
      "score": 6,
      "time": 1.9420876502990723
    }
  },
  "Denmark": {
    "0": {
      "score": 5,
      "time": 1.1527490615844727
    }
  },
  "Australia": {
    "0": {
      "score": 7,
      "time": 1.8805475234985352
    }
  },
  "Ghana": {
    "0": {
      "score": 6,
      "time": 1.778388500213623
    }
  },
  "Brazil": {
    "0": {
      "score": 8,
      "time": 1.7742955684661865
    }
  },
  "France": {
    "0": {
      "score": 6,
      "time": 1.838538646697998
    }
  },
  "Austria": {
    "0": {
      "score": 7,
      "time": 1.8416221141815186
    }
  },
  "Romania": {
    "0": {
      "score": 9,
      "time": 1.6129212379455566
    }
  },
  "Switzerland": {
    "0": {
      "score": 5,
      "time": 1.887472152709961
    }
  },
  "Sweden": {
    "0": {
      "score": 7,
      "time": 1.9489738941192627
    }
  },
  "Serbia": {
    "0": {
      "score": 9,
      "time": 1.9803798198699951
    }
  },
  "Mexico": {
    "0": {
      "score": 6,
      "time": 1.6517789363861084
    }
  },
  "Italy": {
    "0": {
      "score": 5,
      "time": 1.7750718593597412
    }
  },
  "Nigeria": {
    "0": {
      "score": 6,
      "time": 1.7802016735076904
    }
  },
  "China,PR": {
    "0": {
      "score": 7,
      "time": 1.7990076541900635
    }
  },
  "Croatia": {
    "0": {
      "score": 7,
      "time": 1.2511718273162842
    }
  },
  "Saudi,Arabia": {
    "0": {
      "score": 7,
      "time": 1.269911766052246
    }
  },
  "Chile": {
    "0": {
      "score": 6,
      "time": 1.8321495056152344
    }
  },
  "Belgium": {
    "0": {
      "score": 11,
      "time": 1.8791909217834473
    }
  },
  "Colombia": {
    "0": {
      "score": 7,
      "time": 0.4022235870361328
    }
  },
  "South,Africa": {
    "0": {
      "score": 7,
      "time": 2.013293743133545
    }
  },
  "Canada": {
    "0": {
      "score": 8,
      "time": 1.9925692081451416
    }
  },
  "Spain": {
    "0": {
      "score": 7,
      "time": 0.7626674175262451
    }
  },
  "Argentina": {
    "0": {
      "score": 6,
      "time": 1.8068714141845703
    }
  },
  "Poland": {
    "0": {
      "score": 7,
      "time": 1.9952995777130127
    }
  }
}