{
  "England": {
    "0": {
      "score": 9,
      "time": 1.7210330963134766
    }
  },
  "Netherlands": {
    "0": {
      "score": 5,
      "time": 1.8444526195526123
    }
  },
  "Korea,Republic": {
    "0": {
      "score": 7,
      "time": 0.7109811305999756
    }
  },
  "Japan": {
    "0": {
      "score": 9,
      "time": 1.0555508136749268
    }
  },
  "Northern,Ireland": {
    "0": {
      "score": 8,
      "time": 1.630612850189209
    }
  },
  "Wales": {
    "0": {
      "score": 7,
      "time": 1.6253142356872559
    }
  },
  "Iceland": {
    "0": {
      "score": 5,
      "time": 1.787998914718628
    }
  },
  "United,States": {
    "0": {
      "score": 5,
      "time": 1.7587101459503174
    }
  },
  "Finland": {
    "0": {
      "score": 6,
      "time": 1.5658190250396729
    }
  },
  "Turkey": {
    "0": {
      "score": 7,
      "time": 0.421032190322876
    }
  },
  "Norway": {
    "0": {
      "score": 9,
      "time": 1.8203999996185303
    }
  },
  "Senegal": {
    "0": {
      "score": 8,
      "time": 1.7869973182678223
    }
  },
  "Scotland": {
    "0": {
      "score": 9,
      "time": 1.6314268112182617
    }
  },
  "Republic,of,Ireland": {
    "0": {
      "score": 9,
      "time": 1.6573657989501953
    }
  },
  "Germany": {
    "0": {
      "score": 11,
      "time": 1.7062928676605225
    }
  },
  "Kosovo": {
    "0": {
      "score": 9,
      "time": 1.9456233978271484
    }
  },
  "Denmark": {
    "0": {
      "score": 6,
      "time": 1.8606805801391602
    }
  },
  "Australia": {
    "0": {
      "score": 9,
      "time": 1.880424976348877
    }
  },
  "Ghana": {
    "0": {
      "score": 4,
      "time": 1.3083884716033936
    }
  },
  "Brazil": {
    "0": {
      "score": 8,
      "time": 1.7538940906524658
    }
  },
  "France": {
    "0": {
      "score": 8,
      "time": 1.8219735622406006
    }
  },
  "Austria": {
    "0": {
      "score": 7,
      "time": 1.7584612369537354
    }
  },
  "Romania": {
    "0": {
      "score": 9,
      "time": 0.7326877117156982
    }
  },
  "Switzerland": {
    "0": {
      "score": 5,
      "time": 1.9234874248504639
    }
  },
  "Sweden": {
    "0": {
      "score": 8,
      "time": 1.3638224601745605
    }
  },
  "Serbia": {
    "0": {
      "score": 9,
      "time": 1.8814802169799805
    }
  },
  "Mexico": {
    "0": {
      "score": 9,
      "time": 1.00042724609375
    }
  },
  "Italy": {
    "0": {
      "score": 5,
      "time": 1.6402323246002197
    }
  },
  "Nigeria": {
    "0": {
      "score": 6,
      "time": 0.7879011631011963
    }
  },
  "China,PR": {
    "0": {
      "score": 9,
      "time": 1.711965799331665
    }
  },
  "Croatia": {
    "0": {
      "score": 8,
      "time": 0.6557717323303223
    }
  },
  "Saudi,Arabia": {
    "0": {
      "score": 6,
      "time": 0.4353156089782715
    }
  },
  "Chile": {
    "0": {
      "score": 5,
      "time": 1.7919809818267822
    }
  },
  "Belgium": {
    "0": {
      "score": 7,
      "time": 1.834761619567871
    }
  },
  "Colombia": {
    "0": {
      "score": 7,
      "time": 0.5847508907318115
    }
  },
  "South,Africa": {
    "0": {
      "score": 5,
      "time": 0.8264398574829102
    }
  },
  "Canada": {
    "0": {
      "score": 6,
      "time": 1.7678463459014893
    }
  },
  "Spain": {
    "0": {
      "score": 7,
      "time": 1.819101333618164
    }
  },
  "Argentina": {
    "0": {
      "score": 7,
      "time": 1.6592738628387451
    }
  },
  "Poland": {
    "0": {
      "score": 7,
      "time": 1.980241298675537
    }
  }
}