{
  "England": {
    "0": {
      "score": 9,
      "time": 0.8943724632263184
    }
  },
  "Netherlands": {
    "0": {
      "score": 7,
      "time": 0.2788844108581543
    }
  },
  "Korea,Republic": {
    "0": {
      "score": 5,
      "time": 0.856769323348999
    }
  },
  "Japan": {
    "0": {
      "score": 5,
      "time": 0.4353625774383545
    }
  },
  "Northern,Ireland": {
    "0": {
      "score": 9,
      "time": 0.5572085380554199
    }
  },
  "Wales": {
    "0": {
      "score": 7,
      "time": 0.2514200210571289
    }
  },
  "Iceland": {
    "0": {
      "score": 6,
      "time": 0.5341806411743164
    }
  },
  "United,States": {
    "0": {
      "score": 7,
      "time": 0.6334772109985352
    }
  },
  "Finland": {
    "0": {
      "score": 7,
      "time": 0.7898759841918945
    }
  },
  "Turkey": {
    "0": {
      "score": 7,
      "time": 0.6343390941619873
    }
  },
  "Norway": {
    "0": {
      "score": 5,
      "time": 0.781672477722168
    }
  },
  "Senegal": {
    "0": {
      "score": 8,
      "time": 0.5072436332702637
    }
  },
  "Scotland": {
    "0": {
      "score": 7,
      "time": 0.34859681129455566
    }
  },
  "Republic,of,Ireland": {
    "0": {
      "score": 9,
      "time": 0.7900257110595703
    }
  },
  "Germany": {
    "0": {
      "score": 7,
      "time": 0.7808279991149902
    }
  },
  "Kosovo": {
    "0": {
      "score": 9,
      "time": 0.44780826568603516
    }
  },
  "Denmark": {
    "0": {
      "score": 6,
      "time": 0.648003101348877
    }
  },
  "Australia": {
    "0": {
      "score": 9,
      "time": 0.9849386215209961
    }
  },
  "Ghana": {
    "0": {
      "score": 4,
      "time": 0.19836902618408203
    }
  },
  "Brazil": {
    "0": {
      "score": 7,
      "time": 0.5689961910247803
    }
  },
  "France": {
    "0": {
      "score": 6,
      "time": 0.6559722423553467
    }
  },
  "Austria": {
    "0": {
      "score": 6,
      "time": 0.8559446334838867
    }
  },
  "Romania": {
    "0": {
      "score": 9,
      "time": 0.09184980392456055
    }
  },
  "Switzerland": {
    "0": {
      "score": 5,
      "time": 0.41547417640686035
    }
  },
  "Sweden": {
    "0": {
      "score": 8,
      "time": 0.16231679916381836
    }
  },
  "Serbia": {
    "0": {
      "score": 9,
      "time": 0.8348555564880371
    }
  },
  "Mexico": {
    "0": {
      "score": 4,
      "time": 0.8096928596496582
    }
  },
  "Italy": {
    "0": {
      "score": 5,
      "time": 1.2734065055847168
    }
  },
  "Nigeria": {
    "0": {
      "score": 6,
      "time": 0.43340611457824707
    }
  },
  "China,PR": {
    "0": {
      "score": 9,
      "time": 0.8327953815460205
    }
  },
  "Croatia": {
    "0": {
      "score": 7,
      "time": 0.40430521965026855
    }
  },
  "Saudi,Arabia": {
    "0": {
      "score": 5,
      "time": 0.7545742988586426
    }
  },
  "Chile": {
    "0": {
      "score": 6,
      "time": 0.6685476303100586
    }
  },
  "Belgium": {
    "0": {
      "score": 7,
      "time": 1.0649256706237793
    }
  },
  "Colombia": {
    "0": {
      "score": 7,
      "time": 0.6199460029602051
    }
  },
  "South,Africa": {
    "0": {
      "score": 8,
      "time": 0.4608187675476074
    }
  },
  "Canada": {
    "0": {
      "score": 9,
      "time": 0.27815818786621094
    }
  },
  "Spain": {
    "0": {
      "score": 7,
      "time": 0.5817954540252686
    }
  },
  "Argentina": {
    "0": {
      "score": 7,
      "time": 0.457855224609375
    }
  },
  "Poland": {
    "0": {
      "score": 9,
      "time": 0.6237173080444336
    }
  }
}