{
  "England": {
    "0": {
      "score": 7,
      "time": 1.7661020755767822
    }
  },
  "Netherlands": {
    "0": {
      "score": 5,
      "time": 1.9570825099945068
    }
  },
  "Korea,Republic": {
    "0": {
      "score": 9,
      "time": 1.0106711387634277
    }
  },
  "Japan": {
    "0": {
      "score": 7,
      "time": 1.9849348068237305
    }
  },
  "Northern,Ireland": {
    "0": {
      "score": 8,
      "time": 2.2276968955993652
    }
  },
  "Wales": {
    "0": {
      "score": 7,
      "time": 1.8226053714752197
    }
  },
  "Iceland": {
    "0": {
      "score": 4,
      "time": 1.7691757678985596
    }
  },
  "United,States": {
    "0": {
      "score": 5,
      "time": 1.882577896118164
    }
  },
  "Finland": {
    "0": {
      "score": 5,
      "time": 1.9859261512756348
    }
  },
  "Turkey": {
    "0": {
      "score": 5,
      "time": 1.930626392364502
    }
  },
  "Norway": {
    "0": {
      "score": 7,
      "time": 1.9319453239440918
    }
  },
  "Senegal": {
    "0": {
      "score": 8,
      "time": 1.6892902851104736
    }
  },
  "Scotland": {
    "0": {
      "score": 9,
      "time": 1.5562071800231934
    }
  },
  "Republic,of,Ireland": {
    "0": {
      "score": 7,
      "time": 1.8305842876434326
    }
  },
  "Germany": {
    "0": {
      "score": 7,
      "time": 2.0146942138671875
    }
  },
  "Kosovo": {
    "0": {
      "score": 6,
      "time": 0.4821288585662842
    }
  },
  "Denmark": {
    "0": {
      "score": 5,
      "time": 1.6557283401489258
    }
  },
  "Australia": {
    "0": {
      "score": 7,
      "time": 1.701777696609497
    }
  },
  "Ghana": {
    "0": {
      "score": 6,
      "time": 1.904252052307129
    }
  },
  "Brazil": {
    "0": {
      "score": 8,
      "time": 1.8777949810028076
    }
  },
  "France": {
    "0": {
      "score": 6,
      "time": 1.8948829174041748
    }
  },
  "Austria": {
    "0": {
      "score": 7,
      "time": 1.807196855545044
    }
  },
  "Romania": {
    "0": {
      "score": 9,
      "time": 1.9834363460540771
    }
  },
  "Switzerland": {
    "0": {
      "score": 5,
      "time": 1.7039833068847656
    }
  },
  "Sweden": {
    "0": {
      "score": 7,
      "time": 2.0205562114715576
    }
  },
  "Serbia": {
    "0": {
      "score": 9,
      "time": 1.9231140613555908
    }
  },
  "Mexico": {
    "0": {
      "score": 5,
      "time": 1.8930485248565674
    }
  },
  "Italy": {
    "0": {
      "score": 5,
      "time": 1.848292589187622
    }
  },
  "Nigeria": {
    "0": {
      "score": 4,
      "time": 2.119764804840088
    }
  },
  "China,PR": {
    "0": {
      "score": 7,
      "time": 1.9278895854949951
    }
  },
  "Croatia": {
    "0": {
      "score": 7,
      "time": 1.843130111694336
    }
  },
  "Saudi,Arabia": {
    "0": {
      "score": 7,
      "time": 0.2973971366882324
    }
  },
  "Chile": {
    "0": {
      "score": 5,
      "time": 1.7596440315246582
    }
  },
  "Belgium": {
    "0": {
      "score": 11,
      "time": 1.988555908203125
    }
  },
  "Colombia": {
    "0": {
      "score": 9,
      "time": 2.505058765411377
    }
  },
  "South,Africa": {
    "0": {
      "score": 5,
      "time": 1.9544284343719482
    }
  },
  "Canada": {
    "0": {
      "score": 6,
      "time": 1.7326452732086182
    }
  },
  "Spain": {
    "0": {
      "score": 7,
      "time": 1.8495793342590332
    }
  },
  "Argentina": {
    "0": {
      "score": 6,
      "time": 0.7319025993347168
    }
  },
  "Poland": {
    "0": {
      "score": 7,
      "time": 2.1421234607696533
    }
  }
}