{
  "England": {
    "0": {
      "score": 7,
      "time": 0.5981848239898682
    }
  },
  "Netherlands": {
    "0": {
      "score": 5,
      "time": 1.727839469909668
    }
  },
  "Korea,Republic": {
    "0": {
      "score": 9,
      "time": 1.944282054901123
    }
  },
  "Japan": {
    "0": {
      "score": 9,
      "time": 1.8262758255004883
    }
  },
  "Northern,Ireland": {
    "0": {
      "score": 8,
      "time": 1.6303374767303467
    }
  },
  "Wales": {
    "0": {
      "score": 7,
      "time": 1.7605228424072266
    }
  },
  "Iceland": {
    "0": {
      "score": 4,
      "time": 1.2008352279663086
    }
  },
  "United,States": {
    "0": {
      "score": 7,
      "time": 1.6677045822143555
    }
  },
  "Finland": {
    "0": {
      "score": 6,
      "time": 0.637197732925415
    }
  },
  "Turkey": {
    "0": {
      "score": 5,
      "time": 1.8696489334106445
    }
  },
  "Norway": {
    "0": {
      "score": 7,
      "time": 1.946427583694458
    }
  },
  "Senegal": {
    "0": {
      "score": 8,
      "time": 0.9242756366729736
    }
  },
  "Scotland": {
    "0": {
      "score": 9,
      "time": 1.7585537433624268
    }
  },
  "Republic,of,Ireland": {
    "0": {
      "score": 9,
      "time": 1.8659696578979492
    }
  },
  "Germany": {
    "0": {
      "score": 7,
      "time": 1.939082384109497
    }
  },
  "Kosovo": {
    "0": {
      "score": 6,
      "time": 0.9498987197875977
    }
  },
  "Denmark": {
    "0": {
      "score": 5,
      "time": 1.7425861358642578
    }
  },
  "Australia": {
    "0": {
      "score": 9,
      "time": 1.7731244564056396
    }
  },
  "Ghana": {
    "0": {
      "score": 6,
      "time": 1.547827959060669
    }
  },
  "Brazil": {
    "0": {
      "score": 8,
      "time": 1.7005746364593506
    }
  },
  "France": {
    "0": {
      "score": 6,
      "time": 1.9733185768127441
    }
  },
  "Austria": {
    "0": {
      "score": 7,
      "time": 1.9802958965301514
    }
  },
  "Romania": {
    "0": {
      "score": 9,
      "time": 1.7780721187591553
    }
  },
  "Switzerland": {
    "0": {
      "score": 5,
      "time": 1.6908857822418213
    }
  },
  "Sweden": {
    "0": {
      "score": 7,
      "time": 1.8029274940490723
    }
  },
  "Serbia": {
    "0": {
      "score": 9,
      "time": 1.8230781555175781
    }
  },
  "Mexico": {
    "0": {
      "score": 6,
      "time": 1.736285924911499
    }
  },
  "Italy": {
    "0": {
      "score": 5,
      "time": 1.59275221824646
    }
  },
  "Nigeria": {
    "0": {
      "score": 6,
      "time": 1.9599876403808594
    }
  },
  "China,PR": {
    "0": {
      "score": 7,
      "time": 1.819061279296875
    }
  },
  "Croatia": {
    "0": {
      "score": 7,
      "time": 1.6659870147705078
    }
  },
  "Saudi,Arabia": {
    "0": {
      "score": 7,
      "time": 0.4962794780731201
    }
  },
  "Chile": {
    "0": {
      "score": 6,
      "time": 1.81764554977417
    }
  },
  "Belgium": {
    "0": {
      "score": 11,
      "time": 1.858968734741211
    }
  },
  "Colombia": {
    "0": {
      "score": 9,
      "time": 1.6454224586486816
    }
  },
  "South,Africa": {
    "0": {
      "score": 7,
      "time": 1.802100658416748
    }
  },
  "Canada": {
    "0": {
      "score": 8,
      "time": 1.7935118675231934
    }
  },
  "Spain": {
    "0": {
      "score": 7,
      "time": 1.7673108577728271
    }
  },
  "Argentina": {
    "0": {
      "score": 7,
      "time": 0.8331789970397949
    }
  },
  "Poland": {
    "0": {
      "score": 7,
      "time": 1.8134002685546875
    }
  }
}