{
  "England": {
    "0": {
      "score": 9,
      "time": 1.3353614807128906
    }
  },
  "Netherlands": {
    "0": {
      "score": 7,
      "time": 0.8125228881835938
    }
  },
  "Korea,Republic": {
    "0": {
      "score": 6,
      "time": 1.455655813217163
    }
  },
  "Japan": {
    "0": {
      "score": 7,
      "time": 0.9840309619903564
    }
  },
  "Northern,Ireland": {
    "0": {
      "score": 8,
      "time": 1.0807006359100342
    }
  },
  "Wales": {
    "0": {
      "score": 7,
      "time": 1.0793097019195557
    }
  },
  "Iceland": {
    "0": {
      "score": 5,
      "time": 1.4201183319091797
    }
  },
  "United,States": {
    "0": {
      "score": 3,
      "time": 1.0631046295166016
    }
  },
  "Finland": {
    "0": {
      "score": 7,
      "time": 0.7314724922180176
    }
  },
  "Turkey": {
    "0": {
      "score": 7,
      "time": 1.1412603855133057
    }
  },
  "Norway": {
    "0": {
      "score": 6,
      "time": 0.9294860363006592
    }
  },
  "Senegal": {
    "0": {
      "score": 8,
      "time": 0.8821210861206055
    }
  },
  "Scotland": {
    "0": {
      "score": 7,
      "time": 0.5805964469909668
    }
  },
  "Republic,of,Ireland": {
    "0": {
      "score": 9,
      "time": 0.6640269756317139
    }
  },
  "Germany": {
    "0": {
      "score": 11,
      "time": 0.9695446491241455
    }
  },
  "Kosovo": {
    "0": {
      "score": 9,
      "time": 1.0820367336273193
    }
  },
  "Denmark": {
    "0": {
      "score": 6,
      "time": 1.1906359195709229
    }
  },
  "Australia": {
    "0": {
      "score": 7,
      "time": 1.8255412578582764
    }
  },
  "Ghana": {
    "0": {
      "score": 4,
      "time": 0.4030289649963379
    }
  },
  "Brazil": {
    "0": {
      "score": 7,
      "time": 1.074089527130127
    }
  },
  "France": {
    "0": {
      "score": 6,
      "time": 0.6669638156890869
    }
  },
  "Austria": {
    "0": {
      "score": 7,
      "time": 1.0231997966766357
    }
  },
  "Romania": {
    "0": {
      "score": 9,
      "time": 0.3351325988769531
    }
  },
  "Switzerland": {
    "0": {
      "score": 5,
      "time": 0.9573678970336914
    }
  },
  "Sweden": {
    "0": {
      "score": 8,
      "time": 0.5414023399353027
    }
  },
  "Serbia": {
    "0": {
      "score": 9,
      "time": 0.8675119876861572
    }
  },
  "Mexico": {
    "0": {
      "score": 9,
      "time": 1.0048596858978271
    }
  },
  "Italy": {
    "0": {
      "score": 7,
      "time": 1.3793401718139648
    }
  },
  "Nigeria": {
    "0": {
      "score": 9,
      "time": 0.8291864395141602
    }
  },
  "China,PR": {
    "0": {
      "score": 9,
      "time": 1.0599610805511475
    }
  },
  "Croatia": {
    "0": {
      "score": 7,
      "time": 0.5905923843383789
    }
  },
  "Saudi,Arabia": {
    "0": {
      "score": 7,
      "time": 1.0794637203216553
    }
  },
  "Chile": {
    "0": {
      "score": 7,
      "time": 1.15325927734375
    }
  },
  "Belgium": {
    "0": {
      "score": 7,
      "time": 1.7714121341705322
    }
  },
  "Colombia": {
    "0": {
      "score": 9,
      "time": 0.9991421699523926
    }
  },
  "South,Africa": {
    "0": {
      "score": 8,
      "time": 1.8467144966125488
    }
  },
  "Canada": {
    "0": {
      "score": 6,
      "time": 1.047959327697754
    }
  },
  "Spain": {
    "0": {
      "score": 7,
      "time": 1.6069905757904053
    }
  },
  "Argentina": {
    "0": {
      "score": 7,
      "time": 1.2526352405548096
    }
  },
  "Poland": {
    "0": {
      "score": 9,
      "time": 1.4641013145446777
    }
  }
}