{
  "England": {
    "0": {
      "score": 3,
      "time": 0.16717886924743652
    }
  },
  "Netherlands": {
    "0": {
      "score": 9,
      "time": 0.2910146713256836
    }
  },
  "Korea,Republic": {
    "0": {
      "score": 6,
      "time": 0.1160879135131836
    }
  },
  "Japan": {
    "0": {
      "score": 5,
      "time": 0.1358344554901123
    }
  },
  "Northern,Ireland": {
    "0": {
      "score": 9,
      "time": 0.09395384788513184
    }
  },
  "Wales": {
    "0": {
      "score": 7,
      "time": 0.1524028778076172
    }
  },
  "Iceland": {
    "0": {
      "score": 5,
      "time": 0.195479154586792
    }
  },
  "United,States": {
    "0": {
      "score": 7,
      "time": 0.0881800651550293
    }
  },
  "Finland": {
    "0": {
      "score": 7,
      "time": 0.07947993278503418
    }
  },
  "Turkey": {
    "0": {
      "score": 6,
      "time": 0.1148674488067627
    }
  },
  "Norway": {
    "0": {
      "score": 5,
      "time": 0.13900208473205566
    }
  },
  "Senegal": {
    "0": {
      "score": 7,
      "time": 0.09545254707336426
    }
  },
  "Scotland": {
    "0": {
      "score": 7,
      "time": 0.21253252029418945
    }
  },
  "Republic,of,Ireland": {
    "0": {
      "score": 9,
      "time": 0.09902572631835938
    }
  },
  "Germany": {
    "0": {
      "score": 7,
      "time": 0.2133033275604248
    }
  },
  "Kosovo": {
    "0": {
      "score": 7,
      "time": 0.07568049430847168
    }
  },
  "Denmark": {
    "0": {
      "score": 9,
      "time": 0.21681571006774902
    }
  },
  "Australia": {
    "0": {
      "score": 9,
      "time": 0.27114081382751465
    }
  },
  "Ghana": {
    "0": {
      "score": 3,
      "time": 0.08342576026916504
    }
  },
  "Brazil": {
    "0": {
      "score": 4,
      "time": 0.3130464553833008
    }
  },
  "France": {
    "0": {
      "score": 8,
      "time": 0.17148089408874512
    }
  },
  "Austria": {
    "0": {
      "score": 7,
      "time": 0.23731112480163574
    }
  },
  "Romania": {
    "0": {
      "score": 9,
      "time": 0.04744577407836914
    }
  },
  "Switzerland": {
    "0": {
      "score": 6,
      "time": 0.2322382926940918
    }
  },
  "Sweden": {
    "0": {
      "score": 8,
      "time": 0.10410356521606445
    }
  },
  "Serbia": {
    "0": {
      "score": 7,
      "time": 0.2852010726928711
    }
  },
  "Mexico": {
    "0": {
      "score": 5,
      "time": 0.20517325401306152
    }
  },
  "Italy": {
    "0": {
      "score": 4,
      "time": 0.3049473762512207
    }
  },
  "Nigeria": {
    "0": {
      "score": 6,
      "time": 0.09608197212219238
    }
  },
  "China,PR": {
    "0": {
      "score": 6,
      "time": 0.2051386833190918
    }
  },
  "Croatia": {
    "0": {
      "score": 5,
      "time": 0.07896757125854492
    }
  },
  "Saudi,Arabia": {
    "0": {
      "score": 7,
      "time": 0.3117704391479492
    }
  },
  "Chile": {
    "0": {
      "score": 6,
      "time": 0.16011452674865723
    }
  },
  "Belgium": {
    "0": {
      "score": 5,
      "time": 0.35323286056518555
    }
  },
  "Colombia": {
    "0": {
      "score": 9,
      "time": 0.07928061485290527
    }
  },
  "South,Africa": {
    "0": {
      "score": 7,
      "time": 0.1467442512512207
    }
  },
  "Canada": {
    "0": {
      "score": 7,
      "time": 0.10814690589904785
    }
  },
  "Spain": {
    "0": {
      "score": 6,
      "time": 0.15468525886535645
    }
  },
  "Argentina": {
    "0": {
      "score": 5,
      "time": 0.16038131713867188
    }
  },
  "Poland": {
    "0": {
      "score": 7,
      "time": 0.10040712356567383
    }
  }
}