{
  "England": {
    "0": {
      "score": 7,
      "time": 0.7522079944610596
    }
  },
  "Netherlands": {
    "0": {
      "score": 5,
      "time": 1.1137347221374512
    }
  },
  "Korea,Republic": {
    "0": {
      "score": 9,
      "time": 1.7544536590576172
    }
  },
  "Japan": {
    "0": {
      "score": 9,
      "time": 1.666780948638916
    }
  },
  "Northern,Ireland": {
    "0": {
      "score": 8,
      "time": 2.109802007675171
    }
  },
  "Wales": {
    "0": {
      "score": 7,
      "time": 1.8775737285614014
    }
  },
  "Iceland": {
    "0": {
      "score": 5,
      "time": 0.614276647567749
    }
  },
  "United,States": {
    "0": {
      "score": 9,
      "time": 1.771925926208496
    }
  },
  "Finland": {
    "0": {
      "score": 5,
      "time": 1.772883653640747
    }
  },
  "Turkey": {
    "0": {
      "score": 5,
      "time": 1.7047593593597412
    }
  },
  "Norway": {
    "0": {
      "score": 9,
      "time": 2.023928165435791
    }
  },
  "Senegal": {
    "0": {
      "score": 8,
      "time": 1.8435587882995605
    }
  },
  "Scotland": {
    "0": {
      "score": 9,
      "time": 1.701385736465454
    }
  },
  "Republic,of,Ireland": {
    "0": {
      "score": 7,
      "time": 1.7531046867370605
    }
  },
  "Germany": {
    "0": {
      "score": 7,
      "time": 1.4851734638214111
    }
  },
  "Kosovo": {
    "0": {
      "score": 6,
      "time": 1.453557014465332
    }
  },
  "Denmark": {
    "0": {
      "score": 5,
      "time": 1.6539549827575684
    }
  },
  "Australia": {
    "0": {
      "score": 7,
      "time": 1.9800374507904053
    }
  },
  "Ghana": {
    "0": {
      "score": 7,
      "time": 0.4432237148284912
    }
  },
  "Brazil": {
    "0": {
      "score": 8,
      "time": 1.296818733215332
    }
  },
  "France": {
    "0": {
      "score": 6,
      "time": 1.2327754497528076
    }
  },
  "Austria": {
    "0": {
      "score": 7,
      "time": 1.8955776691436768
    }
  },
  "Romania": {
    "0": {
      "score": 9,
      "time": 1.7419087886810303
    }
  },
  "Switzerland": {
    "0": {
      "score": 5,
      "time": 1.8167321681976318
    }
  },
  "Sweden": {
    "0": {
      "score": 7,
      "time": 1.7674353122711182
    }
  },
  "Serbia": {
    "0": {
      "score": 9,
      "time": 1.706512212753296
    }
  },
  "Mexico": {
    "0": {
      "score": 6,
      "time": 1.6735575199127197
    }
  },
  "Italy": {
    "0": {
      "score": 6,
      "time": 1.8071718215942383
    }
  },
  "Nigeria": {
    "0": {
      "score": 6,
      "time": 1.4118854999542236
    }
  },
  "China,PR": {
    "0": {
      "score": 6,
      "time": 1.9785351753234863
    }
  },
  "Croatia": {
    "0": {
      "score": 7,
      "time": 1.7795429229736328
    }
  },
  "Saudi,Arabia": {
    "0": {
      "score": 6,
      "time": 1.673429250717163
    }
  },
  "Chile": {
    "0": {
      "score": 5,
      "time": 1.6417694091796875
    }
  },
  "Belgium": {
    "0": {
      "score": 11,
      "time": 1.6587560176849365
    }
  },
  "Colombia": {
    "0": {
      "score": 9,
      "time": 0.3210272789001465
    }
  },
  "South,Africa": {
    "0": {
      "score": 5,
      "time": 2.00001859664917
    }
  },
  "Canada": {
    "0": {
      "score": 6,
      "time": 1.755441427230835
    }
  },
  "Spain": {
    "0": {
      "score": 7,
      "time": 1.8059930801391602
    }
  },
  "Argentina": {
    "0": {
      "score": 7,
      "time": 1.873495101928711
    }
  },
  "Poland": {
    "0": {
      "score": 7,
      "time": 1.7244603633880615
    }
  }
}