{
  "England": {
    "0": {
      "score": 3,
      "time": 0.34721946716308594
    }
  },
  "Netherlands": {
    "0": {
      "score": 9,
      "time": 0.4473702907562256
    }
  },
  "Korea,Republic": {
    "0": {
      "score": 6,
      "time": 0.29533934593200684
    }
  },
  "Japan": {
    "0": {
      "score": 7,
      "time": 0.19851899147033691
    }
  },
  "Northern,Ireland": {
    "0": {
      "score": 9,
      "time": 0.11719560623168945
    }
  },
  "Wales": {
    "0": {
      "score": 7,
      "time": 0.12185978889465332
    }
  },
  "Iceland": {
    "0": {
      "score": 7,
      "time": 0.22113490104675293
    }
  },
  "United,States": {
    "0": {
      "score": 7,
      "time": 0.4450860023498535
    }
  },
  "Finland": {
    "0": {
      "score": 7,
      "time": 0.1319904327392578
    }
  },
  "Turkey": {
    "0": {
      "score": 7,
      "time": 0.40518736839294434
    }
  },
  "Norway": {
    "0": {
      "score": 7,
      "time": 0.3611910343170166
    }
  },
  "Senegal": {
    "0": {
      "score": 9,
      "time": 0.13420796394348145
    }
  },
  "Scotland": {
    "0": {
      "score": 9,
      "time": 0.12900185585021973
    }
  },
  "Republic,of,Ireland": {
    "0": {
      "score": 9,
      "time": 0.10651707649230957
    }
  },
  "Germany": {
    "0": {
      "score": 7,
      "time": 0.4375276565551758
    }
  },
  "Kosovo": {
    "0": {
      "score": 9,
      "time": 0.2131209373474121
    }
  },
  "Denmark": {
    "0": {
      "score": 5,
      "time": 0.4052860736846924
    }
  },
  "Australia": {
    "0": {
      "score": 9,
      "time": 0.5734548568725586
    }
  },
  "Ghana": {
    "0": {
      "score": 3,
      "time": 0.3499741554260254
    }
  },
  "Brazil": {
    "0": {
      "score": 7,
      "time": 0.13084197044372559
    }
  },
  "France": {
    "0": {
      "score": 6,
      "time": 0.43886685371398926
    }
  },
  "Austria": {
    "0": {
      "score": 7,
      "time": 0.1568150520324707
    }
  },
  "Romania": {
    "0": {
      "score": 9,
      "time": 0.05547356605529785
    }
  },
  "Switzerland": {
    "0": {
      "score": 5,
      "time": 0.21166396141052246
    }
  },
  "Sweden": {
    "0": {
      "score": 8,
      "time": 0.13512039184570312
    }
  },
  "Serbia": {
    "0": {
      "score": 9,
      "time": 0.4520843029022217
    }
  },
  "Mexico": {
    "0": {
      "score": 5,
      "time": 0.31522202491760254
    }
  },
  "Italy": {
    "0": {
      "score": 7,
      "time": 0.43363118171691895
    }
  },
  "Nigeria": {
    "0": {
      "score": 6,
      "time": 0.11739444732666016
    }
  },
  "China,PR": {
    "0": {
      "score": 9,
      "time": 0.4565412998199463
    }
  },
  "Croatia": {
    "0": {
      "score": 7,
      "time": 0.10177111625671387
    }
  },
  "Saudi,Arabia": {
    "0": {
      "score": 6,
      "time": 0.24805402755737305
    }
  },
  "Chile": {
    "0": {
      "score": 6,
      "time": 0.25380730628967285
    }
  },
  "Belgium": {
    "0": {
      "score": 5,
      "time": 0.21431183815002441
    }
  },
  "Colombia": {
    "0": {
      "score": 9,
      "time": 0.13467168807983398
    }
  },
  "South,Africa": {
    "0": {
      "score": 6,
      "time": 0.33902812004089355
    }
  },
  "Canada": {
    "0": {
      "score": 7,
      "time": 0.4935760498046875
    }
  },
  "Spain": {
    "0": {
      "score": 6,
      "time": 0.3243067264556885
    }
  },
  "Argentina": {
    "0": {
      "score": 7,
      "time": 0.42250823974609375
    }
  },
  "Poland": {
    "0": {
      "score": 7,
      "time": 0.11239433288574219
    }
  }
}