{
  "England": {
    "0": {
      "score": 7,
      "time": 0.9353001117706299
    }
  },
  "Netherlands": {
    "0": {
      "score": 5,
      "time": 0.6042101383209229
    }
  },
  "Korea,Republic": {
    "0": {
      "score": 6,
      "time": 1.1473462581634521
    }
  },
  "Japan": {
    "0": {
      "score": 7,
      "time": 0.8831973075866699
    }
  },
  "Northern,Ireland": {
    "0": {
      "score": 8,
      "time": 0.740617036819458
    }
  },
  "Wales": {
    "0": {
      "score": 7,
      "time": 1.1077730655670166
    }
  },
  "Iceland": {
    "0": {
      "score": 7,
      "time": 1.7411649227142334
    }
  },
  "United,States": {
    "0": {
      "score": 7,
      "time": 0.7770731449127197
    }
  },
  "Finland": {
    "0": {
      "score": 7,
      "time": 0.8838014602661133
    }
  },
  "Turkey": {
    "0": {
      "score": 7,
      "time": 0.9371531009674072
    }
  },
  "Norway": {
    "0": {
      "score": 6,
      "time": 0.46952199935913086
    }
  },
  "Senegal": {
    "0": {
      "score": 8,
      "time": 0.8257186412811279
    }
  },
  "Scotland": {
    "0": {
      "score": 7,
      "time": 0.9390769004821777
    }
  },
  "Republic,of,Ireland": {
    "0": {
      "score": 9,
      "time": 0.7141239643096924
    }
  },
  "Germany": {
    "0": {
      "score": 11,
      "time": 1.0762805938720703
    }
  },
  "Kosovo": {
    "0": {
      "score": 9,
      "time": 1.1997230052947998
    }
  },
  "Denmark": {
    "0": {
      "score": 6,
      "time": 1.1148157119750977
    }
  },
  "Australia": {
    "0": {
      "score": 7,
      "time": 0.9853916168212891
    }
  },
  "Ghana": {
    "0": {
      "score": 4,
      "time": 0.7094588279724121
    }
  },
  "Brazil": {
    "0": {
      "score": 7,
      "time": 0.6113512516021729
    }
  },
  "France": {
    "0": {
      "score": 6,
      "time": 1.3446178436279297
    }
  },
  "Austria": {
    "0": {
      "score": 7,
      "time": 0.7782590389251709
    }
  },
  "Romania": {
    "0": {
      "score": 9,
      "time": 0.18760442733764648
    }
  },
  "Switzerland": {
    "0": {
      "score": 5,
      "time": 1.4832818508148193
    }
  },
  "Sweden": {
    "0": {
      "score": 8,
      "time": 0.267822265625
    }
  },
  "Serbia": {
    "0": {
      "score": 9,
      "time": 0.903688907623291
    }
  },
  "Mexico": {
    "0": {
      "score": 9,
      "time": 1.3667428493499756
    }
  },
  "Italy": {
    "0": {
      "score": 7,
      "time": 0.5560119152069092
    }
  },
  "Nigeria": {
    "0": {
      "score": 6,
      "time": 0.8503274917602539
    }
  },
  "China,PR": {
    "0": {
      "score": 9,
      "time": 1.0444040298461914
    }
  },
  "Croatia": {
    "0": {
      "score": 7,
      "time": 0.4218010902404785
    }
  },
  "Saudi,Arabia": {
    "0": {
      "score": 6,
      "time": 0.6525514125823975
    }
  },
  "Chile": {
    "0": {
      "score": 8,
      "time": 1.189328908920288
    }
  },
  "Belgium": {
    "0": {
      "score": 7,
      "time": 0.9610910415649414
    }
  },
  "Colombia": {
    "0": {
      "score": 9,
      "time": 0.6366333961486816
    }
  },
  "South,Africa": {
    "0": {
      "score": 8,
      "time": 1.396655797958374
    }
  },
  "Canada": {
    "0": {
      "score": 8,
      "time": 1.2299060821533203
    }
  },
  "Spain": {
    "0": {
      "score": 7,
      "time": 0.7821424007415771
    }
  },
  "Argentina": {
    "0": {
      "score": 7,
      "time": 1.1890771389007568
    }
  },
  "Poland": {
    "0": {
      "score": 9,
      "time": 0.7872724533081055
    }
  }
}