{
  "England": {
    "0": {
      "score": 7,
      "time": 1.4701223373413086
    }
  },
  "Netherlands": {
    "0": {
      "score": 5,
      "time": 1.8798959255218506
    }
  },
  "Korea,Republic": {
    "0": {
      "score": 7,
      "time": 0.8162336349487305
    }
  },
  "Japan": {
    "0": {
      "score": 9,
      "time": 1.5153467655181885
    }
  },
  "Northern,Ireland": {
    "0": {
      "score": 8,
      "time": 0.8671178817749023
    }
  },
  "Wales": {
    "0": {
      "score": 7,
      "time": 1.9983956813812256
    }
  },
  "Iceland": {
    "0": {
      "score": 5,
      "time": 1.8015809059143066
    }
  },
  "United,States": {
    "0": {
      "score": 7,
      "time": 1.6943385601043701
    }
  },
  "Finland": {
    "0": {
      "score": 7,
      "time": 0.6946332454681396
    }
  },
  "Turkey": {
    "0": {
      "score": 7,
      "time": 1.683638095855713
    }
  },
  "Norway": {
    "0": {
      "score": 9,
      "time": 0.8533411026000977
    }
  },
  "Senegal": {
    "0": {
      "score": 8,
      "time": 1.4986162185668945
    }
  },
  "Scotland": {
    "0": {
      "score": 7,
      "time": 0.5661861896514893
    }
  },
  "Republic,of,Ireland": {
    "0": {
      "score": 9,
      "time": 0.737807035446167
    }
  },
  "Germany": {
    "0": {
      "score": 11,
      "time": 1.4712824821472168
    }
  },
  "Kosovo": {
    "0": {
      "score": 9,
      "time": 0.8932414054870605
    }
  },
  "Denmark": {
    "0": {
      "score": 7,
      "time": 1.6896116733551025
    }
  },
  "Australia": {
    "0": {
      "score": 9,
      "time": 2.053313732147217
    }
  },
  "Ghana": {
    "0": {
      "score": 4,
      "time": 1.253952980041504
    }
  },
  "Brazil": {
    "0": {
      "score": 9,
      "time": 0.546259880065918
    }
  },
  "France": {
    "0": {
      "score": 8,
      "time": 1.2607102394104004
    }
  },
  "Austria": {
    "0": {
      "score": 7,
      "time": 1.7660605907440186
    }
  },
  "Romania": {
    "0": {
      "score": 9,
      "time": 0.4915132522583008
    }
  },
  "Switzerland": {
    "0": {
      "score": 5,
      "time": 1.9686272144317627
    }
  },
  "Sweden": {
    "0": {
      "score": 8,
      "time": 1.3265256881713867
    }
  },
  "Serbia": {
    "0": {
      "score": 9,
      "time": 1.7983086109161377
    }
  },
  "Mexico": {
    "0": {
      "score": 9,
      "time": 0.9616951942443848
    }
  },
  "Italy": {
    "0": {
      "score": 7,
      "time": 1.8166353702545166
    }
  },
  "Nigeria": {
    "0": {
      "score": 7,
      "time": 0.5386350154876709
    }
  },
  "China,PR": {
    "0": {
      "score": 9,
      "time": 1.8184516429901123
    }
  },
  "Croatia": {
    "0": {
      "score": 7,
      "time": 0.8881630897521973
    }
  },
  "Saudi,Arabia": {
    "0": {
      "score": 7,
      "time": 1.8176217079162598
    }
  },
  "Chile": {
    "0": {
      "score": 5,
      "time": 1.6896090507507324
    }
  },
  "Belgium": {
    "0": {
      "score": 7,
      "time": 1.3570952415466309
    }
  },
  "Colombia": {
    "0": {
      "score": 9,
      "time": 1.8230035305023193
    }
  },
  "South,Africa": {
    "0": {
      "score": 5,
      "time": 0.5869686603546143
    }
  },
  "Canada": {
    "0": {
      "score": 6,
      "time": 1.8819389343261719
    }
  },
  "Spain": {
    "0": {
      "score": 7,
      "time": 1.405608892440796
    }
  },
  "Argentina": {
    "0": {
      "score": 7,
      "time": 1.720308780670166
    }
  },
  "Poland": {
    "0": {
      "score": 9,
      "time": 1.7714552879333496
    }
  }
}