{
  "England": {
    "0": {
      "score": 9,
      "time": 1.2632734775543213
    }
  },
  "Netherlands": {
    "0": {
      "score": 5,
      "time": 1.6376171112060547
    }
  },
  "Korea,Republic": {
    "0": {
      "score": 7,
      "time": 1.580836534500122
    }
  },
  "Japan": {
    "0": {
      "score": 9,
      "time": 1.3647634983062744
    }
  },
  "Northern,Ireland": {
    "0": {
      "score": 8,
      "time": 1.7929773330688477
    }
  },
  "Wales": {
    "0": {
      "score": 7,
      "time": 1.6115672588348389
    }
  },
  "Iceland": {
    "0": {
      "score": 5,
      "time": 1.65482497215271
    }
  },
  "United,States": {
    "0": {
      "score": 5,
      "time": 2.029229164123535
    }
  },
  "Finland": {
    "0": {
      "score": 5,
      "time": 1.6656339168548584
    }
  },
  "Turkey": {
    "0": {
      "score": 7,
      "time": 0.6396255493164062
    }
  },
  "Norway": {
    "0": {
      "score": 9,
      "time": 1.8749921321868896
    }
  },
  "Senegal": {
    "0": {
      "score": 8,
      "time": 1.516059398651123
    }
  },
  "Scotland": {
    "0": {
      "score": 9,
      "time": 1.8401556015014648
    }
  },
  "Republic,of,Ireland": {
    "0": {
      "score": 9,
      "time": 1.3376328945159912
    }
  },
  "Germany": {
    "0": {
      "score": 11,
      "time": 2.017273187637329
    }
  },
  "Kosovo": {
    "0": {
      "score": 9,
      "time": 1.8267385959625244
    }
  },
  "Denmark": {
    "0": {
      "score": 6,
      "time": 1.108215093612671
    }
  },
  "Australia": {
    "0": {
      "score": 9,
      "time": 0.9317135810852051
    }
  },
  "Ghana": {
    "0": {
      "score": 4,
      "time": 1.2235150337219238
    }
  },
  "Brazil": {
    "0": {
      "score": 9,
      "time": 0.791640043258667
    }
  },
  "France": {
    "0": {
      "score": 8,
      "time": 1.39277982711792
    }
  },
  "Austria": {
    "0": {
      "score": 7,
      "time": 1.644254207611084
    }
  },
  "Romania": {
    "0": {
      "score": 9,
      "time": 0.8748342990875244
    }
  },
  "Switzerland": {
    "0": {
      "score": 5,
      "time": 1.8059377670288086
    }
  },
  "Sweden": {
    "0": {
      "score": 8,
      "time": 1.4194400310516357
    }
  },
  "Serbia": {
    "0": {
      "score": 9,
      "time": 1.6656184196472168
    }
  },
  "Mexico": {
    "0": {
      "score": 9,
      "time": 1.5009005069732666
    }
  },
  "Italy": {
    "0": {
      "score": 7,
      "time": 1.062701940536499
    }
  },
  "Nigeria": {
    "0": {
      "score": 5,
      "time": 1.8504297733306885
    }
  },
  "China,PR": {
    "0": {
      "score": 9,
      "time": 1.851930856704712
    }
  },
  "Croatia": {
    "0": {
      "score": 7,
      "time": 0.8488814830780029
    }
  },
  "Saudi,Arabia": {
    "0": {
      "score": 7,
      "time": 1.8602831363677979
    }
  },
  "Chile": {
    "0": {
      "score": 5,
      "time": 1.6770710945129395
    }
  },
  "Belgium": {
    "0": {
      "score": 7,
      "time": 1.8694863319396973
    }
  },
  "Colombia": {
    "0": {
      "score": 9,
      "time": 1.5474824905395508
    }
  },
  "South,Africa": {
    "0": {
      "score": 8,
      "time": 1.512561321258545
    }
  },
  "Canada": {
    "0": {
      "score": 6,
      "time": 1.6495685577392578
    }
  },
  "Spain": {
    "0": {
      "score": 7,
      "time": 0.6638352870941162
    }
  },
  "Argentina": {
    "0": {
      "score": 7,
      "time": 1.8181812763214111
    }
  },
  "Poland": {
    "0": {
      "score": 9,
      "time": 1.7045319080352783
    }
  }
}