{
  "England": {
    "0": {
      "score": 7,
      "time": 1.8438069820404053
    }
  },
  "Netherlands": {
    "0": {
      "score": 5,
      "time": 1.6762089729309082
    }
  },
  "Korea,Republic": {
    "0": {
      "score": 9,
      "time": 1.3463857173919678
    }
  },
  "Japan": {
    "0": {
      "score": 9,
      "time": 1.7868034839630127
    }
  },
  "Northern,Ireland": {
    "0": {
      "score": 8,
      "time": 1.9822299480438232
    }
  },
  "Wales": {
    "0": {
      "score": 7,
      "time": 1.684633731842041
    }
  },
  "Iceland": {
    "0": {
      "score": 4,
      "time": 1.6214179992675781
    }
  },
  "United,States": {
    "0": {
      "score": 7,
      "time": 1.7508490085601807
    }
  },
  "Finland": {
    "0": {
      "score": 6,
      "time": 1.8509995937347412
    }
  },
  "Turkey": {
    "0": {
      "score": 5,
      "time": 1.8354413509368896
    }
  },
  "Norway": {
    "0": {
      "score": 7,
      "time": 1.1659469604492188
    }
  },
  "Senegal": {
    "0": {
      "score": 8,
      "time": 1.8381905555725098
    }
  },
  "Scotland": {
    "0": {
      "score": 9,
      "time": 1.744476318359375
    }
  },
  "Republic,of,Ireland": {
    "0": {
      "score": 7,
      "time": 1.9227914810180664
    }
  },
  "Germany": {
    "0": {
      "score": 7,
      "time": 1.9039769172668457
    }
  },
  "Kosovo": {
    "0": {
      "score": 6,
      "time": 1.7448456287384033
    }
  },
  "Denmark": {
    "0": {
      "score": 5,
      "time": 1.0404772758483887
    }
  },
  "Australia": {
    "0": {
      "score": 7,
      "time": 1.9709877967834473
    }
  },
  "Ghana": {
    "0": {
      "score": 6,
      "time": 1.7550582885742188
    }
  },
  "Brazil": {
    "0": {
      "score": 8,
      "time": 1.5371603965759277
    }
  },
  "France": {
    "0": {
      "score": 6,
      "time": 1.7543134689331055
    }
  },
  "Austria": {
    "0": {
      "score": 7,
      "time": 1.9438183307647705
    }
  },
  "Romania": {
    "0": {
      "score": 9,
      "time": 2.0224812030792236
    }
  },
  "Switzerland": {
    "0": {
      "score": 5,
      "time": 1.9784753322601318
    }
  },
  "Sweden": {
    "0": {
      "score": 7,
      "time": 1.9660859107971191
    }
  },
  "Serbia": {
    "0": {
      "score": 9,
      "time": 1.0551352500915527
    }
  },
  "Mexico": {
    "0": {
      "score": 6,
      "time": 1.891831398010254
    }
  },
  "Italy": {
    "0": {
      "score": 5,
      "time": 0.6870076656341553
    }
  },
  "Nigeria": {
    "0": {
      "score": 6,
      "time": 2.075183629989624
    }
  },
  "China,PR": {
    "0": {
      "score": 7,
      "time": 1.8279247283935547
    }
  },
  "Croatia": {
    "0": {
      "score": 7,
      "time": 1.863896131515503
    }
  },
  "Saudi,Arabia": {
    "0": {
      "score": 7,
      "time": 1.9107484817504883
    }
  },
  "Chile": {
    "0": {
      "score": 6,
      "time": 1.8405511379241943
    }
  },
  "Belgium": {
    "0": {
      "score": 11,
      "time": 1.7485251426696777
    }
  },
  "Colombia": {
    "0": {
      "score": 7,
      "time": 1.8350718021392822
    }
  },
  "South,Africa": {
    "0": {
      "score": 7,
      "time": 2.0827460289001465
    }
  },
  "Canada": {
    "0": {
      "score": 8,
      "time": 1.6892187595367432
    }
  },
  "Spain": {
    "0": {
      "score": 7,
      "time": 1.1573944091796875
    }
  },
  "Argentina": {
    "0": {
      "score": 6,
      "time": 0.8032777309417725
    }
  },
  "Poland": {
    "0": {
      "score": 7,
      "time": 1.6933326721191406
    }
  }
}