{
  "England": {
    "0": {
      "score": 9,
      "time": 1.025437355041504
    }
  },
  "Netherlands": {
    "0": {
      "score": 7,
      "time": 0.9361627101898193
    }
  },
  "Korea,Republic": {
    "0": {
      "score": 5,
      "time": 1.6904547214508057
    }
  },
  "Japan": {
    "0": {
      "score": 7,
      "time": 0.861032247543335
    }
  },
  "Northern,Ireland": {
    "0": {
      "score": 8,
      "time": 0.19372057914733887
    }
  },
  "Wales": {
    "0": {
      "score": 7,
      "time": 0.8468952178955078
    }
  },
  "Iceland": {
    "0": {
      "score": 5,
      "time": 1.1026220321655273
    }
  },
  "United,States": {
    "0": {
      "score": 3,
      "time": 0.8018903732299805
    }
  },
  "Finland": {
    "0": {
      "score": 7,
      "time": 0.8958523273468018
    }
  },
  "Turkey": {
    "0": {
      "score": 7,
      "time": 1.1524653434753418
    }
  },
  "Norway": {
    "0": {
      "score": 6,
      "time": 1.720083475112915
    }
  },
  "Senegal": {
    "0": {
      "score": 8,
      "time": 0.24718403816223145
    }
  },
  "Scotland": {
    "0": {
      "score": 7,
      "time": 0.7444038391113281
    }
  },
  "Republic,of,Ireland": {
    "0": {
      "score": 9,
      "time": 0.8210844993591309
    }
  },
  "Germany": {
    "0": {
      "score": 11,
      "time": 1.23618745803833
    }
  },
  "Kosovo": {
    "0": {
      "score": 9,
      "time": 1.094099998474121
    }
  },
  "Denmark": {
    "0": {
      "score": 6,
      "time": 1.140702724456787
    }
  },
  "Australia": {
    "0": {
      "score": 7,
      "time": 0.9994239807128906
    }
  },
  "Ghana": {
    "0": {
      "score": 4,
      "time": 0.37830352783203125
    }
  },
  "Brazil": {
    "0": {
      "score": 7,
      "time": 1.2221755981445312
    }
  },
  "France": {
    "0": {
      "score": 6,
      "time": 1.5304057598114014
    }
  },
  "Austria": {
    "0": {
      "score": 7,
      "time": 0.5564959049224854
    }
  },
  "Romania": {
    "0": {
      "score": 9,
      "time": 0.25376152992248535
    }
  },
  "Switzerland": {
    "0": {
      "score": 5,
      "time": 0.9338333606719971
    }
  },
  "Sweden": {
    "0": {
      "score": 8,
      "time": 0.34540748596191406
    }
  },
  "Serbia": {
    "0": {
      "score": 9,
      "time": 1.3751952648162842
    }
  },
  "Mexico": {
    "0": {
      "score": 9,
      "time": 0.6596274375915527
    }
  },
  "Italy": {
    "0": {
      "score": 7,
      "time": 1.8790874481201172
    }
  },
  "Nigeria": {
    "0": {
      "score": 9,
      "time": 0.6115856170654297
    }
  },
  "China,PR": {
    "0": {
      "score": 9,
      "time": 0.7042372226715088
    }
  },
  "Croatia": {
    "0": {
      "score": 7,
      "time": 0.5084540843963623
    }
  },
  "Saudi,Arabia": {
    "0": {
      "score": 7,
      "time": 1.0321409702301025
    }
  },
  "Chile": {
    "0": {
      "score": 7,
      "time": 1.5716848373413086
    }
  },
  "Belgium": {
    "0": {
      "score": 7,
      "time": 1.241929292678833
    }
  },
  "Colombia": {
    "0": {
      "score": 9,
      "time": 1.0922157764434814
    }
  },
  "South,Africa": {
    "0": {
      "score": 8,
      "time": 1.8423535823822021
    }
  },
  "Canada": {
    "0": {
      "score": 6,
      "time": 0.5143790245056152
    }
  },
  "Spain": {
    "0": {
      "score": 7,
      "time": 1.852717638015747
    }
  },
  "Argentina": {
    "0": {
      "score": 7,
      "time": 0.8508317470550537
    }
  },
  "Poland": {
    "0": {
      "score": 9,
      "time": 1.526810884475708
    }
  }
}