{
  "England": {
    "0": {
      "score": 6,
      "time": 0.21268105506896973
    }
  },
  "Netherlands": {
    "0": {
      "score": 7,
      "time": 0.6136176586151123
    }
  },
  "Korea,Republic": {
    "0": {
      "score": 6,
      "time": 0.8161287307739258
    }
  },
  "Japan": {
    "0": {
      "score": 7,
      "time": 0.21662187576293945
    }
  },
  "Northern,Ireland": {
    "0": {
      "score": 9,
      "time": 0.43626904487609863
    }
  },
  "Wales": {
    "0": {
      "score": 7,
      "time": 0.5526425838470459
    }
  },
  "Iceland": {
    "0": {
      "score": 6,
      "time": 1.0773556232452393
    }
  },
  "United,States": {
    "0": {
      "score": 7,
      "time": 0.44116687774658203
    }
  },
  "Finland": {
    "0": {
      "score": 7,
      "time": 0.7737793922424316
    }
  },
  "Turkey": {
    "0": {
      "score": 8,
      "time": 0.9904532432556152
    }
  },
  "Norway": {
    "0": {
      "score": 5,
      "time": 0.6534416675567627
    }
  },
  "Senegal": {
    "0": {
      "score": 8,
      "time": 0.11156058311462402
    }
  },
  "Scotland": {
    "0": {
      "score": 7,
      "time": 0.21509456634521484
    }
  },
  "Republic,of,Ireland": {
    "0": {
      "score": 7,
      "time": 0.2332930564880371
    }
  },
  "Germany": {
    "0": {
      "score": 5,
      "time": 0.2135159969329834
    }
  },
  "Kosovo": {
    "0": {
      "score": 5,
      "time": 0.7992615699768066
    }
  },
  "Denmark": {
    "0": {
      "score": 7,
      "time": 0.8807756900787354
    }
  },
  "Australia": {
    "0": {
      "score": 9,
      "time": 1.088935375213623
    }
  },
  "Ghana": {
    "0": {
      "score": 3,
      "time": 0.1467609405517578
    }
  },
  "Brazil": {
    "0": {
      "score": 7,
      "time": 0.6904125213623047
    }
  },
  "France": {
    "0": {
      "score": 5,
      "time": 0.19266915321350098
    }
  },
  "Austria": {
    "0": {
      "score": 6,
      "time": 0.79549241065979
    }
  },
  "Romania": {
    "0": {
      "score": 9,
      "time": 0.07187414169311523
    }
  },
  "Switzerland": {
    "0": {
      "score": 6,
      "time": 0.8458342552185059
    }
  },
  "Sweden": {
    "0": {
      "score": 7,
      "time": 0.10118365287780762
    }
  },
  "Serbia": {
    "0": {
      "score": 7,
      "time": 0.28821277618408203
    }
  },
  "Mexico": {
    "0": {
      "score": 4,
      "time": 0.9882113933563232
    }
  },
  "Italy": {
    "0": {
      "score": 6,
      "time": 0.4036555290222168
    }
  },
  "Nigeria": {
    "0": {
      "score": 6,
      "time": 0.5415453910827637
    }
  },
  "China,PR": {
    "0": {
      "score": 9,
      "time": 0.2536938190460205
    }
  },
  "Croatia": {
    "0": {
      "score": 7,
      "time": 0.206587553024292
    }
  },
  "Saudi,Arabia": {
    "0": {
      "score": 6,
      "time": 0.8206517696380615
    }
  },
  "Chile": {
    "0": {
      "score": 6,
      "time": 0.5110962390899658
    }
  },
  "Belgium": {
    "0": {
      "score": 4,
      "time": 0.32143497467041016
    }
  },
  "Colombia": {
    "0": {
      "score": 7,
      "time": 0.17366313934326172
    }
  },
  "South,Africa": {
    "0": {
      "score": 9,
      "time": 0.6593070030212402
    }
  },
  "Canada": {
    "0": {
      "score": 7,
      "time": 0.5848078727722168
    }
  },
  "Spain": {
    "0": {
      "score": 7,
      "time": 0.6033196449279785
    }
  },
  "Argentina": {
    "0": {
      "score": 7,
      "time": 0.4680447578430176
    }
  },
  "Poland": {
    "0": {
      "score": 9,
      "time": 0.2117786407470703
    }
  }
}