{
  "England": {
    "0": {
      "score": 7,
      "time": 0.48725152015686035
    }
  },
  "Netherlands": {
    "0": {
      "score": 5,
      "time": 1.4124195575714111
    }
  },
  "Korea,Republic": {
    "0": {
      "score": 9,
      "time": 1.4980168342590332
    }
  },
  "Japan": {
    "0": {
      "score": 9,
      "time": 1.2516627311706543
    }
  },
  "Northern,Ireland": {
    "0": {
      "score": 8,
      "time": 1.628814458847046
    }
  },
  "Wales": {
    "0": {
      "score": 7,
      "time": 1.8293018341064453
    }
  },
  "Iceland": {
    "0": {
      "score": 5,
      "time": 1.6017699241638184
    }
  },
  "United,States": {
    "0": {
      "score": 5,
      "time": 1.9197428226470947
    }
  },
  "Finland": {
    "0": {
      "score": 6,
      "time": 1.846426010131836
    }
  },
  "Turkey": {
    "0": {
      "score": 7,
      "time": 1.3517065048217773
    }
  },
  "Norway": {
    "0": {
      "score": 9,
      "time": 0.8604705333709717
    }
  },
  "Senegal": {
    "0": {
      "score": 8,
      "time": 1.7596020698547363
    }
  },
  "Scotland": {
    "0": {
      "score": 9,
      "time": 1.7451939582824707
    }
  },
  "Republic,of,Ireland": {
    "0": {
      "score": 7,
      "time": 1.911402702331543
    }
  },
  "Germany": {
    "0": {
      "score": 7,
      "time": 1.694143295288086
    }
  },
  "Kosovo": {
    "0": {
      "score": 9,
      "time": 1.5981967449188232
    }
  },
  "Denmark": {
    "0": {
      "score": 5,
      "time": 1.7328031063079834
    }
  },
  "Australia": {
    "0": {
      "score": 9,
      "time": 1.840531349182129
    }
  },
  "Ghana": {
    "0": {
      "score": 6,
      "time": 1.5611538887023926
    }
  },
  "Brazil": {
    "0": {
      "score": 7,
      "time": 1.727219581604004
    }
  },
  "France": {
    "0": {
      "score": 6,
      "time": 1.0670444965362549
    }
  },
  "Austria": {
    "0": {
      "score": 7,
      "time": 1.903752326965332
    }
  },
  "Romania": {
    "0": {
      "score": 9,
      "time": 1.3501513004302979
    }
  },
  "Switzerland": {
    "0": {
      "score": 5,
      "time": 1.781522512435913
    }
  },
  "Sweden": {
    "0": {
      "score": 7,
      "time": 1.5006892681121826
    }
  },
  "Serbia": {
    "0": {
      "score": 9,
      "time": 1.836348056793213
    }
  },
  "Mexico": {
    "0": {
      "score": 6,
      "time": 1.8534455299377441
    }
  },
  "Italy": {
    "0": {
      "score": 6,
      "time": 0.7915482521057129
    }
  },
  "Nigeria": {
    "0": {
      "score": 6,
      "time": 1.6739928722381592
    }
  },
  "China,PR": {
    "0": {
      "score": 7,
      "time": 1.7089731693267822
    }
  },
  "Croatia": {
    "0": {
      "score": 7,
      "time": 0.5945649147033691
    }
  },
  "Saudi,Arabia": {
    "0": {
      "score": 6,
      "time": 1.0639276504516602
    }
  },
  "Chile": {
    "0": {
      "score": 5,
      "time": 1.805091142654419
    }
  },
  "Belgium": {
    "0": {
      "score": 7,
      "time": 1.7099814414978027
    }
  },
  "Colombia": {
    "0": {
      "score": 9,
      "time": 1.7691340446472168
    }
  },
  "South,Africa": {
    "0": {
      "score": 9,
      "time": 1.0842690467834473
    }
  },
  "Canada": {
    "0": {
      "score": 6,
      "time": 1.6075022220611572
    }
  },
  "Spain": {
    "0": {
      "score": 7,
      "time": 1.0198519229888916
    }
  },
  "Argentina": {
    "0": {
      "score": 7,
      "time": 0.5089750289916992
    }
  },
  "Poland": {
    "0": {
      "score": 7,
      "time": 1.8649327754974365
    }
  }
}