{
  "England": {
    "0": {
      "score": 3,
      "time": 0.1956033706665039
    }
  },
  "Netherlands": {
    "0": {
      "score": 7,
      "time": 0.2910315990447998
    }
  },
  "Korea,Republic": {
    "0": {
      "score": 6,
      "time": 0.1537003517150879
    }
  },
  "Japan": {
    "0": {
      "score": 4,
      "time": 0.17771387100219727
    }
  },
  "Northern,Ireland": {
    "0": {
      "score": 9,
      "time": 0.07007074356079102
    }
  },
  "Wales": {
    "0": {
      "score": 5,
      "time": 0.12775659561157227
    }
  },
  "Iceland": {
    "0": {
      "score": 5,
      "time": 0.11815285682678223
    }
  },
  "United,States": {
    "0": {
      "score": 5,
      "time": 0.07992935180664062
    }
  },
  "Finland": {
    "0": {
      "score": 7,
      "time": 0.06302928924560547
    }
  },
  "Turkey": {
    "0": {
      "score": 4,
      "time": 0.08162569999694824
    }
  },
  "Norway": {
    "0": {
      "score": 6,
      "time": 0.2025153636932373
    }
  },
  "Senegal": {
    "0": {
      "score": 9,
      "time": 0.07755184173583984
    }
  },
  "Scotland": {
    "0": {
      "score": 9,
      "time": 0.15234756469726562
    }
  },
  "Republic,of,Ireland": {
    "0": {
      "score": 6,
      "time": 0.1276078224182129
    }
  },
  "Germany": {
    "0": {
      "score": 5,
      "time": 0.06331253051757812
    }
  },
  "Kosovo": {
    "0": {
      "score": 6,
      "time": 0.09839558601379395
    }
  },
  "Denmark": {
    "0": {
      "score": 7,
      "time": 0.08363127708435059
    }
  },
  "Australia": {
    "0": {
      "score": 9,
      "time": 0.2349398136138916
    }
  },
  "Ghana": {
    "0": {
      "score": 3,
      "time": 0.08653879165649414
    }
  },
  "Brazil": {
    "0": {
      "score": 6,
      "time": 0.19057631492614746
    }
  },
  "France": {
    "0": {
      "score": 5,
      "time": 0.17316579818725586
    }
  },
  "Austria": {
    "0": {
      "score": 6,
      "time": 0.17691588401794434
    }
  },
  "Romania": {
    "0": {
      "score": 7,
      "time": 0.0725412368774414
    }
  },
  "Switzerland": {
    "0": {
      "score": 5,
      "time": 0.09438204765319824
    }
  },
  "Sweden": {
    "0": {
      "score": 6,
      "time": 0.10000419616699219
    }
  },
  "Serbia": {
    "0": {
      "score": 9,
      "time": 0.06074857711791992
    }
  },
  "Mexico": {
    "0": {
      "score": 7,
      "time": 0.14548921585083008
    }
  },
  "Italy": {
    "0": {
      "score": 2,
      "time": 0.10077762603759766
    }
  },
  "Nigeria": {
    "0": {
      "score": 4,
      "time": 0.08037638664245605
    }
  },
  "China,PR": {
    "0": {
      "score": 4,
      "time": 0.21601128578186035
    }
  },
  "Croatia": {
    "0": {
      "score": 8,
      "time": 0.07927465438842773
    }
  },
  "Saudi,Arabia": {
    "0": {
      "score": 5,
      "time": 0.1304912567138672
    }
  },
  "Chile": {
    "0": {
      "score": 6,
      "time": 0.08324289321899414
    }
  },
  "Belgium": {
    "0": {
      "score": 5,
      "time": 0.16852831840515137
    }
  },
  "Colombia": {
    "0": {
      "score": 6,
      "time": 0.10529613494873047
    }
  },
  "South,Africa": {
    "0": {
      "score": 9,
      "time": 0.061081647872924805
    }
  },
  "Canada": {
    "0": {
      "score": 7,
      "time": 0.07487916946411133
    }
  },
  "Spain": {
    "0": {
      "score": 3,
      "time": 0.08274316787719727
    }
  },
  "Argentina": {
    "0": {
      "score": 7,
      "time": 0.1267402172088623
    }
  },
  "Poland": {
    "0": {
      "score": 4,
      "time": 0.07722783088684082
    }
  }
}