{
  "England": {
    "0": {
      "score": 8,
      "time": 0.1376044750213623
    }
  },
  "Netherlands": {
    "0": {
      "score": 7,
      "time": 0.2984442710876465
    }
  },
  "Korea,Republic": {
    "0": {
      "score": 6,
      "time": 0.8388161659240723
    }
  },
  "Japan": {
    "0": {
      "score": 7,
      "time": 0.5945417881011963
    }
  },
  "Northern,Ireland": {
    "0": {
      "score": 9,
      "time": 0.4184286594390869
    }
  },
  "Wales": {
    "0": {
      "score": 7,
      "time": 0.19136667251586914
    }
  },
  "Iceland": {
    "0": {
      "score": 6,
      "time": 0.808180570602417
    }
  },
  "United,States": {
    "0": {
      "score": 7,
      "time": 0.8912155628204346
    }
  },
  "Finland": {
    "0": {
      "score": 7,
      "time": 0.33211565017700195
    }
  },
  "Turkey": {
    "0": {
      "score": 8,
      "time": 0.6667895317077637
    }
  },
  "Norway": {
    "0": {
      "score": 5,
      "time": 0.7402634620666504
    }
  },
  "Senegal": {
    "0": {
      "score": 8,
      "time": 0.4977903366088867
    }
  },
  "Scotland": {
    "0": {
      "score": 7,
      "time": 0.5363037586212158
    }
  },
  "Republic,of,Ireland": {
    "0": {
      "score": 9,
      "time": 0.3926553726196289
    }
  },
  "Germany": {
    "0": {
      "score": 5,
      "time": 0.4872591495513916
    }
  },
  "Kosovo": {
    "0": {
      "score": 5,
      "time": 0.4750173091888428
    }
  },
  "Denmark": {
    "0": {
      "score": 8,
      "time": 0.7754113674163818
    }
  },
  "Australia": {
    "0": {
      "score": 9,
      "time": 0.7865760326385498
    }
  },
  "Ghana": {
    "0": {
      "score": 3,
      "time": 0.20970678329467773
    }
  },
  "Brazil": {
    "0": {
      "score": 7,
      "time": 0.6323916912078857
    }
  },
  "France": {
    "0": {
      "score": 6,
      "time": 0.519855260848999
    }
  },
  "Austria": {
    "0": {
      "score": 6,
      "time": 0.9162020683288574
    }
  },
  "Romania": {
    "0": {
      "score": 9,
      "time": 0.08024787902832031
    }
  },
  "Switzerland": {
    "0": {
      "score": 6,
      "time": 0.37416887283325195
    }
  },
  "Sweden": {
    "0": {
      "score": 7,
      "time": 0.24772119522094727
    }
  },
  "Serbia": {
    "0": {
      "score": 9,
      "time": 0.22253060340881348
    }
  },
  "Mexico": {
    "0": {
      "score": 4,
      "time": 0.47884297370910645
    }
  },
  "Italy": {
    "0": {
      "score": 6,
      "time": 0.7951123714447021
    }
  },
  "Nigeria": {
    "0": {
      "score": 7,
      "time": 0.19382715225219727
    }
  },
  "China,PR": {
    "0": {
      "score": 9,
      "time": 0.7745158672332764
    }
  },
  "Croatia": {
    "0": {
      "score": 7,
      "time": 0.12291908264160156
    }
  },
  "Saudi,Arabia": {
    "0": {
      "score": 6,
      "time": 0.6688323020935059
    }
  },
  "Chile": {
    "0": {
      "score": 6,
      "time": 0.25673723220825195
    }
  },
  "Belgium": {
    "0": {
      "score": 7,
      "time": 0.19919109344482422
    }
  },
  "Colombia": {
    "0": {
      "score": 9,
      "time": 0.41975879669189453
    }
  },
  "South,Africa": {
    "0": {
      "score": 9,
      "time": 0.21689081192016602
    }
  },
  "Canada": {
    "0": {
      "score": 7,
      "time": 0.1767878532409668
    }
  },
  "Spain": {
    "0": {
      "score": 7,
      "time": 0.757981538772583
    }
  },
  "Argentina": {
    "0": {
      "score": 7,
      "time": 0.5068943500518799
    }
  },
  "Poland": {
    "0": {
      "score": 7,
      "time": 0.40467262268066406
    }
  }
}