{
  "England": {
    "0": {
      "score": 7,
      "time": 1.737438678741455
    }
  },
  "Netherlands": {
    "0": {
      "score": 8,
      "time": 1.7254126071929932
    }
  },
  "Korea,Republic": {
    "0": {
      "score": 9,
      "time": 1.5938818454742432
    }
  },
  "Japan": {
    "0": {
      "score": 9,
      "time": 1.8182697296142578
    }
  },
  "Northern,Ireland": {
    "0": {
      "score": 8,
      "time": 0.9128842353820801
    }
  },
  "Wales": {
    "0": {
      "score": 7,
      "time": 1.7533180713653564
    }
  },
  "Iceland": {
    "0": {
      "score": 5,
      "time": 1.6149306297302246
    }
  },
  "United,States": {
    "0": {
      "score": 7,
      "time": 1.8222172260284424
    }
  },
  "Finland": {
    "0": {
      "score": 5,
      "time": 0.7537481784820557
    }
  },
  "Turkey": {
    "0": {
      "score": 7,
      "time": 1.6417381763458252
    }
  },
  "Norway": {
    "0": {
      "score": 7,
      "time": 1.2796566486358643
    }
  },
  "Senegal": {
    "0": {
      "score": 8,
      "time": 1.5262529850006104
    }
  },
  "Scotland": {
    "0": {
      "score": 9,
      "time": 1.749765157699585
    }
  },
  "Republic,of,Ireland": {
    "0": {
      "score": 9,
      "time": 1.756194829940796
    }
  },
  "Germany": {
    "0": {
      "score": 7,
      "time": 1.8901464939117432
    }
  },
  "Kosovo": {
    "0": {
      "score": 6,
      "time": 0.779752254486084
    }
  },
  "Denmark": {
    "0": {
      "score": 9,
      "time": 1.9482331275939941
    }
  },
  "Australia": {
    "0": {
      "score": 9,
      "time": 1.6378984451293945
    }
  },
  "Ghana": {
    "0": {
      "score": 6,
      "time": 0.8459770679473877
    }
  },
  "Brazil": {
    "0": {
      "score": 7,
      "time": 1.797727108001709
    }
  },
  "France": {
    "0": {
      "score": 6,
      "time": 0.8976383209228516
    }
  },
  "Austria": {
    "0": {
      "score": 7,
      "time": 1.6078791618347168
    }
  },
  "Romania": {
    "0": {
      "score": 7,
      "time": 1.3145134449005127
    }
  },
  "Switzerland": {
    "0": {
      "score": 7,
      "time": 1.943544626235962
    }
  },
  "Sweden": {
    "0": {
      "score": 7,
      "time": 0.9640705585479736
    }
  },
  "Serbia": {
    "0": {
      "score": 9,
      "time": 2.1646625995635986
    }
  },
  "Mexico": {
    "0": {
      "score": 7,
      "time": 1.9031014442443848
    }
  },
  "Italy": {
    "0": {
      "score": 6,
      "time": 1.6740343570709229
    }
  },
  "Nigeria": {
    "0": {
      "score": 4,
      "time": 1.190556287765503
    }
  },
  "China,PR": {
    "0": {
      "score": 7,
      "time": 1.8447744846343994
    }
  },
  "Croatia": {
    "0": {
      "score": 7,
      "time": 1.3106799125671387
    }
  },
  "Saudi,Arabia": {
    "0": {
      "score": 9,
      "time": 0.8052647113800049
    }
  },
  "Chile": {
    "0": {
      "score": 4,
      "time": 1.7000706195831299
    }
  },
  "Belgium": {
    "0": {
      "score": 11,
      "time": 1.8706696033477783
    }
  },
  "Colombia": {
    "0": {
      "score": 7,
      "time": 1.8785531520843506
    }
  },
  "South,Africa": {
    "0": {
      "score": 7,
      "time": 1.7475616931915283
    }
  },
  "Canada": {
    "0": {
      "score": 6,
      "time": 1.0721039772033691
    }
  },
  "Spain": {
    "0": {
      "score": 7,
      "time": 1.6052896976470947
    }
  },
  "Argentina": {
    "0": {
      "score": 7,
      "time": 1.7102670669555664
    }
  },
  "Poland": {
    "0": {
      "score": 7,
      "time": 1.1393234729766846
    }
  }
}