{
  "England": {
    "0": {
      "score": 7,
      "time": 1.8352468013763428
    }
  },
  "Netherlands": {
    "0": {
      "score": 8,
      "time": 1.7029788494110107
    }
  },
  "Korea,Republic": {
    "0": {
      "score": 9,
      "time": 1.6570796966552734
    }
  },
  "Japan": {
    "0": {
      "score": 9,
      "time": 1.9851319789886475
    }
  },
  "Northern,Ireland": {
    "0": {
      "score": 8,
      "time": 0.8771183490753174
    }
  },
  "Wales": {
    "0": {
      "score": 7,
      "time": 1.8826696872711182
    }
  },
  "Iceland": {
    "0": {
      "score": 5,
      "time": 1.670379638671875
    }
  },
  "United,States": {
    "0": {
      "score": 7,
      "time": 1.8347795009613037
    }
  },
  "Finland": {
    "0": {
      "score": 5,
      "time": 0.7469179630279541
    }
  },
  "Turkey": {
    "0": {
      "score": 7,
      "time": 1.5608649253845215
    }
  },
  "Norway": {
    "0": {
      "score": 7,
      "time": 1.1965129375457764
    }
  },
  "Senegal": {
    "0": {
      "score": 8,
      "time": 1.36751127243042
    }
  },
  "Scotland": {
    "0": {
      "score": 9,
      "time": 1.9209656715393066
    }
  },
  "Republic,of,Ireland": {
    "0": {
      "score": 9,
      "time": 1.75374174118042
    }
  },
  "Germany": {
    "0": {
      "score": 7,
      "time": 1.7554819583892822
    }
  },
  "Kosovo": {
    "0": {
      "score": 6,
      "time": 0.822861909866333
    }
  },
  "Denmark": {
    "0": {
      "score": 9,
      "time": 1.8146779537200928
    }
  },
  "Australia": {
    "0": {
      "score": 9,
      "time": 1.5366315841674805
    }
  },
  "Ghana": {
    "0": {
      "score": 6,
      "time": 0.8363280296325684
    }
  },
  "Brazil": {
    "0": {
      "score": 7,
      "time": 1.7761189937591553
    }
  },
  "France": {
    "0": {
      "score": 6,
      "time": 0.8889667987823486
    }
  },
  "Austria": {
    "0": {
      "score": 7,
      "time": 1.586150884628296
    }
  },
  "Romania": {
    "0": {
      "score": 7,
      "time": 1.2932624816894531
    }
  },
  "Switzerland": {
    "0": {
      "score": 7,
      "time": 1.8981916904449463
    }
  },
  "Sweden": {
    "0": {
      "score": 7,
      "time": 0.9349820613861084
    }
  },
  "Serbia": {
    "0": {
      "score": 9,
      "time": 2.1320018768310547
    }
  },
  "Mexico": {
    "0": {
      "score": 7,
      "time": 1.8011248111724854
    }
  },
  "Italy": {
    "0": {
      "score": 6,
      "time": 1.6560804843902588
    }
  },
  "Nigeria": {
    "0": {
      "score": 4,
      "time": 1.3047337532043457
    }
  },
  "China,PR": {
    "0": {
      "score": 7,
      "time": 1.8493635654449463
    }
  },
  "Croatia": {
    "0": {
      "score": 7,
      "time": 1.1765995025634766
    }
  },
  "Saudi,Arabia": {
    "0": {
      "score": 9,
      "time": 0.7328486442565918
    }
  },
  "Chile": {
    "0": {
      "score": 4,
      "time": 1.8498611450195312
    }
  },
  "Belgium": {
    "0": {
      "score": 11,
      "time": 1.8608336448669434
    }
  },
  "Colombia": {
    "0": {
      "score": 7,
      "time": 1.761758804321289
    }
  },
  "South,Africa": {
    "0": {
      "score": 7,
      "time": 1.83048415184021
    }
  },
  "Canada": {
    "0": {
      "score": 6,
      "time": 1.0709397792816162
    }
  },
  "Spain": {
    "0": {
      "score": 7,
      "time": 1.4610717296600342
    }
  },
  "Argentina": {
    "0": {
      "score": 7,
      "time": 1.8903331756591797
    }
  },
  "Poland": {
    "0": {
      "score": 7,
      "time": 1.1256937980651855
    }
  }
}