{
  "England": {
    "0": {
      "score": 7,
      "time": 1.6979544162750244
    }
  },
  "Netherlands": {
    "0": {
      "score": 8,
      "time": 1.6074073314666748
    }
  },
  "Korea,Republic": {
    "0": {
      "score": 9,
      "time": 1.52376127243042
    }
  },
  "Japan": {
    "0": {
      "score": 9,
      "time": 1.6921160221099854
    }
  },
  "Northern,Ireland": {
    "0": {
      "score": 8,
      "time": 0.9032385349273682
    }
  },
  "Wales": {
    "0": {
      "score": 7,
      "time": 1.871453046798706
    }
  },
  "Iceland": {
    "0": {
      "score": 5,
      "time": 1.5243284702301025
    }
  },
  "United,States": {
    "0": {
      "score": 7,
      "time": 1.686340093612671
    }
  },
  "Finland": {
    "0": {
      "score": 5,
      "time": 0.8246290683746338
    }
  },
  "Turkey": {
    "0": {
      "score": 7,
      "time": 1.5422704219818115
    }
  },
  "Norway": {
    "0": {
      "score": 7,
      "time": 1.1241304874420166
    }
  },
  "Senegal": {
    "0": {
      "score": 8,
      "time": 1.5355336666107178
    }
  },
  "Scotland": {
    "0": {
      "score": 9,
      "time": 1.7326390743255615
    }
  },
  "Republic,of,Ireland": {
    "0": {
      "score": 9,
      "time": 1.7202973365783691
    }
  },
  "Germany": {
    "0": {
      "score": 7,
      "time": 1.8527705669403076
    }
  },
  "Kosovo": {
    "0": {
      "score": 6,
      "time": 0.7619171142578125
    }
  },
  "Denmark": {
    "0": {
      "score": 9,
      "time": 1.9169905185699463
    }
  },
  "Australia": {
    "0": {
      "score": 9,
      "time": 1.5763664245605469
    }
  },
  "Ghana": {
    "0": {
      "score": 6,
      "time": 0.8404626846313477
    }
  },
  "Brazil": {
    "0": {
      "score": 7,
      "time": 1.6734614372253418
    }
  },
  "France": {
    "0": {
      "score": 6,
      "time": 0.8647875785827637
    }
  },
  "Austria": {
    "0": {
      "score": 7,
      "time": 1.5899386405944824
    }
  },
  "Romania": {
    "0": {
      "score": 7,
      "time": 1.358588695526123
    }
  },
  "Switzerland": {
    "0": {
      "score": 7,
      "time": 1.9588797092437744
    }
  },
  "Sweden": {
    "0": {
      "score": 7,
      "time": 0.9563307762145996
    }
  },
  "Serbia": {
    "0": {
      "score": 9,
      "time": 2.079164743423462
    }
  },
  "Mexico": {
    "0": {
      "score": 7,
      "time": 1.7306432723999023
    }
  },
  "Italy": {
    "0": {
      "score": 6,
      "time": 1.7534914016723633
    }
  },
  "Nigeria": {
    "0": {
      "score": 4,
      "time": 1.2995333671569824
    }
  },
  "China,PR": {
    "0": {
      "score": 7,
      "time": 1.816394567489624
    }
  },
  "Croatia": {
    "0": {
      "score": 7,
      "time": 1.1981821060180664
    }
  },
  "Saudi,Arabia": {
    "0": {
      "score": 9,
      "time": 0.7887413501739502
    }
  },
  "Chile": {
    "0": {
      "score": 4,
      "time": 1.697601318359375
    }
  },
  "Belgium": {
    "0": {
      "score": 11,
      "time": 1.8225927352905273
    }
  },
  "Colombia": {
    "0": {
      "score": 7,
      "time": 1.8544228076934814
    }
  },
  "South,Africa": {
    "0": {
      "score": 7,
      "time": 1.7263784408569336
    }
  },
  "Canada": {
    "0": {
      "score": 6,
      "time": 1.134049654006958
    }
  },
  "Spain": {
    "0": {
      "score": 7,
      "time": 1.459120512008667
    }
  },
  "Argentina": {
    "0": {
      "score": 7,
      "time": 1.8296234607696533
    }
  },
  "Poland": {
    "0": {
      "score": 7,
      "time": 1.1841387748718262
    }
  }
}