{
  "England": {
    "0": {
      "score": 7,
      "time": 1.2255277633666992
    }
  },
  "Netherlands": {
    "0": {
      "score": 5,
      "time": 1.8069474697113037
    }
  },
  "Korea,Republic": {
    "0": {
      "score": 9,
      "time": 1.5469834804534912
    }
  },
  "Japan": {
    "0": {
      "score": 9,
      "time": 1.1346807479858398
    }
  },
  "Northern,Ireland": {
    "0": {
      "score": 8,
      "time": 1.6290996074676514
    }
  },
  "Wales": {
    "0": {
      "score": 7,
      "time": 1.8994650840759277
    }
  },
  "Iceland": {
    "0": {
      "score": 4,
      "time": 1.6880202293395996
    }
  },
  "United,States": {
    "0": {
      "score": 7,
      "time": 1.6602916717529297
    }
  },
  "Finland": {
    "0": {
      "score": 5,
      "time": 1.741231918334961
    }
  },
  "Turkey": {
    "0": {
      "score": 5,
      "time": 1.674177885055542
    }
  },
  "Norway": {
    "0": {
      "score": 7,
      "time": 1.9756388664245605
    }
  },
  "Senegal": {
    "0": {
      "score": 8,
      "time": 1.7207481861114502
    }
  },
  "Scotland": {
    "0": {
      "score": 9,
      "time": 1.684096336364746
    }
  },
  "Republic,of,Ireland": {
    "0": {
      "score": 7,
      "time": 1.7316842079162598
    }
  },
  "Germany": {
    "0": {
      "score": 7,
      "time": 1.856224536895752
    }
  },
  "Kosovo": {
    "0": {
      "score": 6,
      "time": 1.4981911182403564
    }
  },
  "Denmark": {
    "0": {
      "score": 5,
      "time": 1.6665189266204834
    }
  },
  "Australia": {
    "0": {
      "score": 7,
      "time": 1.9486701488494873
    }
  },
  "Ghana": {
    "0": {
      "score": 6,
      "time": 1.5629844665527344
    }
  },
  "Brazil": {
    "0": {
      "score": 8,
      "time": 1.7469515800476074
    }
  },
  "France": {
    "0": {
      "score": 6,
      "time": 1.7308268547058105
    }
  },
  "Austria": {
    "0": {
      "score": 7,
      "time": 1.710601568222046
    }
  },
  "Romania": {
    "0": {
      "score": 9,
      "time": 1.2747023105621338
    }
  },
  "Switzerland": {
    "0": {
      "score": 5,
      "time": 1.824354648590088
    }
  },
  "Sweden": {
    "0": {
      "score": 7,
      "time": 1.7700750827789307
    }
  },
  "Serbia": {
    "0": {
      "score": 9,
      "time": 1.7393043041229248
    }
  },
  "Mexico": {
    "0": {
      "score": 6,
      "time": 1.6581673622131348
    }
  },
  "Italy": {
    "0": {
      "score": 6,
      "time": 1.9162306785583496
    }
  },
  "Nigeria": {
    "0": {
      "score": 6,
      "time": 1.746169090270996
    }
  },
  "China,PR": {
    "0": {
      "score": 6,
      "time": 1.5947458744049072
    }
  },
  "Croatia": {
    "0": {
      "score": 7,
      "time": 1.8537468910217285
    }
  },
  "Saudi,Arabia": {
    "0": {
      "score": 7,
      "time": 0.4275202751159668
    }
  },
  "Chile": {
    "0": {
      "score": 6,
      "time": 1.6433796882629395
    }
  },
  "Belgium": {
    "0": {
      "score": 11,
      "time": 1.9702444076538086
    }
  },
  "Colombia": {
    "0": {
      "score": 7,
      "time": 1.7677900791168213
    }
  },
  "South,Africa": {
    "0": {
      "score": 7,
      "time": 1.659780502319336
    }
  },
  "Canada": {
    "0": {
      "score": 8,
      "time": 1.8185243606567383
    }
  },
  "Spain": {
    "0": {
      "score": 7,
      "time": 1.8479397296905518
    }
  },
  "Argentina": {
    "0": {
      "score": 6,
      "time": 1.8897154331207275
    }
  },
  "Poland": {
    "0": {
      "score": 7,
      "time": 1.2252094745635986
    }
  }
}