{
  "England": {
    "0": {
      "score": 9,
      "time": 0.5226864814758301
    }
  },
  "Netherlands": {
    "0": {
      "score": 7,
      "time": 0.8652348518371582
    }
  },
  "Korea,Republic": {
    "0": {
      "score": 5,
      "time": 0.5649001598358154
    }
  },
  "Japan": {
    "0": {
      "score": 7,
      "time": 0.1663353443145752
    }
  },
  "Northern,Ireland": {
    "0": {
      "score": 9,
      "time": 0.49304962158203125
    }
  },
  "Wales": {
    "0": {
      "score": 7,
      "time": 0.6616132259368896
    }
  },
  "Iceland": {
    "0": {
      "score": 7,
      "time": 0.8009781837463379
    }
  },
  "United,States": {
    "0": {
      "score": 7,
      "time": 0.7008585929870605
    }
  },
  "Finland": {
    "0": {
      "score": 7,
      "time": 0.766573429107666
    }
  },
  "Turkey": {
    "0": {
      "score": 7,
      "time": 0.6694233417510986
    }
  },
  "Norway": {
    "0": {
      "score": 5,
      "time": 0.5509507656097412
    }
  },
  "Senegal": {
    "0": {
      "score": 8,
      "time": 0.4893989562988281
    }
  },
  "Scotland": {
    "0": {
      "score": 7,
      "time": 0.41292881965637207
    }
  },
  "Republic,of,Ireland": {
    "0": {
      "score": 9,
      "time": 0.24185395240783691
    }
  },
  "Germany": {
    "0": {
      "score": 7,
      "time": 0.6530568599700928
    }
  },
  "Kosovo": {
    "0": {
      "score": 5,
      "time": 0.5443496704101562
    }
  },
  "Denmark": {
    "0": {
      "score": 7,
      "time": 1.3228423595428467
    }
  },
  "Australia": {
    "0": {
      "score": 9,
      "time": 0.9945931434631348
    }
  },
  "Ghana": {
    "0": {
      "score": 4,
      "time": 0.19144439697265625
    }
  },
  "Brazil": {
    "0": {
      "score": 7,
      "time": 0.3492443561553955
    }
  },
  "France": {
    "0": {
      "score": 6,
      "time": 0.31024622917175293
    }
  },
  "Austria": {
    "0": {
      "score": 6,
      "time": 0.8715536594390869
    }
  },
  "Romania": {
    "0": {
      "score": 9,
      "time": 0.10061287879943848
    }
  },
  "Switzerland": {
    "0": {
      "score": 5,
      "time": 0.7801291942596436
    }
  },
  "Sweden": {
    "0": {
      "score": 7,
      "time": 0.14827632904052734
    }
  },
  "Serbia": {
    "0": {
      "score": 9,
      "time": 0.2739992141723633
    }
  },
  "Mexico": {
    "0": {
      "score": 4,
      "time": 0.3013474941253662
    }
  },
  "Italy": {
    "0": {
      "score": 6,
      "time": 0.9529109001159668
    }
  },
  "Nigeria": {
    "0": {
      "score": 7,
      "time": 0.43958330154418945
    }
  },
  "China,PR": {
    "0": {
      "score": 9,
      "time": 0.35108208656311035
    }
  },
  "Croatia": {
    "0": {
      "score": 7,
      "time": 0.2503173351287842
    }
  },
  "Saudi,Arabia": {
    "0": {
      "score": 5,
      "time": 0.8328728675842285
    }
  },
  "Chile": {
    "0": {
      "score": 6,
      "time": 0.5585713386535645
    }
  },
  "Belgium": {
    "0": {
      "score": 7,
      "time": 0.8194577693939209
    }
  },
  "Colombia": {
    "0": {
      "score": 7,
      "time": 0.5496573448181152
    }
  },
  "South,Africa": {
    "0": {
      "score": 7,
      "time": 0.23629975318908691
    }
  },
  "Canada": {
    "0": {
      "score": 9,
      "time": 0.6505143642425537
    }
  },
  "Spain": {
    "0": {
      "score": 7,
      "time": 0.9320831298828125
    }
  },
  "Argentina": {
    "0": {
      "score": 7,
      "time": 0.6345827579498291
    }
  },
  "Poland": {
    "0": {
      "score": 7,
      "time": 0.5722696781158447
    }
  }
}