{
  "England": {
    "0": {
      "score": 9,
      "time": 0.842566967010498
    }
  },
  "Netherlands": {
    "0": {
      "score": 7,
      "time": 1.1427171230316162
    }
  },
  "Korea,Republic": {
    "0": {
      "score": 5,
      "time": 1.3972268104553223
    }
  },
  "Japan": {
    "0": {
      "score": 5,
      "time": 0.7506647109985352
    }
  },
  "Northern,Ireland": {
    "0": {
      "score": 8,
      "time": 0.9261481761932373
    }
  },
  "Wales": {
    "0": {
      "score": 7,
      "time": 1.1468865871429443
    }
  },
  "Iceland": {
    "0": {
      "score": 7,
      "time": 1.486659288406372
    }
  },
  "United,States": {
    "0": {
      "score": 7,
      "time": 0.6260092258453369
    }
  },
  "Finland": {
    "0": {
      "score": 7,
      "time": 1.2412962913513184
    }
  },
  "Turkey": {
    "0": {
      "score": 7,
      "time": 1.453660249710083
    }
  },
  "Norway": {
    "0": {
      "score": 5,
      "time": 1.1679415702819824
    }
  },
  "Senegal": {
    "0": {
      "score": 8,
      "time": 0.5531749725341797
    }
  },
  "Scotland": {
    "0": {
      "score": 7,
      "time": 0.9480917453765869
    }
  },
  "Republic,of,Ireland": {
    "0": {
      "score": 9,
      "time": 0.4600539207458496
    }
  },
  "Germany": {
    "0": {
      "score": 11,
      "time": 1.4844274520874023
    }
  },
  "Kosovo": {
    "0": {
      "score": 9,
      "time": 1.104187250137329
    }
  },
  "Denmark": {
    "0": {
      "score": 6,
      "time": 0.7367539405822754
    }
  },
  "Australia": {
    "0": {
      "score": 7,
      "time": 1.7074897289276123
    }
  },
  "Ghana": {
    "0": {
      "score": 4,
      "time": 0.898038387298584
    }
  },
  "Brazil": {
    "0": {
      "score": 9,
      "time": 0.9932751655578613
    }
  },
  "France": {
    "0": {
      "score": 6,
      "time": 1.0654356479644775
    }
  },
  "Austria": {
    "0": {
      "score": 5,
      "time": 1.0822367668151855
    }
  },
  "Romania": {
    "0": {
      "score": 9,
      "time": 0.2083113193511963
    }
  },
  "Switzerland": {
    "0": {
      "score": 5,
      "time": 0.915029764175415
    }
  },
  "Sweden": {
    "0": {
      "score": 8,
      "time": 0.5610780715942383
    }
  },
  "Serbia": {
    "0": {
      "score": 9,
      "time": 0.9039037227630615
    }
  },
  "Mexico": {
    "0": {
      "score": 9,
      "time": 1.9170374870300293
    }
  },
  "Italy": {
    "0": {
      "score": 5,
      "time": 1.1292271614074707
    }
  },
  "Nigeria": {
    "0": {
      "score": 9,
      "time": 0.8521890640258789
    }
  },
  "China,PR": {
    "0": {
      "score": 9,
      "time": 0.19295454025268555
    }
  },
  "Croatia": {
    "0": {
      "score": 7,
      "time": 0.7002179622650146
    }
  },
  "Saudi,Arabia": {
    "0": {
      "score": 6,
      "time": 0.664311408996582
    }
  },
  "Chile": {
    "0": {
      "score": 8,
      "time": 1.63492751121521
    }
  },
  "Belgium": {
    "0": {
      "score": 7,
      "time": 1.3431050777435303
    }
  },
  "Colombia": {
    "0": {
      "score": 9,
      "time": 0.9184980392456055
    }
  },
  "South,Africa": {
    "0": {
      "score": 8,
      "time": 1.3448326587677002
    }
  },
  "Canada": {
    "0": {
      "score": 8,
      "time": 0.41837120056152344
    }
  },
  "Spain": {
    "0": {
      "score": 7,
      "time": 1.2562460899353027
    }
  },
  "Argentina": {
    "0": {
      "score": 7,
      "time": 1.225843906402588
    }
  },
  "Poland": {
    "0": {
      "score": 7,
      "time": 0.9408371448516846
    }
  }
}