{
  "England": {
    "0": {
      "score": 7,
      "time": 1.4250106811523438
    }
  },
  "Netherlands": {
    "0": {
      "score": 5,
      "time": 1.7777988910675049
    }
  },
  "Korea,Republic": {
    "0": {
      "score": 9,
      "time": 1.2563669681549072
    }
  },
  "Japan": {
    "0": {
      "score": 7,
      "time": 1.6386401653289795
    }
  },
  "Northern,Ireland": {
    "0": {
      "score": 8,
      "time": 1.7775332927703857
    }
  },
  "Wales": {
    "0": {
      "score": 7,
      "time": 1.8776624202728271
    }
  },
  "Iceland": {
    "0": {
      "score": 5,
      "time": 0.9004905223846436
    }
  },
  "United,States": {
    "0": {
      "score": 7,
      "time": 1.6758677959442139
    }
  },
  "Finland": {
    "0": {
      "score": 5,
      "time": 1.783362627029419
    }
  },
  "Turkey": {
    "0": {
      "score": 5,
      "time": 1.8260936737060547
    }
  },
  "Norway": {
    "0": {
      "score": 9,
      "time": 1.7454118728637695
    }
  },
  "Senegal": {
    "0": {
      "score": 8,
      "time": 1.9235219955444336
    }
  },
  "Scotland": {
    "0": {
      "score": 9,
      "time": 1.4221181869506836
    }
  },
  "Republic,of,Ireland": {
    "0": {
      "score": 7,
      "time": 1.6858327388763428
    }
  },
  "Germany": {
    "0": {
      "score": 7,
      "time": 1.8659296035766602
    }
  },
  "Kosovo": {
    "0": {
      "score": 9,
      "time": 0.534111738204956
    }
  },
  "Denmark": {
    "0": {
      "score": 5,
      "time": 1.6807315349578857
    }
  },
  "Australia": {
    "0": {
      "score": 7,
      "time": 1.9320731163024902
    }
  },
  "Ghana": {
    "0": {
      "score": 6,
      "time": 1.7168984413146973
    }
  },
  "Brazil": {
    "0": {
      "score": 8,
      "time": 1.4966869354248047
    }
  },
  "France": {
    "0": {
      "score": 6,
      "time": 1.7928707599639893
    }
  },
  "Austria": {
    "0": {
      "score": 7,
      "time": 1.8451144695281982
    }
  },
  "Romania": {
    "0": {
      "score": 9,
      "time": 1.278651237487793
    }
  },
  "Switzerland": {
    "0": {
      "score": 5,
      "time": 1.8966152667999268
    }
  },
  "Sweden": {
    "0": {
      "score": 7,
      "time": 1.7447965145111084
    }
  },
  "Serbia": {
    "0": {
      "score": 9,
      "time": 1.7139389514923096
    }
  },
  "Mexico": {
    "0": {
      "score": 6,
      "time": 1.9085643291473389
    }
  },
  "Italy": {
    "0": {
      "score": 6,
      "time": 1.7571356296539307
    }
  },
  "Nigeria": {
    "0": {
      "score": 6,
      "time": 1.6504874229431152
    }
  },
  "China,PR": {
    "0": {
      "score": 6,
      "time": 1.9107599258422852
    }
  },
  "Croatia": {
    "0": {
      "score": 7,
      "time": 1.9307465553283691
    }
  },
  "Saudi,Arabia": {
    "0": {
      "score": 7,
      "time": 1.9331624507904053
    }
  },
  "Chile": {
    "0": {
      "score": 5,
      "time": 1.754826545715332
    }
  },
  "Belgium": {
    "0": {
      "score": 11,
      "time": 1.791611909866333
    }
  },
  "Colombia": {
    "0": {
      "score": 7,
      "time": 1.7924625873565674
    }
  },
  "South,Africa": {
    "0": {
      "score": 7,
      "time": 1.7686517238616943
    }
  },
  "Canada": {
    "0": {
      "score": 6,
      "time": 1.6090633869171143
    }
  },
  "Spain": {
    "0": {
      "score": 7,
      "time": 1.4717638492584229
    }
  },
  "Argentina": {
    "0": {
      "score": 7,
      "time": 1.8790240287780762
    }
  },
  "Poland": {
    "0": {
      "score": 7,
      "time": 1.7642428874969482
    }
  }
}