{
  "England": {
    "0": {
      "score": 7,
      "time": 0.6947760581970215
    }
  },
  "Netherlands": {
    "0": {
      "score": 5,
      "time": 1.7767748832702637
    }
  },
  "Korea,Republic": {
    "0": {
      "score": 9,
      "time": 1.6893322467803955
    }
  },
  "Japan": {
    "0": {
      "score": 9,
      "time": 1.7930107116699219
    }
  },
  "Northern,Ireland": {
    "0": {
      "score": 8,
      "time": 1.8907270431518555
    }
  },
  "Wales": {
    "0": {
      "score": 7,
      "time": 1.7108969688415527
    }
  },
  "Iceland": {
    "0": {
      "score": 4,
      "time": 0.9464926719665527
    }
  },
  "United,States": {
    "0": {
      "score": 5,
      "time": 1.7725846767425537
    }
  },
  "Finland": {
    "0": {
      "score": 5,
      "time": 1.799009084701538
    }
  },
  "Turkey": {
    "0": {
      "score": 5,
      "time": 1.42545747756958
    }
  },
  "Norway": {
    "0": {
      "score": 9,
      "time": 1.9991481304168701
    }
  },
  "Senegal": {
    "0": {
      "score": 8,
      "time": 1.7491981983184814
    }
  },
  "Scotland": {
    "0": {
      "score": 9,
      "time": 1.767463207244873
    }
  },
  "Republic,of,Ireland": {
    "0": {
      "score": 7,
      "time": 1.083728313446045
    }
  },
  "Germany": {
    "0": {
      "score": 11,
      "time": 1.8713111877441406
    }
  },
  "Kosovo": {
    "0": {
      "score": 9,
      "time": 2.1483194828033447
    }
  },
  "Denmark": {
    "0": {
      "score": 5,
      "time": 1.7441742420196533
    }
  },
  "Australia": {
    "0": {
      "score": 7,
      "time": 1.8149232864379883
    }
  },
  "Ghana": {
    "0": {
      "score": 6,
      "time": 1.6031949520111084
    }
  },
  "Brazil": {
    "0": {
      "score": 7,
      "time": 1.2687137126922607
    }
  },
  "France": {
    "0": {
      "score": 8,
      "time": 1.6785542964935303
    }
  },
  "Austria": {
    "0": {
      "score": 7,
      "time": 1.7495665550231934
    }
  },
  "Romania": {
    "0": {
      "score": 9,
      "time": 0.7779614925384521
    }
  },
  "Switzerland": {
    "0": {
      "score": 5,
      "time": 1.934675693511963
    }
  },
  "Sweden": {
    "0": {
      "score": 7,
      "time": 1.7382285594940186
    }
  },
  "Serbia": {
    "0": {
      "score": 9,
      "time": 1.7670252323150635
    }
  },
  "Mexico": {
    "0": {
      "score": 9,
      "time": 1.7617151737213135
    }
  },
  "Italy": {
    "0": {
      "score": 6,
      "time": 1.768671989440918
    }
  },
  "Nigeria": {
    "0": {
      "score": 6,
      "time": 1.6553120613098145
    }
  },
  "China,PR": {
    "0": {
      "score": 7,
      "time": 0.4875359535217285
    }
  },
  "Croatia": {
    "0": {
      "score": 8,
      "time": 1.7554469108581543
    }
  },
  "Saudi,Arabia": {
    "0": {
      "score": 7,
      "time": 1.5499889850616455
    }
  },
  "Chile": {
    "0": {
      "score": 5,
      "time": 1.8340604305267334
    }
  },
  "Belgium": {
    "0": {
      "score": 7,
      "time": 1.8484160900115967
    }
  },
  "Colombia": {
    "0": {
      "score": 7,
      "time": 2.1218903064727783
    }
  },
  "South,Africa": {
    "0": {
      "score": 8,
      "time": 0.7425506114959717
    }
  },
  "Canada": {
    "0": {
      "score": 6,
      "time": 1.609283685684204
    }
  },
  "Spain": {
    "0": {
      "score": 7,
      "time": 1.8036718368530273
    }
  },
  "Argentina": {
    "0": {
      "score": 9,
      "time": 0.38473987579345703
    }
  },
  "Poland": {
    "0": {
      "score": 9,
      "time": 1.807398796081543
    }
  }
}