{
  "England": {
    "0": {
      "score": 7,
      "time": 1.3369643688201904
    }
  },
  "Netherlands": {
    "0": {
      "score": 7,
      "time": 0.9571714401245117
    }
  },
  "Korea,Republic": {
    "0": {
      "score": 5,
      "time": 1.2267370223999023
    }
  },
  "Japan": {
    "0": {
      "score": 9,
      "time": 1.0986347198486328
    }
  },
  "Northern,Ireland": {
    "0": {
      "score": 8,
      "time": 1.1855010986328125
    }
  },
  "Wales": {
    "0": {
      "score": 7,
      "time": 1.196363925933838
    }
  },
  "Iceland": {
    "0": {
      "score": 5,
      "time": 1.7588436603546143
    }
  },
  "United,States": {
    "0": {
      "score": 5,
      "time": 0.8463287353515625
    }
  },
  "Finland": {
    "0": {
      "score": 7,
      "time": 1.186223030090332
    }
  },
  "Turkey": {
    "0": {
      "score": 7,
      "time": 1.3769936561584473
    }
  },
  "Norway": {
    "0": {
      "score": 5,
      "time": 1.3220818042755127
    }
  },
  "Senegal": {
    "0": {
      "score": 8,
      "time": 0.6504731178283691
    }
  },
  "Scotland": {
    "0": {
      "score": 7,
      "time": 0.7064473628997803
    }
  },
  "Republic,of,Ireland": {
    "0": {
      "score": 9,
      "time": 0.9995942115783691
    }
  },
  "Germany": {
    "0": {
      "score": 11,
      "time": 1.5333328247070312
    }
  },
  "Kosovo": {
    "0": {
      "score": 9,
      "time": 1.1992695331573486
    }
  },
  "Denmark": {
    "0": {
      "score": 6,
      "time": 0.987699031829834
    }
  },
  "Australia": {
    "0": {
      "score": 7,
      "time": 1.9213206768035889
    }
  },
  "Ghana": {
    "0": {
      "score": 4,
      "time": 0.8797271251678467
    }
  },
  "Brazil": {
    "0": {
      "score": 9,
      "time": 1.1956331729888916
    }
  },
  "France": {
    "0": {
      "score": 6,
      "time": 1.049860954284668
    }
  },
  "Austria": {
    "0": {
      "score": 7,
      "time": 1.043027400970459
    }
  },
  "Romania": {
    "0": {
      "score": 9,
      "time": 0.4104299545288086
    }
  },
  "Switzerland": {
    "0": {
      "score": 5,
      "time": 1.9558923244476318
    }
  },
  "Sweden": {
    "0": {
      "score": 8,
      "time": 0.7185511589050293
    }
  },
  "Serbia": {
    "0": {
      "score": 9,
      "time": 0.5893518924713135
    }
  },
  "Mexico": {
    "0": {
      "score": 9,
      "time": 1.7725365161895752
    }
  },
  "Italy": {
    "0": {
      "score": 5,
      "time": 0.4515237808227539
    }
  },
  "Nigeria": {
    "0": {
      "score": 7,
      "time": 1.3158090114593506
    }
  },
  "China,PR": {
    "0": {
      "score": 9,
      "time": 0.3341207504272461
    }
  },
  "Croatia": {
    "0": {
      "score": 8,
      "time": 0.44628119468688965
    }
  },
  "Saudi,Arabia": {
    "0": {
      "score": 7,
      "time": 0.30350828170776367
    }
  },
  "Chile": {
    "0": {
      "score": 7,
      "time": 1.0504655838012695
    }
  },
  "Belgium": {
    "0": {
      "score": 7,
      "time": 1.5199790000915527
    }
  },
  "Colombia": {
    "0": {
      "score": 9,
      "time": 0.7655067443847656
    }
  },
  "South,Africa": {
    "0": {
      "score": 8,
      "time": 1.449214220046997
    }
  },
  "Canada": {
    "0": {
      "score": 8,
      "time": 1.2075252532958984
    }
  },
  "Spain": {
    "0": {
      "score": 7,
      "time": 1.104708194732666
    }
  },
  "Argentina": {
    "0": {
      "score": 7,
      "time": 1.370321273803711
    }
  },
  "Poland": {
    "0": {
      "score": 7,
      "time": 1.1718971729278564
    }
  }
}