{
  "England": {
    "0": {
      "score": 7,
      "time": 0.556074857711792
    }
  },
  "Netherlands": {
    "0": {
      "score": 5,
      "time": 1.6883213520050049
    }
  },
  "Korea,Republic": {
    "0": {
      "score": 9,
      "time": 1.8788578510284424
    }
  },
  "Japan": {
    "0": {
      "score": 9,
      "time": 1.1407551765441895
    }
  },
  "Northern,Ireland": {
    "0": {
      "score": 8,
      "time": 1.8351073265075684
    }
  },
  "Wales": {
    "0": {
      "score": 7,
      "time": 1.7401738166809082
    }
  },
  "Iceland": {
    "0": {
      "score": 4,
      "time": 1.0428831577301025
    }
  },
  "United,States": {
    "0": {
      "score": 5,
      "time": 1.7982068061828613
    }
  },
  "Finland": {
    "0": {
      "score": 5,
      "time": 1.7727432250976562
    }
  },
  "Turkey": {
    "0": {
      "score": 5,
      "time": 1.7721729278564453
    }
  },
  "Norway": {
    "0": {
      "score": 9,
      "time": 1.8417987823486328
    }
  },
  "Senegal": {
    "0": {
      "score": 8,
      "time": 1.7582600116729736
    }
  },
  "Scotland": {
    "0": {
      "score": 9,
      "time": 1.7907860279083252
    }
  },
  "Republic,of,Ireland": {
    "0": {
      "score": 7,
      "time": 1.7641346454620361
    }
  },
  "Germany": {
    "0": {
      "score": 11,
      "time": 1.784463882446289
    }
  },
  "Kosovo": {
    "0": {
      "score": 9,
      "time": 1.8862781524658203
    }
  },
  "Denmark": {
    "0": {
      "score": 5,
      "time": 1.2479000091552734
    }
  },
  "Australia": {
    "0": {
      "score": 7,
      "time": 1.9359853267669678
    }
  },
  "Ghana": {
    "0": {
      "score": 6,
      "time": 0.5650143623352051
    }
  },
  "Brazil": {
    "0": {
      "score": 8,
      "time": 1.2056715488433838
    }
  },
  "France": {
    "0": {
      "score": 8,
      "time": 1.5092394351959229
    }
  },
  "Austria": {
    "0": {
      "score": 7,
      "time": 1.8816273212432861
    }
  },
  "Romania": {
    "0": {
      "score": 9,
      "time": 1.558568000793457
    }
  },
  "Switzerland": {
    "0": {
      "score": 5,
      "time": 1.7901942729949951
    }
  },
  "Sweden": {
    "0": {
      "score": 7,
      "time": 0.8429532051086426
    }
  },
  "Serbia": {
    "0": {
      "score": 9,
      "time": 1.7228221893310547
    }
  },
  "Mexico": {
    "0": {
      "score": 9,
      "time": 1.8316121101379395
    }
  },
  "Italy": {
    "0": {
      "score": 6,
      "time": 1.603173017501831
    }
  },
  "Nigeria": {
    "0": {
      "score": 6,
      "time": 1.6750142574310303
    }
  },
  "China,PR": {
    "0": {
      "score": 6,
      "time": 1.9264109134674072
    }
  },
  "Croatia": {
    "0": {
      "score": 7,
      "time": 0.4676797389984131
    }
  },
  "Saudi,Arabia": {
    "0": {
      "score": 7,
      "time": 1.1021404266357422
    }
  },
  "Chile": {
    "0": {
      "score": 5,
      "time": 1.789611577987671
    }
  },
  "Belgium": {
    "0": {
      "score": 7,
      "time": 1.7994389533996582
    }
  },
  "Colombia": {
    "0": {
      "score": 7,
      "time": 1.668370008468628
    }
  },
  "South,Africa": {
    "0": {
      "score": 7,
      "time": 1.9311161041259766
    }
  },
  "Canada": {
    "0": {
      "score": 6,
      "time": 1.7163569927215576
    }
  },
  "Spain": {
    "0": {
      "score": 7,
      "time": 1.6850457191467285
    }
  },
  "Argentina": {
    "0": {
      "score": 7,
      "time": 1.865302562713623
    }
  },
  "Poland": {
    "0": {
      "score": 7,
      "time": 2.013831377029419
    }
  }
}