{
  "England": {
    "0": {
      "score": 7,
      "time": 1.763709306716919
    }
  },
  "Netherlands": {
    "0": {
      "score": 5,
      "time": 1.7822344303131104
    }
  },
  "Korea,Republic": {
    "0": {
      "score": 7,
      "time": 1.675218105316162
    }
  },
  "Japan": {
    "0": {
      "score": 9,
      "time": 2.0207695960998535
    }
  },
  "Northern,Ireland": {
    "0": {
      "score": 8,
      "time": 1.9089233875274658
    }
  },
  "Wales": {
    "0": {
      "score": 7,
      "time": 1.746885061264038
    }
  },
  "Iceland": {
    "0": {
      "score": 5,
      "time": 0.9919435977935791
    }
  },
  "United,States": {
    "0": {
      "score": 5,
      "time": 1.7462124824523926
    }
  },
  "Finland": {
    "0": {
      "score": 5,
      "time": 1.6912589073181152
    }
  },
  "Turkey": {
    "0": {
      "score": 7,
      "time": 1.8366131782531738
    }
  },
  "Norway": {
    "0": {
      "score": 9,
      "time": 1.74973464012146
    }
  },
  "Senegal": {
    "0": {
      "score": 8,
      "time": 1.5803256034851074
    }
  },
  "Scotland": {
    "0": {
      "score": 9,
      "time": 1.8167393207550049
    }
  },
  "Republic,of,Ireland": {
    "0": {
      "score": 9,
      "time": 1.547952651977539
    }
  },
  "Germany": {
    "0": {
      "score": 11,
      "time": 0.9676132202148438
    }
  },
  "Kosovo": {
    "0": {
      "score": 9,
      "time": 1.7975289821624756
    }
  },
  "Denmark": {
    "0": {
      "score": 5,
      "time": 1.781379222869873
    }
  },
  "Australia": {
    "0": {
      "score": 9,
      "time": 1.8585257530212402
    }
  },
  "Ghana": {
    "0": {
      "score": 4,
      "time": 1.631352424621582
    }
  },
  "Brazil": {
    "0": {
      "score": 9,
      "time": 1.52425217628479
    }
  },
  "France": {
    "0": {
      "score": 8,
      "time": 1.678858995437622
    }
  },
  "Austria": {
    "0": {
      "score": 7,
      "time": 1.8958795070648193
    }
  },
  "Romania": {
    "0": {
      "score": 9,
      "time": 0.7932703495025635
    }
  },
  "Switzerland": {
    "0": {
      "score": 5,
      "time": 1.7588496208190918
    }
  },
  "Sweden": {
    "0": {
      "score": 7,
      "time": 1.7613446712493896
    }
  },
  "Serbia": {
    "0": {
      "score": 9,
      "time": 1.803847312927246
    }
  },
  "Mexico": {
    "0": {
      "score": 6,
      "time": 1.8539221286773682
    }
  },
  "Italy": {
    "0": {
      "score": 7,
      "time": 0.6717500686645508
    }
  },
  "Nigeria": {
    "0": {
      "score": 6,
      "time": 1.1004247665405273
    }
  },
  "China,PR": {
    "0": {
      "score": 9,
      "time": 1.9341425895690918
    }
  },
  "Croatia": {
    "0": {
      "score": 8,
      "time": 1.1125977039337158
    }
  },
  "Saudi,Arabia": {
    "0": {
      "score": 6,
      "time": 0.8261387348175049
    }
  },
  "Chile": {
    "0": {
      "score": 5,
      "time": 1.8492212295532227
    }
  },
  "Belgium": {
    "0": {
      "score": 7,
      "time": 1.8172893524169922
    }
  },
  "Colombia": {
    "0": {
      "score": 9,
      "time": 1.9953365325927734
    }
  },
  "South,Africa": {
    "0": {
      "score": 9,
      "time": 1.8395862579345703
    }
  },
  "Canada": {
    "0": {
      "score": 6,
      "time": 1.427842378616333
    }
  },
  "Spain": {
    "0": {
      "score": 7,
      "time": 1.718559980392456
    }
  },
  "Argentina": {
    "0": {
      "score": 8,
      "time": 1.674170732498169
    }
  },
  "Poland": {
    "0": {
      "score": 7,
      "time": 1.8364882469177246
    }
  }
}