{
  "England": {
    "0": {
      "score": 9,
      "time": 0.7699270248413086
    }
  },
  "Netherlands": {
    "0": {
      "score": 7,
      "time": 0.6253621578216553
    }
  },
  "Korea,Republic": {
    "0": {
      "score": 5,
      "time": 0.49212646484375
    }
  },
  "Japan": {
    "0": {
      "score": 9,
      "time": 0.9957551956176758
    }
  },
  "Northern,Ireland": {
    "0": {
      "score": 8,
      "time": 0.6376395225524902
    }
  },
  "Wales": {
    "0": {
      "score": 9,
      "time": 1.000669240951538
    }
  },
  "Iceland": {
    "0": {
      "score": 5,
      "time": 0.5087714195251465
    }
  },
  "United,States": {
    "0": {
      "score": 7,
      "time": 0.8744685649871826
    }
  },
  "Finland": {
    "0": {
      "score": 7,
      "time": 0.7640137672424316
    }
  },
  "Turkey": {
    "0": {
      "score": 8,
      "time": 0.7706320285797119
    }
  },
  "Norway": {
    "0": {
      "score": 7,
      "time": 0.7182044982910156
    }
  },
  "Senegal": {
    "0": {
      "score": 8,
      "time": 0.6628165245056152
    }
  },
  "Scotland": {
    "0": {
      "score": 7,
      "time": 0.7497904300689697
    }
  },
  "Republic,of,Ireland": {
    "0": {
      "score": 9,
      "time": 0.7592425346374512
    }
  },
  "Germany": {
    "0": {
      "score": 7,
      "time": 0.8883202075958252
    }
  },
  "Kosovo": {
    "0": {
      "score": 9,
      "time": 0.8627140522003174
    }
  },
  "Denmark": {
    "0": {
      "score": 6,
      "time": 0.6666572093963623
    }
  },
  "Australia": {
    "0": {
      "score": 9,
      "time": 1.3722140789031982
    }
  },
  "Ghana": {
    "0": {
      "score": 4,
      "time": 0.292311429977417
    }
  },
  "Brazil": {
    "0": {
      "score": 9,
      "time": 1.0471484661102295
    }
  },
  "France": {
    "0": {
      "score": 7,
      "time": 0.7623252868652344
    }
  },
  "Austria": {
    "0": {
      "score": 5,
      "time": 0.8000645637512207
    }
  },
  "Romania": {
    "0": {
      "score": 9,
      "time": 0.08634138107299805
    }
  },
  "Switzerland": {
    "0": {
      "score": 5,
      "time": 1.3780460357666016
    }
  },
  "Sweden": {
    "0": {
      "score": 7,
      "time": 0.16665267944335938
    }
  },
  "Serbia": {
    "0": {
      "score": 9,
      "time": 1.0601108074188232
    }
  },
  "Mexico": {
    "0": {
      "score": 4,
      "time": 0.9211769104003906
    }
  },
  "Italy": {
    "0": {
      "score": 5,
      "time": 1.3251571655273438
    }
  },
  "Nigeria": {
    "0": {
      "score": 9,
      "time": 0.5298376083374023
    }
  },
  "China,PR": {
    "0": {
      "score": 9,
      "time": 1.153507947921753
    }
  },
  "Croatia": {
    "0": {
      "score": 7,
      "time": 0.21609067916870117
    }
  },
  "Saudi,Arabia": {
    "0": {
      "score": 6,
      "time": 0.6276016235351562
    }
  },
  "Chile": {
    "0": {
      "score": 6,
      "time": 1.0756745338439941
    }
  },
  "Belgium": {
    "0": {
      "score": 7,
      "time": 0.7946171760559082
    }
  },
  "Colombia": {
    "0": {
      "score": 9,
      "time": 0.8243391513824463
    }
  },
  "South,Africa": {
    "0": {
      "score": 8,
      "time": 0.4956386089324951
    }
  },
  "Canada": {
    "0": {
      "score": 9,
      "time": 1.0941390991210938
    }
  },
  "Spain": {
    "0": {
      "score": 7,
      "time": 0.33951640129089355
    }
  },
  "Argentina": {
    "0": {
      "score": 7,
      "time": 1.092261552810669
    }
  },
  "Poland": {
    "0": {
      "score": 7,
      "time": 0.8974225521087646
    }
  }
}