{
  "England": {
    "0": {
      "score": 9,
      "time": 0.5863549709320068
    }
  },
  "Netherlands": {
    "0": {
      "score": 9,
      "time": 0.3193395137786865
    }
  },
  "Korea,Republic": {
    "0": {
      "score": 8,
      "time": 0.3156869411468506
    }
  },
  "Japan": {
    "0": {
      "score": 7,
      "time": 0.4802091121673584
    }
  },
  "Northern,Ireland": {
    "0": {
      "score": 9,
      "time": 0.3016650676727295
    }
  },
  "Wales": {
    "0": {
      "score": 7,
      "time": 0.34506654739379883
    }
  },
  "Iceland": {
    "0": {
      "score": 4,
      "time": 0.9704902172088623
    }
  },
  "United,States": {
    "0": {
      "score": 7,
      "time": 0.5520739555358887
    }
  },
  "Finland": {
    "0": {
      "score": 7,
      "time": 0.6083264350891113
    }
  },
  "Turkey": {
    "0": {
      "score": 5,
      "time": 0.6894402503967285
    }
  },
  "Norway": {
    "0": {
      "score": 7,
      "time": 0.18306851387023926
    }
  },
  "Senegal": {
    "0": {
      "score": 9,
      "time": 0.35266923904418945
    }
  },
  "Scotland": {
    "0": {
      "score": 7,
      "time": 0.269777774810791
    }
  },
  "Republic,of,Ireland": {
    "0": {
      "score": 9,
      "time": 0.21281719207763672
    }
  },
  "Germany": {
    "0": {
      "score": 5,
      "time": 0.5921628475189209
    }
  },
  "Kosovo": {
    "0": {
      "score": 9,
      "time": 0.1362450122833252
    }
  },
  "Denmark": {
    "0": {
      "score": 6,
      "time": 0.4464998245239258
    }
  },
  "Australia": {
    "0": {
      "score": 5,
      "time": 0.7948975563049316
    }
  },
  "Ghana": {
    "0": {
      "score": 3,
      "time": 0.6470096111297607
    }
  },
  "Brazil": {
    "0": {
      "score": 7,
      "time": 0.13336467742919922
    }
  },
  "France": {
    "0": {
      "score": 6,
      "time": 0.38729238510131836
    }
  },
  "Austria": {
    "0": {
      "score": 7,
      "time": 0.31107044219970703
    }
  },
  "Romania": {
    "0": {
      "score": 9,
      "time": 0.0673985481262207
    }
  },
  "Switzerland": {
    "0": {
      "score": 5,
      "time": 0.2651865482330322
    }
  },
  "Sweden": {
    "0": {
      "score": 7,
      "time": 0.24399518966674805
    }
  },
  "Serbia": {
    "0": {
      "score": 7,
      "time": 0.621938943862915
    }
  },
  "Mexico": {
    "0": {
      "score": 4,
      "time": 0.3203415870666504
    }
  },
  "Italy": {
    "0": {
      "score": 3,
      "time": 0.5326459407806396
    }
  },
  "Nigeria": {
    "0": {
      "score": 6,
      "time": 0.16937255859375
    }
  },
  "China,PR": {
    "0": {
      "score": 8,
      "time": 0.5843770503997803
    }
  },
  "Croatia": {
    "0": {
      "score": 7,
      "time": 0.2098677158355713
    }
  },
  "Saudi,Arabia": {
    "0": {
      "score": 6,
      "time": 0.4618351459503174
    }
  },
  "Chile": {
    "0": {
      "score": 6,
      "time": 0.22240829467773438
    }
  },
  "Belgium": {
    "0": {
      "score": 5,
      "time": 0.24702668190002441
    }
  },
  "Colombia": {
    "0": {
      "score": 9,
      "time": 0.466076135635376
    }
  },
  "South,Africa": {
    "0": {
      "score": 9,
      "time": 0.2667548656463623
    }
  },
  "Canada": {
    "0": {
      "score": 7,
      "time": 0.27380967140197754
    }
  },
  "Spain": {
    "0": {
      "score": 8,
      "time": 0.520397424697876
    }
  },
  "Argentina": {
    "0": {
      "score": 7,
      "time": 0.5044863224029541
    }
  },
  "Poland": {
    "0": {
      "score": 7,
      "time": 0.5967326164245605
    }
  }
}