{
  "England": {
    "0": {
      "score": 9,
      "time": 1.2203974723815918
    }
  },
  "Netherlands": {
    "0": {
      "score": 7,
      "time": 1.119823932647705
    }
  },
  "Korea,Republic": {
    "0": {
      "score": 5,
      "time": 0.9437885284423828
    }
  },
  "Japan": {
    "0": {
      "score": 5,
      "time": 0.8624205589294434
    }
  },
  "Northern,Ireland": {
    "0": {
      "score": 8,
      "time": 0.8538269996643066
    }
  },
  "Wales": {
    "0": {
      "score": 7,
      "time": 1.090322494506836
    }
  },
  "Iceland": {
    "0": {
      "score": 5,
      "time": 1.3590354919433594
    }
  },
  "United,States": {
    "0": {
      "score": 7,
      "time": 1.4440138339996338
    }
  },
  "Finland": {
    "0": {
      "score": 7,
      "time": 0.5765125751495361
    }
  },
  "Turkey": {
    "0": {
      "score": 7,
      "time": 0.8938910961151123
    }
  },
  "Norway": {
    "0": {
      "score": 5,
      "time": 0.8631875514984131
    }
  },
  "Senegal": {
    "0": {
      "score": 8,
      "time": 0.8651151657104492
    }
  },
  "Scotland": {
    "0": {
      "score": 7,
      "time": 1.142772912979126
    }
  },
  "Republic,of,Ireland": {
    "0": {
      "score": 9,
      "time": 0.7390663623809814
    }
  },
  "Germany": {
    "0": {
      "score": 11,
      "time": 1.2605955600738525
    }
  },
  "Kosovo": {
    "0": {
      "score": 9,
      "time": 1.3108487129211426
    }
  },
  "Denmark": {
    "0": {
      "score": 6,
      "time": 1.1185219287872314
    }
  },
  "Australia": {
    "0": {
      "score": 7,
      "time": 1.1503050327301025
    }
  },
  "Ghana": {
    "0": {
      "score": 4,
      "time": 0.4635319709777832
    }
  },
  "Brazil": {
    "0": {
      "score": 9,
      "time": 1.08225417137146
    }
  },
  "France": {
    "0": {
      "score": 6,
      "time": 1.4717903137207031
    }
  },
  "Austria": {
    "0": {
      "score": 7,
      "time": 1.176377773284912
    }
  },
  "Romania": {
    "0": {
      "score": 9,
      "time": 0.44612717628479004
    }
  },
  "Switzerland": {
    "0": {
      "score": 5,
      "time": 1.524183750152588
    }
  },
  "Sweden": {
    "0": {
      "score": 8,
      "time": 0.6124138832092285
    }
  },
  "Serbia": {
    "0": {
      "score": 9,
      "time": 0.3442566394805908
    }
  },
  "Mexico": {
    "0": {
      "score": 9,
      "time": 1.4234445095062256
    }
  },
  "Italy": {
    "0": {
      "score": 7,
      "time": 1.5673203468322754
    }
  },
  "Nigeria": {
    "0": {
      "score": 9,
      "time": 0.7162466049194336
    }
  },
  "China,PR": {
    "0": {
      "score": 9,
      "time": 0.4653491973876953
    }
  },
  "Croatia": {
    "0": {
      "score": 7,
      "time": 0.48836708068847656
    }
  },
  "Saudi,Arabia": {
    "0": {
      "score": 7,
      "time": 1.205629825592041
    }
  },
  "Chile": {
    "0": {
      "score": 7,
      "time": 0.6642239093780518
    }
  },
  "Belgium": {
    "0": {
      "score": 7,
      "time": 1.8462677001953125
    }
  },
  "Colombia": {
    "0": {
      "score": 9,
      "time": 0.9510066509246826
    }
  },
  "South,Africa": {
    "0": {
      "score": 8,
      "time": 1.7087821960449219
    }
  },
  "Canada": {
    "0": {
      "score": 8,
      "time": 1.2411389350891113
    }
  },
  "Spain": {
    "0": {
      "score": 7,
      "time": 1.2113449573516846
    }
  },
  "Argentina": {
    "0": {
      "score": 7,
      "time": 1.027608871459961
    }
  },
  "Poland": {
    "0": {
      "score": 7,
      "time": 1.2780725955963135
    }
  }
}