{
  "England": {
    "0": {
      "score": 7,
      "time": 1.810023546218872
    }
  },
  "Netherlands": {
    "0": {
      "score": 5,
      "time": 1.7025632858276367
    }
  },
  "Korea,Republic": {
    "0": {
      "score": 9,
      "time": 1.664827585220337
    }
  },
  "Japan": {
    "0": {
      "score": 7,
      "time": 1.3163588047027588
    }
  },
  "Northern,Ireland": {
    "0": {
      "score": 8,
      "time": 1.6637399196624756
    }
  },
  "Wales": {
    "0": {
      "score": 7,
      "time": 1.6442322731018066
    }
  },
  "Iceland": {
    "0": {
      "score": 4,
      "time": 1.752934455871582
    }
  },
  "United,States": {
    "0": {
      "score": 7,
      "time": 1.7578480243682861
    }
  },
  "Finland": {
    "0": {
      "score": 6,
      "time": 1.6528527736663818
    }
  },
  "Turkey": {
    "0": {
      "score": 5,
      "time": 0.9429910182952881
    }
  },
  "Norway": {
    "0": {
      "score": 7,
      "time": 1.846926212310791
    }
  },
  "Senegal": {
    "0": {
      "score": 8,
      "time": 0.8871538639068604
    }
  },
  "Scotland": {
    "0": {
      "score": 9,
      "time": 1.978816032409668
    }
  },
  "Republic,of,Ireland": {
    "0": {
      "score": 7,
      "time": 1.7789087295532227
    }
  },
  "Germany": {
    "0": {
      "score": 7,
      "time": 1.293428659439087
    }
  },
  "Kosovo": {
    "0": {
      "score": 9,
      "time": 1.9891126155853271
    }
  },
  "Denmark": {
    "0": {
      "score": 5,
      "time": 1.0360076427459717
    }
  },
  "Australia": {
    "0": {
      "score": 7,
      "time": 1.753058671951294
    }
  },
  "Ghana": {
    "0": {
      "score": 6,
      "time": 1.7399320602416992
    }
  },
  "Brazil": {
    "0": {
      "score": 8,
      "time": 1.6852898597717285
    }
  },
  "France": {
    "0": {
      "score": 6,
      "time": 1.501361608505249
    }
  },
  "Austria": {
    "0": {
      "score": 7,
      "time": 1.8954155445098877
    }
  },
  "Romania": {
    "0": {
      "score": 9,
      "time": 1.7791979312896729
    }
  },
  "Switzerland": {
    "0": {
      "score": 5,
      "time": 1.8505299091339111
    }
  },
  "Sweden": {
    "0": {
      "score": 7,
      "time": 0.8979687690734863
    }
  },
  "Serbia": {
    "0": {
      "score": 9,
      "time": 1.7890605926513672
    }
  },
  "Mexico": {
    "0": {
      "score": 6,
      "time": 1.8687994480133057
    }
  },
  "Italy": {
    "0": {
      "score": 6,
      "time": 1.7660765647888184
    }
  },
  "Nigeria": {
    "0": {
      "score": 6,
      "time": 1.7077953815460205
    }
  },
  "China,PR": {
    "0": {
      "score": 7,
      "time": 1.9937760829925537
    }
  },
  "Croatia": {
    "0": {
      "score": 7,
      "time": 1.834517002105713
    }
  },
  "Saudi,Arabia": {
    "0": {
      "score": 7,
      "time": 1.7557497024536133
    }
  },
  "Chile": {
    "0": {
      "score": 6,
      "time": 1.4590728282928467
    }
  },
  "Belgium": {
    "0": {
      "score": 11,
      "time": 1.9691510200500488
    }
  },
  "Colombia": {
    "0": {
      "score": 7,
      "time": 0.3043491840362549
    }
  },
  "South,Africa": {
    "0": {
      "score": 7,
      "time": 1.7358665466308594
    }
  },
  "Canada": {
    "0": {
      "score": 6,
      "time": 1.8675146102905273
    }
  },
  "Spain": {
    "0": {
      "score": 7,
      "time": 1.8826360702514648
    }
  },
  "Argentina": {
    "0": {
      "score": 6,
      "time": 1.8521482944488525
    }
  },
  "Poland": {
    "0": {
      "score": 7,
      "time": 1.3941612243652344
    }
  }
}