{
  "England": {
    "0": {
      "score": 7,
      "time": 1.3500943183898926
    }
  },
  "Netherlands": {
    "0": {
      "score": 5,
      "time": 1.823718547821045
    }
  },
  "Korea,Republic": {
    "0": {
      "score": 9,
      "time": 1.899529218673706
    }
  },
  "Japan": {
    "0": {
      "score": 9,
      "time": 1.687190294265747
    }
  },
  "Northern,Ireland": {
    "0": {
      "score": 8,
      "time": 1.8437652587890625
    }
  },
  "Wales": {
    "0": {
      "score": 7,
      "time": 1.7303054332733154
    }
  },
  "Iceland": {
    "0": {
      "score": 4,
      "time": 1.6258761882781982
    }
  },
  "United,States": {
    "0": {
      "score": 5,
      "time": 1.803692102432251
    }
  },
  "Finland": {
    "0": {
      "score": 6,
      "time": 1.6466612815856934
    }
  },
  "Turkey": {
    "0": {
      "score": 5,
      "time": 2.0205562114715576
    }
  },
  "Norway": {
    "0": {
      "score": 7,
      "time": 1.9095818996429443
    }
  },
  "Senegal": {
    "0": {
      "score": 8,
      "time": 1.6650667190551758
    }
  },
  "Scotland": {
    "0": {
      "score": 9,
      "time": 1.791443109512329
    }
  },
  "Republic,of,Ireland": {
    "0": {
      "score": 7,
      "time": 1.6460132598876953
    }
  },
  "Germany": {
    "0": {
      "score": 7,
      "time": 1.9310882091522217
    }
  },
  "Kosovo": {
    "0": {
      "score": 6,
      "time": 1.846038579940796
    }
  },
  "Denmark": {
    "0": {
      "score": 5,
      "time": 0.9871730804443359
    }
  },
  "Australia": {
    "0": {
      "score": 7,
      "time": 2.0165796279907227
    }
  },
  "Ghana": {
    "0": {
      "score": 6,
      "time": 0.4012448787689209
    }
  },
  "Brazil": {
    "0": {
      "score": 8,
      "time": 1.2083399295806885
    }
  },
  "France": {
    "0": {
      "score": 6,
      "time": 1.078946590423584
    }
  },
  "Austria": {
    "0": {
      "score": 7,
      "time": 0.6869502067565918
    }
  },
  "Romania": {
    "0": {
      "score": 9,
      "time": 1.1430134773254395
    }
  },
  "Switzerland": {
    "0": {
      "score": 5,
      "time": 1.8130197525024414
    }
  },
  "Sweden": {
    "0": {
      "score": 7,
      "time": 1.6221849918365479
    }
  },
  "Serbia": {
    "0": {
      "score": 9,
      "time": 1.935631275177002
    }
  },
  "Mexico": {
    "0": {
      "score": 6,
      "time": 1.8287036418914795
    }
  },
  "Italy": {
    "0": {
      "score": 5,
      "time": 1.7412636280059814
    }
  },
  "Nigeria": {
    "0": {
      "score": 6,
      "time": 1.7942907810211182
    }
  },
  "China,PR": {
    "0": {
      "score": 7,
      "time": 1.8952836990356445
    }
  },
  "Croatia": {
    "0": {
      "score": 7,
      "time": 1.7261016368865967
    }
  },
  "Saudi,Arabia": {
    "0": {
      "score": 7,
      "time": 2.0686607360839844
    }
  },
  "Chile": {
    "0": {
      "score": 6,
      "time": 1.752401351928711
    }
  },
  "Belgium": {
    "0": {
      "score": 11,
      "time": 1.798840045928955
    }
  },
  "Colombia": {
    "0": {
      "score": 7,
      "time": 1.6360182762145996
    }
  },
  "South,Africa": {
    "0": {
      "score": 7,
      "time": 1.6850547790527344
    }
  },
  "Canada": {
    "0": {
      "score": 8,
      "time": 1.866225242614746
    }
  },
  "Spain": {
    "0": {
      "score": 7,
      "time": 2.016049385070801
    }
  },
  "Argentina": {
    "0": {
      "score": 6,
      "time": 1.8199760913848877
    }
  },
  "Poland": {
    "0": {
      "score": 7,
      "time": 1.2376375198364258
    }
  }
}