{
  "England": {
    "0": {
      "score": 9,
      "time": 0.599111795425415
    }
  },
  "Netherlands": {
    "0": {
      "score": 7,
      "time": 0.8351423740386963
    }
  },
  "Korea,Republic": {
    "0": {
      "score": 5,
      "time": 0.7424314022064209
    }
  },
  "Japan": {
    "0": {
      "score": 9,
      "time": 0.609729528427124
    }
  },
  "Northern,Ireland": {
    "0": {
      "score": 9,
      "time": 0.4531900882720947
    }
  },
  "Wales": {
    "0": {
      "score": 7,
      "time": 0.793287992477417
    }
  },
  "Iceland": {
    "0": {
      "score": 5,
      "time": 1.0919134616851807
    }
  },
  "United,States": {
    "0": {
      "score": 7,
      "time": 0.738278865814209
    }
  },
  "Finland": {
    "0": {
      "score": 7,
      "time": 0.7797629833221436
    }
  },
  "Turkey": {
    "0": {
      "score": 8,
      "time": 0.9230268001556396
    }
  },
  "Norway": {
    "0": {
      "score": 5,
      "time": 0.7898654937744141
    }
  },
  "Senegal": {
    "0": {
      "score": 8,
      "time": 0.7047789096832275
    }
  },
  "Scotland": {
    "0": {
      "score": 7,
      "time": 0.7547755241394043
    }
  },
  "Republic,of,Ireland": {
    "0": {
      "score": 9,
      "time": 0.3856086730957031
    }
  },
  "Germany": {
    "0": {
      "score": 7,
      "time": 0.19674944877624512
    }
  },
  "Kosovo": {
    "0": {
      "score": 9,
      "time": 0.7080347537994385
    }
  },
  "Denmark": {
    "0": {
      "score": 6,
      "time": 1.0485498905181885
    }
  },
  "Australia": {
    "0": {
      "score": 9,
      "time": 1.1500787734985352
    }
  },
  "Ghana": {
    "0": {
      "score": 4,
      "time": 0.22391438484191895
    }
  },
  "Brazil": {
    "0": {
      "score": 7,
      "time": 0.4674720764160156
    }
  },
  "France": {
    "0": {
      "score": 6,
      "time": 0.5412015914916992
    }
  },
  "Austria": {
    "0": {
      "score": 6,
      "time": 0.6666700839996338
    }
  },
  "Romania": {
    "0": {
      "score": 9,
      "time": 0.08308529853820801
    }
  },
  "Switzerland": {
    "0": {
      "score": 5,
      "time": 0.5987844467163086
    }
  },
  "Sweden": {
    "0": {
      "score": 7,
      "time": 0.35639309883117676
    }
  },
  "Serbia": {
    "0": {
      "score": 9,
      "time": 0.7804698944091797
    }
  },
  "Mexico": {
    "0": {
      "score": 4,
      "time": 0.47846221923828125
    }
  },
  "Italy": {
    "0": {
      "score": 7,
      "time": 0.8138725757598877
    }
  },
  "Nigeria": {
    "0": {
      "score": 7,
      "time": 0.21423602104187012
    }
  },
  "China,PR": {
    "0": {
      "score": 9,
      "time": 0.8084356784820557
    }
  },
  "Croatia": {
    "0": {
      "score": 7,
      "time": 0.4473249912261963
    }
  },
  "Saudi,Arabia": {
    "0": {
      "score": 6,
      "time": 0.7127552032470703
    }
  },
  "Chile": {
    "0": {
      "score": 6,
      "time": 0.7245492935180664
    }
  },
  "Belgium": {
    "0": {
      "score": 7,
      "time": 0.45644664764404297
    }
  },
  "Colombia": {
    "0": {
      "score": 7,
      "time": 0.24822568893432617
    }
  },
  "South,Africa": {
    "0": {
      "score": 7,
      "time": 0.7439429759979248
    }
  },
  "Canada": {
    "0": {
      "score": 6,
      "time": 0.25856614112854004
    }
  },
  "Spain": {
    "0": {
      "score": 7,
      "time": 0.2308650016784668
    }
  },
  "Argentina": {
    "0": {
      "score": 7,
      "time": 0.9585378170013428
    }
  },
  "Poland": {
    "0": {
      "score": 9,
      "time": 0.6991329193115234
    }
  }
}