{
  "England": {
    "0": {
      "score": 7,
      "time": 1.808887243270874
    }
  },
  "Netherlands": {
    "0": {
      "score": 5,
      "time": 1.7040998935699463
    }
  },
  "Korea,Republic": {
    "0": {
      "score": 9,
      "time": 1.7237300872802734
    }
  },
  "Japan": {
    "0": {
      "score": 7,
      "time": 1.6889190673828125
    }
  },
  "Northern,Ireland": {
    "0": {
      "score": 8,
      "time": 1.9933042526245117
    }
  },
  "Wales": {
    "0": {
      "score": 7,
      "time": 1.7981033325195312
    }
  },
  "Iceland": {
    "0": {
      "score": 4,
      "time": 0.6341197490692139
    }
  },
  "United,States": {
    "0": {
      "score": 5,
      "time": 1.8329548835754395
    }
  },
  "Finland": {
    "0": {
      "score": 5,
      "time": 1.6378283500671387
    }
  },
  "Turkey": {
    "0": {
      "score": 5,
      "time": 1.9209392070770264
    }
  },
  "Norway": {
    "0": {
      "score": 9,
      "time": 1.753922700881958
    }
  },
  "Senegal": {
    "0": {
      "score": 8,
      "time": 1.7377166748046875
    }
  },
  "Scotland": {
    "0": {
      "score": 9,
      "time": 1.8386385440826416
    }
  },
  "Republic,of,Ireland": {
    "0": {
      "score": 7,
      "time": 1.6665623188018799
    }
  },
  "Germany": {
    "0": {
      "score": 11,
      "time": 1.9980061054229736
    }
  },
  "Kosovo": {
    "0": {
      "score": 9,
      "time": 1.8427751064300537
    }
  },
  "Denmark": {
    "0": {
      "score": 5,
      "time": 1.8731591701507568
    }
  },
  "Australia": {
    "0": {
      "score": 7,
      "time": 1.825610876083374
    }
  },
  "Ghana": {
    "0": {
      "score": 6,
      "time": 0.6059105396270752
    }
  },
  "Brazil": {
    "0": {
      "score": 8,
      "time": 1.71134614944458
    }
  },
  "France": {
    "0": {
      "score": 8,
      "time": 1.7182035446166992
    }
  },
  "Austria": {
    "0": {
      "score": 7,
      "time": 1.153578519821167
    }
  },
  "Romania": {
    "0": {
      "score": 9,
      "time": 1.0837914943695068
    }
  },
  "Switzerland": {
    "0": {
      "score": 5,
      "time": 1.6466937065124512
    }
  },
  "Sweden": {
    "0": {
      "score": 7,
      "time": 1.917936086654663
    }
  },
  "Serbia": {
    "0": {
      "score": 9,
      "time": 1.833951711654663
    }
  },
  "Mexico": {
    "0": {
      "score": 9,
      "time": 1.747140645980835
    }
  },
  "Italy": {
    "0": {
      "score": 6,
      "time": 1.7446982860565186
    }
  },
  "Nigeria": {
    "0": {
      "score": 6,
      "time": 1.8225986957550049
    }
  },
  "China,PR": {
    "0": {
      "score": 6,
      "time": 1.8056576251983643
    }
  },
  "Croatia": {
    "0": {
      "score": 7,
      "time": 1.878814458847046
    }
  },
  "Saudi,Arabia": {
    "0": {
      "score": 7,
      "time": 1.7571532726287842
    }
  },
  "Chile": {
    "0": {
      "score": 5,
      "time": 1.8055675029754639
    }
  },
  "Belgium": {
    "0": {
      "score": 7,
      "time": 1.727665662765503
    }
  },
  "Colombia": {
    "0": {
      "score": 7,
      "time": 1.667471170425415
    }
  },
  "South,Africa": {
    "0": {
      "score": 9,
      "time": 1.6554973125457764
    }
  },
  "Canada": {
    "0": {
      "score": 6,
      "time": 1.6739964485168457
    }
  },
  "Spain": {
    "0": {
      "score": 7,
      "time": 1.1298353672027588
    }
  },
  "Argentina": {
    "0": {
      "score": 8,
      "time": 1.921912431716919
    }
  },
  "Poland": {
    "0": {
      "score": 7,
      "time": 2.025127649307251
    }
  }
}