{
  "England": {
    "0": {
      "score": 7,
      "time": 1.785343885421753
    }
  },
  "Netherlands": {
    "0": {
      "score": 5,
      "time": 1.6852617263793945
    }
  },
  "Korea,Republic": {
    "0": {
      "score": 9,
      "time": 1.5628385543823242
    }
  },
  "Japan": {
    "0": {
      "score": 9,
      "time": 1.7412128448486328
    }
  },
  "Northern,Ireland": {
    "0": {
      "score": 8,
      "time": 1.1880104541778564
    }
  },
  "Wales": {
    "0": {
      "score": 7,
      "time": 1.7619082927703857
    }
  },
  "Iceland": {
    "0": {
      "score": 5,
      "time": 1.610090732574463
    }
  },
  "United,States": {
    "0": {
      "score": 7,
      "time": 1.8396639823913574
    }
  },
  "Finland": {
    "0": {
      "score": 6,
      "time": 1.762618064880371
    }
  },
  "Turkey": {
    "0": {
      "score": 5,
      "time": 0.6841216087341309
    }
  },
  "Norway": {
    "0": {
      "score": 7,
      "time": 1.8725652694702148
    }
  },
  "Senegal": {
    "0": {
      "score": 8,
      "time": 1.7112245559692383
    }
  },
  "Scotland": {
    "0": {
      "score": 9,
      "time": 1.7046868801116943
    }
  },
  "Republic,of,Ireland": {
    "0": {
      "score": 9,
      "time": 0.8925943374633789
    }
  },
  "Germany": {
    "0": {
      "score": 7,
      "time": 2.005725622177124
    }
  },
  "Kosovo": {
    "0": {
      "score": 6,
      "time": 1.8665530681610107
    }
  },
  "Denmark": {
    "0": {
      "score": 9,
      "time": 1.6353635787963867
    }
  },
  "Australia": {
    "0": {
      "score": 9,
      "time": 0.8456833362579346
    }
  },
  "Ghana": {
    "0": {
      "score": 6,
      "time": 1.6684541702270508
    }
  },
  "Brazil": {
    "0": {
      "score": 8,
      "time": 1.3209261894226074
    }
  },
  "France": {
    "0": {
      "score": 6,
      "time": 1.7539474964141846
    }
  },
  "Austria": {
    "0": {
      "score": 7,
      "time": 1.6299121379852295
    }
  },
  "Romania": {
    "0": {
      "score": 9,
      "time": 1.901712417602539
    }
  },
  "Switzerland": {
    "0": {
      "score": 5,
      "time": 1.467228889465332
    }
  },
  "Sweden": {
    "0": {
      "score": 8,
      "time": 1.748340368270874
    }
  },
  "Serbia": {
    "0": {
      "score": 9,
      "time": 1.6629712581634521
    }
  },
  "Mexico": {
    "0": {
      "score": 6,
      "time": 1.9605021476745605
    }
  },
  "Italy": {
    "0": {
      "score": 5,
      "time": 0.46125006675720215
    }
  },
  "Nigeria": {
    "0": {
      "score": 6,
      "time": 1.1543593406677246
    }
  },
  "China,PR": {
    "0": {
      "score": 7,
      "time": 1.524827480316162
    }
  },
  "Croatia": {
    "0": {
      "score": 8,
      "time": 1.701399564743042
    }
  },
  "Saudi,Arabia": {
    "0": {
      "score": 7,
      "time": 1.9838519096374512
    }
  },
  "Chile": {
    "0": {
      "score": 6,
      "time": 1.6953635215759277
    }
  },
  "Belgium": {
    "0": {
      "score": 11,
      "time": 1.8206195831298828
    }
  },
  "Colombia": {
    "0": {
      "score": 9,
      "time": 1.648681640625
    }
  },
  "South,Africa": {
    "0": {
      "score": 7,
      "time": 1.949589490890503
    }
  },
  "Canada": {
    "0": {
      "score": 8,
      "time": 1.7602441310882568
    }
  },
  "Spain": {
    "0": {
      "score": 7,
      "time": 1.084380865097046
    }
  },
  "Argentina": {
    "0": {
      "score": 9,
      "time": 1.9599573612213135
    }
  },
  "Poland": {
    "0": {
      "score": 7,
      "time": 1.8630845546722412
    }
  }
}