{
  "England": {
    "0": {
      "score": 5,
      "time": 0.44818115234375
    }
  },
  "Netherlands": {
    "0": {
      "score": 9,
      "time": 0.428802490234375
    }
  },
  "Korea,Republic": {
    "0": {
      "score": 8,
      "time": 0.48678040504455566
    }
  },
  "Japan": {
    "0": {
      "score": 7,
      "time": 0.1841886043548584
    }
  },
  "Northern,Ireland": {
    "0": {
      "score": 9,
      "time": 0.3475782871246338
    }
  },
  "Wales": {
    "0": {
      "score": 7,
      "time": 0.19545269012451172
    }
  },
  "Iceland": {
    "0": {
      "score": 4,
      "time": 0.552788496017456
    }
  },
  "United,States": {
    "0": {
      "score": 7,
      "time": 0.25910091400146484
    }
  },
  "Finland": {
    "0": {
      "score": 7,
      "time": 0.1378777027130127
    }
  },
  "Turkey": {
    "0": {
      "score": 7,
      "time": 0.6100778579711914
    }
  },
  "Norway": {
    "0": {
      "score": 7,
      "time": 0.1902458667755127
    }
  },
  "Senegal": {
    "0": {
      "score": 9,
      "time": 0.16054224967956543
    }
  },
  "Scotland": {
    "0": {
      "score": 7,
      "time": 0.2722477912902832
    }
  },
  "Republic,of,Ireland": {
    "0": {
      "score": 9,
      "time": 0.11653804779052734
    }
  },
  "Germany": {
    "0": {
      "score": 5,
      "time": 0.591789722442627
    }
  },
  "Kosovo": {
    "0": {
      "score": 9,
      "time": 0.14301800727844238
    }
  },
  "Denmark": {
    "0": {
      "score": 5,
      "time": 0.4512207508087158
    }
  },
  "Australia": {
    "0": {
      "score": 5,
      "time": 0.7057743072509766
    }
  },
  "Ghana": {
    "0": {
      "score": 3,
      "time": 0.35880398750305176
    }
  },
  "Brazil": {
    "0": {
      "score": 7,
      "time": 0.4938364028930664
    }
  },
  "France": {
    "0": {
      "score": 6,
      "time": 0.4855961799621582
    }
  },
  "Austria": {
    "0": {
      "score": 6,
      "time": 0.327587366104126
    }
  },
  "Romania": {
    "0": {
      "score": 9,
      "time": 0.06410002708435059
    }
  },
  "Switzerland": {
    "0": {
      "score": 5,
      "time": 0.3788332939147949
    }
  },
  "Sweden": {
    "0": {
      "score": 7,
      "time": 0.07912659645080566
    }
  },
  "Serbia": {
    "0": {
      "score": 9,
      "time": 0.6905992031097412
    }
  },
  "Mexico": {
    "0": {
      "score": 4,
      "time": 0.3739433288574219
    }
  },
  "Italy": {
    "0": {
      "score": 7,
      "time": 0.3446052074432373
    }
  },
  "Nigeria": {
    "0": {
      "score": 7,
      "time": 0.2942235469818115
    }
  },
  "China,PR": {
    "0": {
      "score": 6,
      "time": 0.4320061206817627
    }
  },
  "Croatia": {
    "0": {
      "score": 7,
      "time": 0.08476424217224121
    }
  },
  "Saudi,Arabia": {
    "0": {
      "score": 6,
      "time": 0.5900518894195557
    }
  },
  "Chile": {
    "0": {
      "score": 6,
      "time": 0.38121509552001953
    }
  },
  "Belgium": {
    "0": {
      "score": 5,
      "time": 0.590031623840332
    }
  },
  "Colombia": {
    "0": {
      "score": 9,
      "time": 0.14618539810180664
    }
  },
  "South,Africa": {
    "0": {
      "score": 9,
      "time": 0.18058419227600098
    }
  },
  "Canada": {
    "0": {
      "score": 7,
      "time": 0.35646581649780273
    }
  },
  "Spain": {
    "0": {
      "score": 6,
      "time": 0.4578404426574707
    }
  },
  "Argentina": {
    "0": {
      "score": 6,
      "time": 0.306201696395874
    }
  },
  "Poland": {
    "0": {
      "score": 5,
      "time": 0.262892484664917
    }
  }
}