{
  "England": {
    "0": {
      "score": 4,
      "time": 0.06548357009887695
    }
  },
  "Netherlands": {
    "0": {
      "score": 6,
      "time": 0.056880950927734375
    }
  },
  "Korea,Republic": {
    "0": {
      "score": 8,
      "time": 0.06687140464782715
    }
  },
  "Japan": {
    "0": {
      "score": 5,
      "time": 0.06525397300720215
    }
  },
  "Northern,Ireland": {
    "0": {
      "score": 3,
      "time": 0.06226944923400879
    }
  },
  "Wales": {
    "0": {
      "score": 7,
      "time": 0.05974745750427246
    }
  },
  "Iceland": {
    "0": {
      "score": 5,
      "time": 0.058331966400146484
    }
  },
  "United,States": {
    "0": {
      "score": 7,
      "time": 0.06081247329711914
    }
  },
  "Finland": {
    "0": {
      "score": 9,
      "time": 0.10596060752868652
    }
  },
  "Turkey": {
    "0": {
      "score": 3,
      "time": 0.08331036567687988
    }
  },
  "Norway": {
    "0": {
      "score": 4,
      "time": 0.06593179702758789
    }
  },
  "Senegal": {
    "0": {
      "score": 9,
      "time": 0.049907684326171875
    }
  },
  "Scotland": {
    "0": {
      "score": 5,
      "time": 0.05666232109069824
    }
  },
  "Republic,of,Ireland": {
    "0": {
      "score": 6,
      "time": 0.05925798416137695
    }
  },
  "Germany": {
    "0": {
      "score": 5,
      "time": 0.05331897735595703
    }
  },
  "Kosovo": {
    "0": {
      "score": 3,
      "time": 0.060738325119018555
    }
  },
  "Denmark": {
    "0": {
      "score": 7,
      "time": 0.06051802635192871
    }
  },
  "Australia": {
    "0": {
      "score": 7,
      "time": 0.06635546684265137
    }
  },
  "Ghana": {
    "0": {
      "score": 3,
      "time": 0.05536770820617676
    }
  },
  "Brazil": {
    "0": {
      "score": 5,
      "time": 0.06513190269470215
    }
  },
  "France": {
    "0": {
      "score": 7,
      "time": 0.05529308319091797
    }
  },
  "Austria": {
    "0": {
      "score": 5,
      "time": 0.06507301330566406
    }
  },
  "Romania": {
    "0": {
      "score": 7,
      "time": 0.057331085205078125
    }
  },
  "Switzerland": {
    "0": {
      "score": 5,
      "time": 0.05388283729553223
    }
  },
  "Sweden": {
    "0": {
      "score": 6,
      "time": 0.05904984474182129
    }
  },
  "Serbia": {
    "0": {
      "score": 6,
      "time": 0.1038820743560791
    }
  },
  "Mexico": {
    "0": {
      "score": 7,
      "time": 0.0583033561706543
    }
  },
  "Italy": {
    "0": {
      "score": 6,
      "time": 0.10622978210449219
    }
  },
  "Nigeria": {
    "0": {
      "score": 6,
      "time": 0.049158334732055664
    }
  },
  "China,PR": {
    "0": {
      "score": 5,
      "time": 0.06340146064758301
    }
  },
  "Croatia": {
    "0": {
      "score": 5,
      "time": 0.05308365821838379
    }
  },
  "Saudi,Arabia": {
    "0": {
      "score": 4,
      "time": 0.050409555435180664
    }
  },
  "Chile": {
    "0": {
      "score": 6,
      "time": 0.05263686180114746
    }
  },
  "Belgium": {
    "0": {
      "score": 3,
      "time": 0.05844998359680176
    }
  },
  "Colombia": {
    "0": {
      "score": 6,
      "time": 0.05598044395446777
    }
  },
  "South,Africa": {
    "0": {
      "score": 6,
      "time": 0.059247493743896484
    }
  },
  "Canada": {
    "0": {
      "score": 5,
      "time": 0.053357839584350586
    }
  },
  "Spain": {
    "0": {
      "score": 4,
      "time": 0.1159048080444336
    }
  },
  "Argentina": {
    "0": {
      "score": 7,
      "time": 0.059468984603881836
    }
  },
  "Poland": {
    "0": {
      "score": 4,
      "time": 0.06386613845825195
    }
  }
}