{
  "England": {
    "0": {
      "score": 7,
      "time": 1.8444938659667969
    }
  },
  "Netherlands": {
    "0": {
      "score": 8,
      "time": 1.4096665382385254
    }
  },
  "Korea,Republic": {
    "0": {
      "score": 7,
      "time": 1.6972601413726807
    }
  },
  "Japan": {
    "0": {
      "score": 9,
      "time": 1.815441608428955
    }
  },
  "Northern,Ireland": {
    "0": {
      "score": 8,
      "time": 1.7776546478271484
    }
  },
  "Wales": {
    "0": {
      "score": 7,
      "time": 1.9831254482269287
    }
  },
  "Iceland": {
    "0": {
      "score": 5,
      "time": 1.726637601852417
    }
  },
  "United,States": {
    "0": {
      "score": 5,
      "time": 1.7449872493743896
    }
  },
  "Finland": {
    "0": {
      "score": 5,
      "time": 1.0125970840454102
    }
  },
  "Turkey": {
    "0": {
      "score": 7,
      "time": 1.947359323501587
    }
  },
  "Norway": {
    "0": {
      "score": 9,
      "time": 1.8280341625213623
    }
  },
  "Senegal": {
    "0": {
      "score": 8,
      "time": 1.9087841510772705
    }
  },
  "Scotland": {
    "0": {
      "score": 9,
      "time": 1.728869915008545
    }
  },
  "Republic,of,Ireland": {
    "0": {
      "score": 7,
      "time": 1.7581679821014404
    }
  },
  "Germany": {
    "0": {
      "score": 11,
      "time": 1.844564437866211
    }
  },
  "Kosovo": {
    "0": {
      "score": 9,
      "time": 1.7238500118255615
    }
  },
  "Denmark": {
    "0": {
      "score": 5,
      "time": 1.9178123474121094
    }
  },
  "Australia": {
    "0": {
      "score": 9,
      "time": 1.9266598224639893
    }
  },
  "Ghana": {
    "0": {
      "score": 4,
      "time": 1.6484038829803467
    }
  },
  "Brazil": {
    "0": {
      "score": 9,
      "time": 1.8027105331420898
    }
  },
  "France": {
    "0": {
      "score": 8,
      "time": 0.7199630737304688
    }
  },
  "Austria": {
    "0": {
      "score": 7,
      "time": 1.9094946384429932
    }
  },
  "Romania": {
    "0": {
      "score": 9,
      "time": 1.0043561458587646
    }
  },
  "Switzerland": {
    "0": {
      "score": 5,
      "time": 1.682973861694336
    }
  },
  "Sweden": {
    "0": {
      "score": 7,
      "time": 1.740311861038208
    }
  },
  "Serbia": {
    "0": {
      "score": 9,
      "time": 1.0427019596099854
    }
  },
  "Mexico": {
    "0": {
      "score": 6,
      "time": 1.9582123756408691
    }
  },
  "Italy": {
    "0": {
      "score": 6,
      "time": 1.7274701595306396
    }
  },
  "Nigeria": {
    "0": {
      "score": 6,
      "time": 0.5617520809173584
    }
  },
  "China,PR": {
    "0": {
      "score": 9,
      "time": 1.4615020751953125
    }
  },
  "Croatia": {
    "0": {
      "score": 8,
      "time": 0.8714718818664551
    }
  },
  "Saudi,Arabia": {
    "0": {
      "score": 7,
      "time": 1.636542797088623
    }
  },
  "Chile": {
    "0": {
      "score": 5,
      "time": 1.7811377048492432
    }
  },
  "Belgium": {
    "0": {
      "score": 7,
      "time": 1.683572769165039
    }
  },
  "Colombia": {
    "0": {
      "score": 9,
      "time": 1.7402708530426025
    }
  },
  "South,Africa": {
    "0": {
      "score": 9,
      "time": 1.6814031600952148
    }
  },
  "Canada": {
    "0": {
      "score": 6,
      "time": 1.8466391563415527
    }
  },
  "Spain": {
    "0": {
      "score": 7,
      "time": 1.8139894008636475
    }
  },
  "Argentina": {
    "0": {
      "score": 7,
      "time": 1.724628210067749
    }
  },
  "Poland": {
    "0": {
      "score": 9,
      "time": 1.8155944347381592
    }
  }
}