{
  "England": {
    "0": {
      "score": 7,
      "time": 1.3005926609039307
    }
  },
  "Netherlands": {
    "0": {
      "score": 7,
      "time": 0.746807336807251
    }
  },
  "Korea,Republic": {
    "0": {
      "score": 5,
      "time": 0.5842840671539307
    }
  },
  "Japan": {
    "0": {
      "score": 9,
      "time": 0.4700803756713867
    }
  },
  "Northern,Ireland": {
    "0": {
      "score": 6,
      "time": 0.7729675769805908
    }
  },
  "Wales": {
    "0": {
      "score": 7,
      "time": 1.5351779460906982
    }
  },
  "Iceland": {
    "0": {
      "score": 5,
      "time": 1.6913080215454102
    }
  },
  "United,States": {
    "0": {
      "score": 5,
      "time": 0.9400150775909424
    }
  },
  "Finland": {
    "0": {
      "score": 7,
      "time": 0.8972930908203125
    }
  },
  "Turkey": {
    "0": {
      "score": 7,
      "time": 1.2248198986053467
    }
  },
  "Norway": {
    "0": {
      "score": 5,
      "time": 0.5540761947631836
    }
  },
  "Senegal": {
    "0": {
      "score": 8,
      "time": 0.5423073768615723
    }
  },
  "Scotland": {
    "0": {
      "score": 7,
      "time": 1.8068459033966064
    }
  },
  "Republic,of,Ireland": {
    "0": {
      "score": 9,
      "time": 1.0276587009429932
    }
  },
  "Germany": {
    "0": {
      "score": 11,
      "time": 1.3163630962371826
    }
  },
  "Kosovo": {
    "0": {
      "score": 9,
      "time": 1.4584619998931885
    }
  },
  "Denmark": {
    "0": {
      "score": 6,
      "time": 1.7698450088500977
    }
  },
  "Australia": {
    "0": {
      "score": 7,
      "time": 2.012664794921875
    }
  },
  "Ghana": {
    "0": {
      "score": 4,
      "time": 0.7565021514892578
    }
  },
  "Brazil": {
    "0": {
      "score": 9,
      "time": 0.5396542549133301
    }
  },
  "France": {
    "0": {
      "score": 6,
      "time": 1.5676524639129639
    }
  },
  "Austria": {
    "0": {
      "score": 7,
      "time": 1.2193386554718018
    }
  },
  "Romania": {
    "0": {
      "score": 9,
      "time": 0.20753026008605957
    }
  },
  "Switzerland": {
    "0": {
      "score": 5,
      "time": 1.7176728248596191
    }
  },
  "Sweden": {
    "0": {
      "score": 8,
      "time": 0.8569848537445068
    }
  },
  "Serbia": {
    "0": {
      "score": 9,
      "time": 0.6252083778381348
    }
  },
  "Mexico": {
    "0": {
      "score": 9,
      "time": 0.680652379989624
    }
  },
  "Italy": {
    "0": {
      "score": 5,
      "time": 1.4543209075927734
    }
  },
  "Nigeria": {
    "0": {
      "score": 7,
      "time": 1.2986454963684082
    }
  },
  "China,PR": {
    "0": {
      "score": 9,
      "time": 1.7322561740875244
    }
  },
  "Croatia": {
    "0": {
      "score": 7,
      "time": 0.4525761604309082
    }
  },
  "Saudi,Arabia": {
    "0": {
      "score": 7,
      "time": 0.2541956901550293
    }
  },
  "Chile": {
    "0": {
      "score": 5,
      "time": 1.8227474689483643
    }
  },
  "Belgium": {
    "0": {
      "score": 7,
      "time": 1.5960607528686523
    }
  },
  "Colombia": {
    "0": {
      "score": 9,
      "time": 1.3733704090118408
    }
  },
  "South,Africa": {
    "0": {
      "score": 8,
      "time": 1.508298635482788
    }
  },
  "Canada": {
    "0": {
      "score": 8,
      "time": 0.502497673034668
    }
  },
  "Spain": {
    "0": {
      "score": 7,
      "time": 1.1757183074951172
    }
  },
  "Argentina": {
    "0": {
      "score": 7,
      "time": 1.4818153381347656
    }
  },
  "Poland": {
    "0": {
      "score": 7,
      "time": 0.799048662185669
    }
  }
}