{
  "England": {
    "0": {
      "score": 7,
      "time": 1.2094800472259521
    }
  },
  "Netherlands": {
    "0": {
      "score": 5,
      "time": 1.8542113304138184
    }
  },
  "Korea,Republic": {
    "0": {
      "score": 9,
      "time": 1.6864433288574219
    }
  },
  "Japan": {
    "0": {
      "score": 9,
      "time": 1.8055949211120605
    }
  },
  "Northern,Ireland": {
    "0": {
      "score": 8,
      "time": 1.8029682636260986
    }
  },
  "Wales": {
    "0": {
      "score": 7,
      "time": 1.8278944492340088
    }
  },
  "Iceland": {
    "0": {
      "score": 5,
      "time": 1.3294217586517334
    }
  },
  "United,States": {
    "0": {
      "score": 7,
      "time": 1.7086126804351807
    }
  },
  "Finland": {
    "0": {
      "score": 7,
      "time": 1.9623262882232666
    }
  },
  "Turkey": {
    "0": {
      "score": 7,
      "time": 1.8101541996002197
    }
  },
  "Norway": {
    "0": {
      "score": 7,
      "time": 0.8063797950744629
    }
  },
  "Senegal": {
    "0": {
      "score": 8,
      "time": 1.7503294944763184
    }
  },
  "Scotland": {
    "0": {
      "score": 9,
      "time": 1.679882526397705
    }
  },
  "Republic,of,Ireland": {
    "0": {
      "score": 9,
      "time": 1.827512264251709
    }
  },
  "Germany": {
    "0": {
      "score": 7,
      "time": 0.7924411296844482
    }
  },
  "Kosovo": {
    "0": {
      "score": 9,
      "time": 1.7298715114593506
    }
  },
  "Denmark": {
    "0": {
      "score": 9,
      "time": 1.7521824836730957
    }
  },
  "Australia": {
    "0": {
      "score": 9,
      "time": 1.8322856426239014
    }
  },
  "Ghana": {
    "0": {
      "score": 6,
      "time": 0.7397840023040771
    }
  },
  "Brazil": {
    "0": {
      "score": 7,
      "time": 0.47110629081726074
    }
  },
  "France": {
    "0": {
      "score": 6,
      "time": 1.7524526119232178
    }
  },
  "Austria": {
    "0": {
      "score": 7,
      "time": 1.7839572429656982
    }
  },
  "Romania": {
    "0": {
      "score": 9,
      "time": 1.6932141780853271
    }
  },
  "Switzerland": {
    "0": {
      "score": 7,
      "time": 1.7219688892364502
    }
  },
  "Sweden": {
    "0": {
      "score": 8,
      "time": 1.8890066146850586
    }
  },
  "Serbia": {
    "0": {
      "score": 9,
      "time": 1.7659428119659424
    }
  },
  "Mexico": {
    "0": {
      "score": 7,
      "time": 1.722881555557251
    }
  },
  "Italy": {
    "0": {
      "score": 8,
      "time": 0.6989529132843018
    }
  },
  "Nigeria": {
    "0": {
      "score": 6,
      "time": 1.7387900352478027
    }
  },
  "China,PR": {
    "0": {
      "score": 7,
      "time": 1.6923036575317383
    }
  },
  "Croatia": {
    "0": {
      "score": 7,
      "time": 1.7614879608154297
    }
  },
  "Saudi,Arabia": {
    "0": {
      "score": 7,
      "time": 1.7569124698638916
    }
  },
  "Chile": {
    "0": {
      "score": 6,
      "time": 1.7150318622589111
    }
  },
  "Belgium": {
    "0": {
      "score": 11,
      "time": 1.9735627174377441
    }
  },
  "Colombia": {
    "0": {
      "score": 9,
      "time": 1.8310959339141846
    }
  },
  "South,Africa": {
    "0": {
      "score": 7,
      "time": 1.6993236541748047
    }
  },
  "Canada": {
    "0": {
      "score": 8,
      "time": 1.8207099437713623
    }
  },
  "Spain": {
    "0": {
      "score": 7,
      "time": 0.7120747566223145
    }
  },
  "Argentina": {
    "0": {
      "score": 7,
      "time": 1.9477818012237549
    }
  },
  "Poland": {
    "0": {
      "score": 7,
      "time": 1.6677021980285645
    }
  }
}