{
  "England": {
    "0": {
      "score": 9,
      "time": 0.47928953170776367
    }
  },
  "Netherlands": {
    "0": {
      "score": 5,
      "time": 1.1662967205047607
    }
  },
  "Korea,Republic": {
    "0": {
      "score": 7,
      "time": 1.8257026672363281
    }
  },
  "Japan": {
    "0": {
      "score": 9,
      "time": 0.7992208003997803
    }
  },
  "Northern,Ireland": {
    "0": {
      "score": 8,
      "time": 0.505089282989502
    }
  },
  "Wales": {
    "0": {
      "score": 7,
      "time": 1.5426750183105469
    }
  },
  "Iceland": {
    "0": {
      "score": 5,
      "time": 0.8583216667175293
    }
  },
  "United,States": {
    "0": {
      "score": 5,
      "time": 1.788426160812378
    }
  },
  "Finland": {
    "0": {
      "score": 5,
      "time": 1.7396578788757324
    }
  },
  "Turkey": {
    "0": {
      "score": 7,
      "time": 1.859039068222046
    }
  },
  "Norway": {
    "0": {
      "score": 9,
      "time": 0.8594989776611328
    }
  },
  "Senegal": {
    "0": {
      "score": 8,
      "time": 1.767974615097046
    }
  },
  "Scotland": {
    "0": {
      "score": 9,
      "time": 1.857978105545044
    }
  },
  "Republic,of,Ireland": {
    "0": {
      "score": 9,
      "time": 1.1930570602416992
    }
  },
  "Germany": {
    "0": {
      "score": 11,
      "time": 1.7417705059051514
    }
  },
  "Kosovo": {
    "0": {
      "score": 9,
      "time": 1.8910770416259766
    }
  },
  "Denmark": {
    "0": {
      "score": 5,
      "time": 1.8143384456634521
    }
  },
  "Australia": {
    "0": {
      "score": 9,
      "time": 1.7155187129974365
    }
  },
  "Ghana": {
    "0": {
      "score": 4,
      "time": 0.8928873538970947
    }
  },
  "Brazil": {
    "0": {
      "score": 9,
      "time": 1.274247169494629
    }
  },
  "France": {
    "0": {
      "score": 8,
      "time": 1.1344797611236572
    }
  },
  "Austria": {
    "0": {
      "score": 7,
      "time": 1.791729211807251
    }
  },
  "Romania": {
    "0": {
      "score": 9,
      "time": 0.6657700538635254
    }
  },
  "Switzerland": {
    "0": {
      "score": 5,
      "time": 1.8671107292175293
    }
  },
  "Sweden": {
    "0": {
      "score": 7,
      "time": 1.0982434749603271
    }
  },
  "Serbia": {
    "0": {
      "score": 9,
      "time": 1.713944911956787
    }
  },
  "Mexico": {
    "0": {
      "score": 9,
      "time": 1.8210828304290771
    }
  },
  "Italy": {
    "0": {
      "score": 7,
      "time": 1.8507168292999268
    }
  },
  "Nigeria": {
    "0": {
      "score": 6,
      "time": 0.8887655735015869
    }
  },
  "China,PR": {
    "0": {
      "score": 9,
      "time": 1.559023380279541
    }
  },
  "Croatia": {
    "0": {
      "score": 8,
      "time": 0.8208222389221191
    }
  },
  "Saudi,Arabia": {
    "0": {
      "score": 7,
      "time": 1.3993849754333496
    }
  },
  "Chile": {
    "0": {
      "score": 5,
      "time": 1.0114684104919434
    }
  },
  "Belgium": {
    "0": {
      "score": 7,
      "time": 2.0127217769622803
    }
  },
  "Colombia": {
    "0": {
      "score": 9,
      "time": 1.7992792129516602
    }
  },
  "South,Africa": {
    "0": {
      "score": 8,
      "time": 0.726447343826294
    }
  },
  "Canada": {
    "0": {
      "score": 6,
      "time": 1.0080103874206543
    }
  },
  "Spain": {
    "0": {
      "score": 7,
      "time": 1.8267302513122559
    }
  },
  "Argentina": {
    "0": {
      "score": 7,
      "time": 0.40379834175109863
    }
  },
  "Poland": {
    "0": {
      "score": 9,
      "time": 1.962451696395874
    }
  }
}