{
  "England": {
    "0": {
      "score": 8,
      "time": 0.41078710556030273
    }
  },
  "Netherlands": {
    "0": {
      "score": 7,
      "time": 0.6585490703582764
    }
  },
  "Korea,Republic": {
    "0": {
      "score": 6,
      "time": 0.6598312854766846
    }
  },
  "Japan": {
    "0": {
      "score": 7,
      "time": 0.4196460247039795
    }
  },
  "Northern,Ireland": {
    "0": {
      "score": 9,
      "time": 0.4228975772857666
    }
  },
  "Wales": {
    "0": {
      "score": 7,
      "time": 0.17380952835083008
    }
  },
  "Iceland": {
    "0": {
      "score": 6,
      "time": 0.4524984359741211
    }
  },
  "United,States": {
    "0": {
      "score": 7,
      "time": 0.378002405166626
    }
  },
  "Finland": {
    "0": {
      "score": 7,
      "time": 0.5893619060516357
    }
  },
  "Turkey": {
    "0": {
      "score": 8,
      "time": 0.25666117668151855
    }
  },
  "Norway": {
    "0": {
      "score": 5,
      "time": 0.7036983966827393
    }
  },
  "Senegal": {
    "0": {
      "score": 8,
      "time": 0.20667624473571777
    }
  },
  "Scotland": {
    "0": {
      "score": 7,
      "time": 0.2438814640045166
    }
  },
  "Republic,of,Ireland": {
    "0": {
      "score": 9,
      "time": 0.23309993743896484
    }
  },
  "Germany": {
    "0": {
      "score": 5,
      "time": 0.6240053176879883
    }
  },
  "Kosovo": {
    "0": {
      "score": 5,
      "time": 0.47269463539123535
    }
  },
  "Denmark": {
    "0": {
      "score": 8,
      "time": 1.18147873878479
    }
  },
  "Australia": {
    "0": {
      "score": 9,
      "time": 0.9329841136932373
    }
  },
  "Ghana": {
    "0": {
      "score": 3,
      "time": 0.18251323699951172
    }
  },
  "Brazil": {
    "0": {
      "score": 7,
      "time": 0.5424423217773438
    }
  },
  "France": {
    "0": {
      "score": 6,
      "time": 0.39551830291748047
    }
  },
  "Austria": {
    "0": {
      "score": 6,
      "time": 0.8291137218475342
    }
  },
  "Romania": {
    "0": {
      "score": 9,
      "time": 0.08370089530944824
    }
  },
  "Switzerland": {
    "0": {
      "score": 6,
      "time": 0.8384714126586914
    }
  },
  "Sweden": {
    "0": {
      "score": 7,
      "time": 0.19777178764343262
    }
  },
  "Serbia": {
    "0": {
      "score": 9,
      "time": 0.9422245025634766
    }
  },
  "Mexico": {
    "0": {
      "score": 4,
      "time": 0.7469174861907959
    }
  },
  "Italy": {
    "0": {
      "score": 6,
      "time": 0.8182780742645264
    }
  },
  "Nigeria": {
    "0": {
      "score": 7,
      "time": 0.43459057807922363
    }
  },
  "China,PR": {
    "0": {
      "score": 9,
      "time": 0.6006076335906982
    }
  },
  "Croatia": {
    "0": {
      "score": 7,
      "time": 0.14676451683044434
    }
  },
  "Saudi,Arabia": {
    "0": {
      "score": 6,
      "time": 0.41234731674194336
    }
  },
  "Chile": {
    "0": {
      "score": 6,
      "time": 0.6561720371246338
    }
  },
  "Belgium": {
    "0": {
      "score": 7,
      "time": 0.682574987411499
    }
  },
  "Colombia": {
    "0": {
      "score": 9,
      "time": 0.5918400287628174
    }
  },
  "South,Africa": {
    "0": {
      "score": 9,
      "time": 0.2297980785369873
    }
  },
  "Canada": {
    "0": {
      "score": 7,
      "time": 0.20069169998168945
    }
  },
  "Spain": {
    "0": {
      "score": 7,
      "time": 0.7751021385192871
    }
  },
  "Argentina": {
    "0": {
      "score": 7,
      "time": 0.5396957397460938
    }
  },
  "Poland": {
    "0": {
      "score": 7,
      "time": 0.542104959487915
    }
  }
}