{
  "England": {
    "0": {
      "score": 7,
      "time": 1.5509662628173828
    }
  },
  "Netherlands": {
    "0": {
      "score": 5,
      "time": 1.7180368900299072
    }
  },
  "Korea,Republic": {
    "0": {
      "score": 7,
      "time": 1.3192248344421387
    }
  },
  "Japan": {
    "0": {
      "score": 9,
      "time": 1.7654521465301514
    }
  },
  "Northern,Ireland": {
    "0": {
      "score": 8,
      "time": 1.8568787574768066
    }
  },
  "Wales": {
    "0": {
      "score": 7,
      "time": 1.3689801692962646
    }
  },
  "Iceland": {
    "0": {
      "score": 5,
      "time": 1.6002891063690186
    }
  },
  "United,States": {
    "0": {
      "score": 5,
      "time": 1.866370439529419
    }
  },
  "Finland": {
    "0": {
      "score": 5,
      "time": 1.6804828643798828
    }
  },
  "Turkey": {
    "0": {
      "score": 7,
      "time": 1.9519145488739014
    }
  },
  "Norway": {
    "0": {
      "score": 9,
      "time": 0.7319643497467041
    }
  },
  "Senegal": {
    "0": {
      "score": 8,
      "time": 1.2940342426300049
    }
  },
  "Scotland": {
    "0": {
      "score": 9,
      "time": 1.2849886417388916
    }
  },
  "Republic,of,Ireland": {
    "0": {
      "score": 9,
      "time": 1.8768436908721924
    }
  },
  "Germany": {
    "0": {
      "score": 11,
      "time": 1.981611967086792
    }
  },
  "Kosovo": {
    "0": {
      "score": 9,
      "time": 1.847721815109253
    }
  },
  "Denmark": {
    "0": {
      "score": 5,
      "time": 2.1417813301086426
    }
  },
  "Australia": {
    "0": {
      "score": 9,
      "time": 1.8066442012786865
    }
  },
  "Ghana": {
    "0": {
      "score": 4,
      "time": 1.6275603771209717
    }
  },
  "Brazil": {
    "0": {
      "score": 9,
      "time": 0.7666988372802734
    }
  },
  "France": {
    "0": {
      "score": 8,
      "time": 0.5923004150390625
    }
  },
  "Austria": {
    "0": {
      "score": 7,
      "time": 1.702636957168579
    }
  },
  "Romania": {
    "0": {
      "score": 9,
      "time": 0.8986067771911621
    }
  },
  "Switzerland": {
    "0": {
      "score": 5,
      "time": 1.7295606136322021
    }
  },
  "Sweden": {
    "0": {
      "score": 7,
      "time": 1.2935078144073486
    }
  },
  "Serbia": {
    "0": {
      "score": 9,
      "time": 1.7234265804290771
    }
  },
  "Mexico": {
    "0": {
      "score": 9,
      "time": 0.6433107852935791
    }
  },
  "Italy": {
    "0": {
      "score": 7,
      "time": 1.6648495197296143
    }
  },
  "Nigeria": {
    "0": {
      "score": 6,
      "time": 1.652038335800171
    }
  },
  "China,PR": {
    "0": {
      "score": 9,
      "time": 1.78654146194458
    }
  },
  "Croatia": {
    "0": {
      "score": 8,
      "time": 0.6937603950500488
    }
  },
  "Saudi,Arabia": {
    "0": {
      "score": 7,
      "time": 1.8207366466522217
    }
  },
  "Chile": {
    "0": {
      "score": 5,
      "time": 1.7001338005065918
    }
  },
  "Belgium": {
    "0": {
      "score": 7,
      "time": 1.9245002269744873
    }
  },
  "Colombia": {
    "0": {
      "score": 9,
      "time": 1.7680776119232178
    }
  },
  "South,Africa": {
    "0": {
      "score": 9,
      "time": 1.911811351776123
    }
  },
  "Canada": {
    "0": {
      "score": 6,
      "time": 1.7243964672088623
    }
  },
  "Spain": {
    "0": {
      "score": 7,
      "time": 1.1095249652862549
    }
  },
  "Argentina": {
    "0": {
      "score": 9,
      "time": 1.8451931476593018
    }
  },
  "Poland": {
    "0": {
      "score": 9,
      "time": 1.8323554992675781
    }
  }
}