{
  "England": {
    "0": {
      "score": 7,
      "time": 1.6998202800750732
    }
  },
  "Netherlands": {
    "0": {
      "score": 5,
      "time": 1.0249953269958496
    }
  },
  "Korea,Republic": {
    "0": {
      "score": 8,
      "time": 1.7936978340148926
    }
  },
  "Japan": {
    "0": {
      "score": 9,
      "time": 1.7144806385040283
    }
  },
  "Northern,Ireland": {
    "0": {
      "score": 8,
      "time": 0.6831762790679932
    }
  },
  "Wales": {
    "0": {
      "score": 7,
      "time": 1.5362181663513184
    }
  },
  "Iceland": {
    "0": {
      "score": 5,
      "time": 1.7064521312713623
    }
  },
  "United,States": {
    "0": {
      "score": 3,
      "time": 1.358386754989624
    }
  },
  "Finland": {
    "0": {
      "score": 7,
      "time": 0.8053414821624756
    }
  },
  "Turkey": {
    "0": {
      "score": 7,
      "time": 1.6901724338531494
    }
  },
  "Norway": {
    "0": {
      "score": 9,
      "time": 1.6843187808990479
    }
  },
  "Senegal": {
    "0": {
      "score": 8,
      "time": 0.9193353652954102
    }
  },
  "Scotland": {
    "0": {
      "score": 7,
      "time": 1.8915324211120605
    }
  },
  "Republic,of,Ireland": {
    "0": {
      "score": 9,
      "time": 1.1137275695800781
    }
  },
  "Germany": {
    "0": {
      "score": 11,
      "time": 1.3914337158203125
    }
  },
  "Kosovo": {
    "0": {
      "score": 9,
      "time": 1.7839312553405762
    }
  },
  "Denmark": {
    "0": {
      "score": 7,
      "time": 0.9452123641967773
    }
  },
  "Australia": {
    "0": {
      "score": 7,
      "time": 1.794628381729126
    }
  },
  "Ghana": {
    "0": {
      "score": 4,
      "time": 1.0689587593078613
    }
  },
  "Brazil": {
    "0": {
      "score": 9,
      "time": 1.5361263751983643
    }
  },
  "France": {
    "0": {
      "score": 7,
      "time": 1.516892671585083
    }
  },
  "Austria": {
    "0": {
      "score": 7,
      "time": 1.6012108325958252
    }
  },
  "Romania": {
    "0": {
      "score": 9,
      "time": 0.5169517993927002
    }
  },
  "Switzerland": {
    "0": {
      "score": 5,
      "time": 1.9261534214019775
    }
  },
  "Sweden": {
    "0": {
      "score": 7,
      "time": 1.7744152545928955
    }
  },
  "Serbia": {
    "0": {
      "score": 9,
      "time": 0.6232972145080566
    }
  },
  "Mexico": {
    "0": {
      "score": 9,
      "time": 1.8382127285003662
    }
  },
  "Italy": {
    "0": {
      "score": 5,
      "time": 0.4675006866455078
    }
  },
  "Nigeria": {
    "0": {
      "score": 6,
      "time": 1.733748435974121
    }
  },
  "China,PR": {
    "0": {
      "score": 9,
      "time": 0.22846674919128418
    }
  },
  "Croatia": {
    "0": {
      "score": 7,
      "time": 0.5048749446868896
    }
  },
  "Saudi,Arabia": {
    "0": {
      "score": 7,
      "time": 1.3284640312194824
    }
  },
  "Chile": {
    "0": {
      "score": 5,
      "time": 1.7709941864013672
    }
  },
  "Belgium": {
    "0": {
      "score": 7,
      "time": 1.470106840133667
    }
  },
  "Colombia": {
    "0": {
      "score": 9,
      "time": 1.5515577793121338
    }
  },
  "South,Africa": {
    "0": {
      "score": 8,
      "time": 1.743326187133789
    }
  },
  "Canada": {
    "0": {
      "score": 8,
      "time": 1.6855404376983643
    }
  },
  "Spain": {
    "0": {
      "score": 7,
      "time": 1.8041512966156006
    }
  },
  "Argentina": {
    "0": {
      "score": 7,
      "time": 1.7751860618591309
    }
  },
  "Poland": {
    "0": {
      "score": 9,
      "time": 0.5368428230285645
    }
  }
}