{
  "England": {
    "0": {
      "score": 7,
      "time": 1.3681507110595703
    }
  },
  "Netherlands": {
    "0": {
      "score": 8,
      "time": 2.0202577114105225
    }
  },
  "Korea,Republic": {
    "0": {
      "score": 7,
      "time": 1.488922119140625
    }
  },
  "Japan": {
    "0": {
      "score": 9,
      "time": 1.697176456451416
    }
  },
  "Northern,Ireland": {
    "0": {
      "score": 6,
      "time": 0.9280362129211426
    }
  },
  "Wales": {
    "0": {
      "score": 7,
      "time": 2.079176902770996
    }
  },
  "Iceland": {
    "0": {
      "score": 5,
      "time": 1.7347214221954346
    }
  },
  "United,States": {
    "0": {
      "score": 3,
      "time": 1.499222993850708
    }
  },
  "Finland": {
    "0": {
      "score": 7,
      "time": 1.7314105033874512
    }
  },
  "Turkey": {
    "0": {
      "score": 7,
      "time": 1.8982667922973633
    }
  },
  "Norway": {
    "0": {
      "score": 5,
      "time": 1.4351091384887695
    }
  },
  "Senegal": {
    "0": {
      "score": 8,
      "time": 1.0741240978240967
    }
  },
  "Scotland": {
    "0": {
      "score": 7,
      "time": 1.2547054290771484
    }
  },
  "Republic,of,Ireland": {
    "0": {
      "score": 9,
      "time": 0.7079617977142334
    }
  },
  "Germany": {
    "0": {
      "score": 11,
      "time": 1.3169338703155518
    }
  },
  "Kosovo": {
    "0": {
      "score": 9,
      "time": 1.602954387664795
    }
  },
  "Denmark": {
    "0": {
      "score": 7,
      "time": 1.9732773303985596
    }
  },
  "Australia": {
    "0": {
      "score": 7,
      "time": 1.8603401184082031
    }
  },
  "Ghana": {
    "0": {
      "score": 4,
      "time": 0.8981807231903076
    }
  },
  "Brazil": {
    "0": {
      "score": 9,
      "time": 1.359529733657837
    }
  },
  "France": {
    "0": {
      "score": 6,
      "time": 1.3670694828033447
    }
  },
  "Austria": {
    "0": {
      "score": 7,
      "time": 1.5414814949035645
    }
  },
  "Romania": {
    "0": {
      "score": 9,
      "time": 0.1744849681854248
    }
  },
  "Switzerland": {
    "0": {
      "score": 5,
      "time": 1.6966087818145752
    }
  },
  "Sweden": {
    "0": {
      "score": 7,
      "time": 1.0348846912384033
    }
  },
  "Serbia": {
    "0": {
      "score": 9,
      "time": 1.4740571975708008
    }
  },
  "Mexico": {
    "0": {
      "score": 9,
      "time": 1.9094810485839844
    }
  },
  "Italy": {
    "0": {
      "score": 5,
      "time": 1.801666498184204
    }
  },
  "Nigeria": {
    "0": {
      "score": 7,
      "time": 1.3870863914489746
    }
  },
  "China,PR": {
    "0": {
      "score": 9,
      "time": 0.5938215255737305
    }
  },
  "Croatia": {
    "0": {
      "score": 7,
      "time": 0.7341697216033936
    }
  },
  "Saudi,Arabia": {
    "0": {
      "score": 7,
      "time": 1.7808849811553955
    }
  },
  "Chile": {
    "0": {
      "score": 5,
      "time": 1.5989832878112793
    }
  },
  "Belgium": {
    "0": {
      "score": 7,
      "time": 1.010117769241333
    }
  },
  "Colombia": {
    "0": {
      "score": 9,
      "time": 1.2214505672454834
    }
  },
  "South,Africa": {
    "0": {
      "score": 8,
      "time": 1.9085688591003418
    }
  },
  "Canada": {
    "0": {
      "score": 6,
      "time": 1.3712403774261475
    }
  },
  "Spain": {
    "0": {
      "score": 7,
      "time": 1.0523552894592285
    }
  },
  "Argentina": {
    "0": {
      "score": 7,
      "time": 0.4667353630065918
    }
  },
  "Poland": {
    "0": {
      "score": 9,
      "time": 1.311112642288208
    }
  }
}