{
  "England": {
    "0": {
      "score": 7,
      "time": 0.872838020324707
    }
  },
  "Netherlands": {
    "0": {
      "score": 5,
      "time": 1.6827430725097656
    }
  },
  "Korea,Republic": {
    "0": {
      "score": 7,
      "time": 1.4651548862457275
    }
  },
  "Japan": {
    "0": {
      "score": 9,
      "time": 1.8167715072631836
    }
  },
  "Northern,Ireland": {
    "0": {
      "score": 8,
      "time": 1.8123736381530762
    }
  },
  "Wales": {
    "0": {
      "score": 7,
      "time": 1.9138774871826172
    }
  },
  "Iceland": {
    "0": {
      "score": 4,
      "time": 1.6864562034606934
    }
  },
  "United,States": {
    "0": {
      "score": 5,
      "time": 1.8608508110046387
    }
  },
  "Finland": {
    "0": {
      "score": 6,
      "time": 1.7965960502624512
    }
  },
  "Turkey": {
    "0": {
      "score": 5,
      "time": 1.7087883949279785
    }
  },
  "Norway": {
    "0": {
      "score": 9,
      "time": 1.7114226818084717
    }
  },
  "Senegal": {
    "0": {
      "score": 8,
      "time": 1.6622374057769775
    }
  },
  "Scotland": {
    "0": {
      "score": 9,
      "time": 1.9993984699249268
    }
  },
  "Republic,of,Ireland": {
    "0": {
      "score": 9,
      "time": 1.7457995414733887
    }
  },
  "Germany": {
    "0": {
      "score": 11,
      "time": 1.7361223697662354
    }
  },
  "Kosovo": {
    "0": {
      "score": 9,
      "time": 1.8443982601165771
    }
  },
  "Denmark": {
    "0": {
      "score": 5,
      "time": 1.8858397006988525
    }
  },
  "Australia": {
    "0": {
      "score": 9,
      "time": 1.8678739070892334
    }
  },
  "Ghana": {
    "0": {
      "score": 4,
      "time": 0.304750919342041
    }
  },
  "Brazil": {
    "0": {
      "score": 7,
      "time": 1.2361602783203125
    }
  },
  "France": {
    "0": {
      "score": 8,
      "time": 0.9035379886627197
    }
  },
  "Austria": {
    "0": {
      "score": 7,
      "time": 1.0243258476257324
    }
  },
  "Romania": {
    "0": {
      "score": 9,
      "time": 1.4653265476226807
    }
  },
  "Switzerland": {
    "0": {
      "score": 5,
      "time": 1.7738909721374512
    }
  },
  "Sweden": {
    "0": {
      "score": 7,
      "time": 1.6243274211883545
    }
  },
  "Serbia": {
    "0": {
      "score": 9,
      "time": 1.9215781688690186
    }
  },
  "Mexico": {
    "0": {
      "score": 9,
      "time": 1.7948386669158936
    }
  },
  "Italy": {
    "0": {
      "score": 6,
      "time": 1.6980950832366943
    }
  },
  "Nigeria": {
    "0": {
      "score": 6,
      "time": 1.7169480323791504
    }
  },
  "China,PR": {
    "0": {
      "score": 6,
      "time": 1.6983184814453125
    }
  },
  "Croatia": {
    "0": {
      "score": 8,
      "time": 1.4976937770843506
    }
  },
  "Saudi,Arabia": {
    "0": {
      "score": 7,
      "time": 1.292978286743164
    }
  },
  "Chile": {
    "0": {
      "score": 5,
      "time": 1.8055078983306885
    }
  },
  "Belgium": {
    "0": {
      "score": 7,
      "time": 1.843437910079956
    }
  },
  "Colombia": {
    "0": {
      "score": 7,
      "time": 1.648545742034912
    }
  },
  "South,Africa": {
    "0": {
      "score": 9,
      "time": 1.9431657791137695
    }
  },
  "Canada": {
    "0": {
      "score": 6,
      "time": 0.4275999069213867
    }
  },
  "Spain": {
    "0": {
      "score": 7,
      "time": 0.5959305763244629
    }
  },
  "Argentina": {
    "0": {
      "score": 9,
      "time": 1.8025689125061035
    }
  },
  "Poland": {
    "0": {
      "score": 9,
      "time": 1.7904481887817383
    }
  }
}