{
  "England": {
    "0": {
      "score": 9,
      "time": 0.6520709991455078
    }
  },
  "Netherlands": {
    "0": {
      "score": 5,
      "time": 0.4298722743988037
    }
  },
  "Korea,Republic": {
    "0": {
      "score": 5,
      "time": 0.40499138832092285
    }
  },
  "Japan": {
    "0": {
      "score": 5,
      "time": 0.7867064476013184
    }
  },
  "Northern,Ireland": {
    "0": {
      "score": 8,
      "time": 0.910203218460083
    }
  },
  "Wales": {
    "0": {
      "score": 7,
      "time": 0.9812731742858887
    }
  },
  "Iceland": {
    "0": {
      "score": 5,
      "time": 1.5277509689331055
    }
  },
  "United,States": {
    "0": {
      "score": 7,
      "time": 1.1101739406585693
    }
  },
  "Finland": {
    "0": {
      "score": 7,
      "time": 0.9570920467376709
    }
  },
  "Turkey": {
    "0": {
      "score": 8,
      "time": 0.4145326614379883
    }
  },
  "Norway": {
    "0": {
      "score": 7,
      "time": 0.7147619724273682
    }
  },
  "Senegal": {
    "0": {
      "score": 8,
      "time": 0.6709423065185547
    }
  },
  "Scotland": {
    "0": {
      "score": 7,
      "time": 0.9408552646636963
    }
  },
  "Republic,of,Ireland": {
    "0": {
      "score": 9,
      "time": 0.6845402717590332
    }
  },
  "Germany": {
    "0": {
      "score": 7,
      "time": 0.9350254535675049
    }
  },
  "Kosovo": {
    "0": {
      "score": 9,
      "time": 0.9811153411865234
    }
  },
  "Denmark": {
    "0": {
      "score": 6,
      "time": 1.2096824645996094
    }
  },
  "Australia": {
    "0": {
      "score": 9,
      "time": 1.2320852279663086
    }
  },
  "Ghana": {
    "0": {
      "score": 4,
      "time": 0.6053378582000732
    }
  },
  "Brazil": {
    "0": {
      "score": 9,
      "time": 1.1760478019714355
    }
  },
  "France": {
    "0": {
      "score": 6,
      "time": 1.1720106601715088
    }
  },
  "Austria": {
    "0": {
      "score": 5,
      "time": 0.8955626487731934
    }
  },
  "Romania": {
    "0": {
      "score": 9,
      "time": 0.10332655906677246
    }
  },
  "Switzerland": {
    "0": {
      "score": 5,
      "time": 0.8149607181549072
    }
  },
  "Sweden": {
    "0": {
      "score": 7,
      "time": 0.4343380928039551
    }
  },
  "Serbia": {
    "0": {
      "score": 9,
      "time": 0.4107515811920166
    }
  },
  "Mexico": {
    "0": {
      "score": 6,
      "time": 1.356074333190918
    }
  },
  "Italy": {
    "0": {
      "score": 5,
      "time": 1.666750431060791
    }
  },
  "Nigeria": {
    "0": {
      "score": 9,
      "time": 0.6795125007629395
    }
  },
  "China,PR": {
    "0": {
      "score": 9,
      "time": 1.2448134422302246
    }
  },
  "Croatia": {
    "0": {
      "score": 7,
      "time": 0.24262118339538574
    }
  },
  "Saudi,Arabia": {
    "0": {
      "score": 6,
      "time": 0.332472562789917
    }
  },
  "Chile": {
    "0": {
      "score": 8,
      "time": 1.9421806335449219
    }
  },
  "Belgium": {
    "0": {
      "score": 7,
      "time": 0.3767390251159668
    }
  },
  "Colombia": {
    "0": {
      "score": 9,
      "time": 0.9479615688323975
    }
  },
  "South,Africa": {
    "0": {
      "score": 9,
      "time": 0.8729021549224854
    }
  },
  "Canada": {
    "0": {
      "score": 9,
      "time": 0.8569216728210449
    }
  },
  "Spain": {
    "0": {
      "score": 7,
      "time": 0.8952436447143555
    }
  },
  "Argentina": {
    "0": {
      "score": 7,
      "time": 0.8826656341552734
    }
  },
  "Poland": {
    "0": {
      "score": 7,
      "time": 1.117826223373413
    }
  }
}