{
  "England": {
    "0": {
      "score": 3,
      "time": 0.34763312339782715
    }
  },
  "Netherlands": {
    "0": {
      "score": 9,
      "time": 0.5811350345611572
    }
  },
  "Korea,Republic": {
    "0": {
      "score": 6,
      "time": 0.36470985412597656
    }
  },
  "Japan": {
    "0": {
      "score": 7,
      "time": 0.1969623565673828
    }
  },
  "Northern,Ireland": {
    "0": {
      "score": 9,
      "time": 0.21590614318847656
    }
  },
  "Wales": {
    "0": {
      "score": 7,
      "time": 0.22630739212036133
    }
  },
  "Iceland": {
    "0": {
      "score": 4,
      "time": 0.5817503929138184
    }
  },
  "United,States": {
    "0": {
      "score": 7,
      "time": 0.24468398094177246
    }
  },
  "Finland": {
    "0": {
      "score": 7,
      "time": 0.12850165367126465
    }
  },
  "Turkey": {
    "0": {
      "score": 6,
      "time": 0.46761298179626465
    }
  },
  "Norway": {
    "0": {
      "score": 7,
      "time": 0.2722342014312744
    }
  },
  "Senegal": {
    "0": {
      "score": 9,
      "time": 0.11251020431518555
    }
  },
  "Scotland": {
    "0": {
      "score": 7,
      "time": 0.5186996459960938
    }
  },
  "Republic,of,Ireland": {
    "0": {
      "score": 9,
      "time": 0.11049747467041016
    }
  },
  "Germany": {
    "0": {
      "score": 7,
      "time": 0.396960973739624
    }
  },
  "Kosovo": {
    "0": {
      "score": 5,
      "time": 0.15884184837341309
    }
  },
  "Denmark": {
    "0": {
      "score": 5,
      "time": 0.5192062854766846
    }
  },
  "Australia": {
    "0": {
      "score": 9,
      "time": 0.48091864585876465
    }
  },
  "Ghana": {
    "0": {
      "score": 3,
      "time": 0.1933753490447998
    }
  },
  "Brazil": {
    "0": {
      "score": 4,
      "time": 0.21967196464538574
    }
  },
  "France": {
    "0": {
      "score": 6,
      "time": 0.3998236656188965
    }
  },
  "Austria": {
    "0": {
      "score": 7,
      "time": 0.2939763069152832
    }
  },
  "Romania": {
    "0": {
      "score": 9,
      "time": 0.05572319030761719
    }
  },
  "Switzerland": {
    "0": {
      "score": 5,
      "time": 0.27401041984558105
    }
  },
  "Sweden": {
    "0": {
      "score": 8,
      "time": 0.21155214309692383
    }
  },
  "Serbia": {
    "0": {
      "score": 9,
      "time": 0.3971395492553711
    }
  },
  "Mexico": {
    "0": {
      "score": 4,
      "time": 0.43112659454345703
    }
  },
  "Italy": {
    "0": {
      "score": 5,
      "time": 0.5125100612640381
    }
  },
  "Nigeria": {
    "0": {
      "score": 6,
      "time": 0.14456939697265625
    }
  },
  "China,PR": {
    "0": {
      "score": 6,
      "time": 0.32695698738098145
    }
  },
  "Croatia": {
    "0": {
      "score": 7,
      "time": 0.0850670337677002
    }
  },
  "Saudi,Arabia": {
    "0": {
      "score": 6,
      "time": 0.5790579319000244
    }
  },
  "Chile": {
    "0": {
      "score": 6,
      "time": 0.2720344066619873
    }
  },
  "Belgium": {
    "0": {
      "score": 5,
      "time": 0.3085947036743164
    }
  },
  "Colombia": {
    "0": {
      "score": 9,
      "time": 0.13182473182678223
    }
  },
  "South,Africa": {
    "0": {
      "score": 9,
      "time": 0.2109999656677246
    }
  },
  "Canada": {
    "0": {
      "score": 7,
      "time": 0.23852252960205078
    }
  },
  "Spain": {
    "0": {
      "score": 6,
      "time": 0.35517358779907227
    }
  },
  "Argentina": {
    "0": {
      "score": 6,
      "time": 0.21714258193969727
    }
  },
  "Poland": {
    "0": {
      "score": 5,
      "time": 0.14675259590148926
    }
  }
}