{
  "England": {
    "0": {
      "score": 3,
      "time": 0.1784670352935791
    }
  },
  "Netherlands": {
    "0": {
      "score": 9,
      "time": 0.3159821033477783
    }
  },
  "Korea,Republic": {
    "0": {
      "score": 6,
      "time": 0.20793867111206055
    }
  },
  "Japan": {
    "0": {
      "score": 5,
      "time": 0.11771464347839355
    }
  },
  "Northern,Ireland": {
    "0": {
      "score": 9,
      "time": 0.08996295928955078
    }
  },
  "Wales": {
    "0": {
      "score": 7,
      "time": 0.12753915786743164
    }
  },
  "Iceland": {
    "0": {
      "score": 5,
      "time": 0.2700631618499756
    }
  },
  "United,States": {
    "0": {
      "score": 7,
      "time": 0.10461926460266113
    }
  },
  "Finland": {
    "0": {
      "score": 7,
      "time": 0.0822443962097168
    }
  },
  "Turkey": {
    "0": {
      "score": 6,
      "time": 0.15087199211120605
    }
  },
  "Norway": {
    "0": {
      "score": 5,
      "time": 0.09421586990356445
    }
  },
  "Senegal": {
    "0": {
      "score": 7,
      "time": 0.0953366756439209
    }
  },
  "Scotland": {
    "0": {
      "score": 7,
      "time": 0.22956037521362305
    }
  },
  "Republic,of,Ireland": {
    "0": {
      "score": 9,
      "time": 0.1243596076965332
    }
  },
  "Germany": {
    "0": {
      "score": 7,
      "time": 0.17030906677246094
    }
  },
  "Kosovo": {
    "0": {
      "score": 7,
      "time": 0.08085346221923828
    }
  },
  "Denmark": {
    "0": {
      "score": 9,
      "time": 0.14965605735778809
    }
  },
  "Australia": {
    "0": {
      "score": 9,
      "time": 0.38773345947265625
    }
  },
  "Ghana": {
    "0": {
      "score": 3,
      "time": 0.09910798072814941
    }
  },
  "Brazil": {
    "0": {
      "score": 4,
      "time": 0.4416637420654297
    }
  },
  "France": {
    "0": {
      "score": 8,
      "time": 0.18894290924072266
    }
  },
  "Austria": {
    "0": {
      "score": 7,
      "time": 0.28905344009399414
    }
  },
  "Romania": {
    "0": {
      "score": 9,
      "time": 0.050173044204711914
    }
  },
  "Switzerland": {
    "0": {
      "score": 6,
      "time": 0.25519585609436035
    }
  },
  "Sweden": {
    "0": {
      "score": 8,
      "time": 0.07865190505981445
    }
  },
  "Serbia": {
    "0": {
      "score": 7,
      "time": 0.2918233871459961
    }
  },
  "Mexico": {
    "0": {
      "score": 5,
      "time": 0.16855430603027344
    }
  },
  "Italy": {
    "0": {
      "score": 4,
      "time": 0.33690333366394043
    }
  },
  "Nigeria": {
    "0": {
      "score": 6,
      "time": 0.09379386901855469
    }
  },
  "China,PR": {
    "0": {
      "score": 6,
      "time": 0.25907063484191895
    }
  },
  "Croatia": {
    "0": {
      "score": 5,
      "time": 0.07474541664123535
    }
  },
  "Saudi,Arabia": {
    "0": {
      "score": 7,
      "time": 0.25323033332824707
    }
  },
  "Chile": {
    "0": {
      "score": 6,
      "time": 0.19170832633972168
    }
  },
  "Belgium": {
    "0": {
      "score": 5,
      "time": 0.24508380889892578
    }
  },
  "Colombia": {
    "0": {
      "score": 9,
      "time": 0.10501623153686523
    }
  },
  "South,Africa": {
    "0": {
      "score": 7,
      "time": 0.14731407165527344
    }
  },
  "Canada": {
    "0": {
      "score": 7,
      "time": 0.0979771614074707
    }
  },
  "Spain": {
    "0": {
      "score": 6,
      "time": 0.19096636772155762
    }
  },
  "Argentina": {
    "0": {
      "score": 5,
      "time": 0.15401959419250488
    }
  },
  "Poland": {
    "0": {
      "score": 7,
      "time": 0.11064672470092773
    }
  }
}