{
  "England": {
    "0": {
      "score": 7,
      "time": 0.9792876243591309
    }
  },
  "Netherlands": {
    "0": {
      "score": 7,
      "time": 1.4145970344543457
    }
  },
  "Korea,Republic": {
    "0": {
      "score": 5,
      "time": 1.7869093418121338
    }
  },
  "Japan": {
    "0": {
      "score": 9,
      "time": 1.2151763439178467
    }
  },
  "Northern,Ireland": {
    "0": {
      "score": 6,
      "time": 1.0532453060150146
    }
  },
  "Wales": {
    "0": {
      "score": 7,
      "time": 1.6177220344543457
    }
  },
  "Iceland": {
    "0": {
      "score": 5,
      "time": 1.6491212844848633
    }
  },
  "United,States": {
    "0": {
      "score": 3,
      "time": 0.7973277568817139
    }
  },
  "Finland": {
    "0": {
      "score": 7,
      "time": 1.7743961811065674
    }
  },
  "Turkey": {
    "0": {
      "score": 7,
      "time": 0.9401347637176514
    }
  },
  "Norway": {
    "0": {
      "score": 5,
      "time": 0.8487932682037354
    }
  },
  "Senegal": {
    "0": {
      "score": 8,
      "time": 1.036440134048462
    }
  },
  "Scotland": {
    "0": {
      "score": 7,
      "time": 1.2261345386505127
    }
  },
  "Republic,of,Ireland": {
    "0": {
      "score": 9,
      "time": 1.0277671813964844
    }
  },
  "Germany": {
    "0": {
      "score": 11,
      "time": 1.740884780883789
    }
  },
  "Kosovo": {
    "0": {
      "score": 9,
      "time": 0.5382144451141357
    }
  },
  "Denmark": {
    "0": {
      "score": 6,
      "time": 1.5109820365905762
    }
  },
  "Australia": {
    "0": {
      "score": 7,
      "time": 1.967468023300171
    }
  },
  "Ghana": {
    "0": {
      "score": 4,
      "time": 1.1238799095153809
    }
  },
  "Brazil": {
    "0": {
      "score": 9,
      "time": 1.1765432357788086
    }
  },
  "France": {
    "0": {
      "score": 6,
      "time": 0.4749274253845215
    }
  },
  "Austria": {
    "0": {
      "score": 7,
      "time": 1.5373125076293945
    }
  },
  "Romania": {
    "0": {
      "score": 9,
      "time": 0.3223252296447754
    }
  },
  "Switzerland": {
    "0": {
      "score": 5,
      "time": 1.7969069480895996
    }
  },
  "Sweden": {
    "0": {
      "score": 8,
      "time": 0.24840354919433594
    }
  },
  "Serbia": {
    "0": {
      "score": 9,
      "time": 1.9469106197357178
    }
  },
  "Mexico": {
    "0": {
      "score": 9,
      "time": 1.4897854328155518
    }
  },
  "Italy": {
    "0": {
      "score": 5,
      "time": 0.9651060104370117
    }
  },
  "Nigeria": {
    "0": {
      "score": 7,
      "time": 1.833986759185791
    }
  },
  "China,PR": {
    "0": {
      "score": 9,
      "time": 1.762620449066162
    }
  },
  "Croatia": {
    "0": {
      "score": 7,
      "time": 0.20914649963378906
    }
  },
  "Saudi,Arabia": {
    "0": {
      "score": 7,
      "time": 0.4065251350402832
    }
  },
  "Chile": {
    "0": {
      "score": 5,
      "time": 1.7709226608276367
    }
  },
  "Belgium": {
    "0": {
      "score": 7,
      "time": 1.8142881393432617
    }
  },
  "Colombia": {
    "0": {
      "score": 9,
      "time": 1.079763412475586
    }
  },
  "South,Africa": {
    "0": {
      "score": 8,
      "time": 0.5717082023620605
    }
  },
  "Canada": {
    "0": {
      "score": 8,
      "time": 1.4824576377868652
    }
  },
  "Spain": {
    "0": {
      "score": 7,
      "time": 0.3145732879638672
    }
  },
  "Argentina": {
    "0": {
      "score": 7,
      "time": 1.6905078887939453
    }
  },
  "Poland": {
    "0": {
      "score": 9,
      "time": 1.0873684883117676
    }
  }
}