{
  "England": {
    "0": {
      "score": 7,
      "time": 1.7734301090240479
    }
  },
  "Netherlands": {
    "0": {
      "score": 5,
      "time": 1.9777638912200928
    }
  },
  "Korea,Republic": {
    "0": {
      "score": 9,
      "time": 0.7079944610595703
    }
  },
  "Japan": {
    "0": {
      "score": 9,
      "time": 1.7776124477386475
    }
  },
  "Northern,Ireland": {
    "0": {
      "score": 8,
      "time": 1.7839806079864502
    }
  },
  "Wales": {
    "0": {
      "score": 7,
      "time": 1.765439748764038
    }
  },
  "Iceland": {
    "0": {
      "score": 5,
      "time": 1.7670209407806396
    }
  },
  "United,States": {
    "0": {
      "score": 5,
      "time": 1.6960008144378662
    }
  },
  "Finland": {
    "0": {
      "score": 6,
      "time": 1.8271288871765137
    }
  },
  "Turkey": {
    "0": {
      "score": 5,
      "time": 1.8666107654571533
    }
  },
  "Norway": {
    "0": {
      "score": 7,
      "time": 1.0359106063842773
    }
  },
  "Senegal": {
    "0": {
      "score": 8,
      "time": 1.7057924270629883
    }
  },
  "Scotland": {
    "0": {
      "score": 9,
      "time": 1.6921422481536865
    }
  },
  "Republic,of,Ireland": {
    "0": {
      "score": 9,
      "time": 1.8773698806762695
    }
  },
  "Germany": {
    "0": {
      "score": 7,
      "time": 1.8041472434997559
    }
  },
  "Kosovo": {
    "0": {
      "score": 9,
      "time": 0.5763945579528809
    }
  },
  "Denmark": {
    "0": {
      "score": 5,
      "time": 1.739076852798462
    }
  },
  "Australia": {
    "0": {
      "score": 9,
      "time": 1.7199416160583496
    }
  },
  "Ghana": {
    "0": {
      "score": 6,
      "time": 0.6345758438110352
    }
  },
  "Brazil": {
    "0": {
      "score": 8,
      "time": 1.770514726638794
    }
  },
  "France": {
    "0": {
      "score": 6,
      "time": 1.7131285667419434
    }
  },
  "Austria": {
    "0": {
      "score": 7,
      "time": 1.8208928108215332
    }
  },
  "Romania": {
    "0": {
      "score": 9,
      "time": 1.8863036632537842
    }
  },
  "Switzerland": {
    "0": {
      "score": 5,
      "time": 1.6913630962371826
    }
  },
  "Sweden": {
    "0": {
      "score": 7,
      "time": 0.5395267009735107
    }
  },
  "Serbia": {
    "0": {
      "score": 9,
      "time": 2.020799160003662
    }
  },
  "Mexico": {
    "0": {
      "score": 6,
      "time": 1.8368878364562988
    }
  },
  "Italy": {
    "0": {
      "score": 5,
      "time": 1.7938525676727295
    }
  },
  "Nigeria": {
    "0": {
      "score": 6,
      "time": 1.7721748352050781
    }
  },
  "China,PR": {
    "0": {
      "score": 7,
      "time": 1.7778699398040771
    }
  },
  "Croatia": {
    "0": {
      "score": 8,
      "time": 1.737771987915039
    }
  },
  "Saudi,Arabia": {
    "0": {
      "score": 7,
      "time": 1.6945288181304932
    }
  },
  "Chile": {
    "0": {
      "score": 6,
      "time": 1.9092164039611816
    }
  },
  "Belgium": {
    "0": {
      "score": 11,
      "time": 1.8213708400726318
    }
  },
  "Colombia": {
    "0": {
      "score": 7,
      "time": 1.6913774013519287
    }
  },
  "South,Africa": {
    "0": {
      "score": 7,
      "time": 1.6997473239898682
    }
  },
  "Canada": {
    "0": {
      "score": 8,
      "time": 1.8881449699401855
    }
  },
  "Spain": {
    "0": {
      "score": 7,
      "time": 1.1381099224090576
    }
  },
  "Argentina": {
    "0": {
      "score": 7,
      "time": 1.7634150981903076
    }
  },
  "Poland": {
    "0": {
      "score": 7,
      "time": 1.8496170043945312
    }
  }
}