{
  "England": {
    "0": {
      "score": 3,
      "time": 0.2938711643218994
    }
  },
  "Netherlands": {
    "0": {
      "score": 7,
      "time": 0.11996626853942871
    }
  },
  "Korea,Republic": {
    "0": {
      "score": 6,
      "time": 0.13812518119812012
    }
  },
  "Japan": {
    "0": {
      "score": 4,
      "time": 0.14328336715698242
    }
  },
  "Northern,Ireland": {
    "0": {
      "score": 9,
      "time": 0.07262897491455078
    }
  },
  "Wales": {
    "0": {
      "score": 5,
      "time": 0.13918519020080566
    }
  },
  "Iceland": {
    "0": {
      "score": 5,
      "time": 0.16788816452026367
    }
  },
  "United,States": {
    "0": {
      "score": 5,
      "time": 0.07688307762145996
    }
  },
  "Finland": {
    "0": {
      "score": 7,
      "time": 0.061605215072631836
    }
  },
  "Turkey": {
    "0": {
      "score": 4,
      "time": 0.07503271102905273
    }
  },
  "Norway": {
    "0": {
      "score": 6,
      "time": 0.16513848304748535
    }
  },
  "Senegal": {
    "0": {
      "score": 9,
      "time": 0.07261967658996582
    }
  },
  "Scotland": {
    "0": {
      "score": 9,
      "time": 0.07700324058532715
    }
  },
  "Republic,of,Ireland": {
    "0": {
      "score": 6,
      "time": 0.16239047050476074
    }
  },
  "Germany": {
    "0": {
      "score": 5,
      "time": 0.06653761863708496
    }
  },
  "Kosovo": {
    "0": {
      "score": 6,
      "time": 0.05961251258850098
    }
  },
  "Denmark": {
    "0": {
      "score": 7,
      "time": 0.11507678031921387
    }
  },
  "Australia": {
    "0": {
      "score": 9,
      "time": 0.20896410942077637
    }
  },
  "Ghana": {
    "0": {
      "score": 3,
      "time": 0.08998250961303711
    }
  },
  "Brazil": {
    "0": {
      "score": 6,
      "time": 0.0616605281829834
    }
  },
  "France": {
    "0": {
      "score": 5,
      "time": 0.20943617820739746
    }
  },
  "Austria": {
    "0": {
      "score": 6,
      "time": 0.15693068504333496
    }
  },
  "Romania": {
    "0": {
      "score": 7,
      "time": 0.0723412036895752
    }
  },
  "Switzerland": {
    "0": {
      "score": 5,
      "time": 0.10870814323425293
    }
  },
  "Sweden": {
    "0": {
      "score": 6,
      "time": 0.13336181640625
    }
  },
  "Serbia": {
    "0": {
      "score": 9,
      "time": 0.24718308448791504
    }
  },
  "Mexico": {
    "0": {
      "score": 2,
      "time": 0.16916680335998535
    }
  },
  "Italy": {
    "0": {
      "score": 2,
      "time": 0.19092845916748047
    }
  },
  "Nigeria": {
    "0": {
      "score": 4,
      "time": 0.06487154960632324
    }
  },
  "China,PR": {
    "0": {
      "score": 4,
      "time": 0.24747729301452637
    }
  },
  "Croatia": {
    "0": {
      "score": 8,
      "time": 0.09374666213989258
    }
  },
  "Saudi,Arabia": {
    "0": {
      "score": 5,
      "time": 0.13315629959106445
    }
  },
  "Chile": {
    "0": {
      "score": 6,
      "time": 0.10779857635498047
    }
  },
  "Belgium": {
    "0": {
      "score": 5,
      "time": 0.14737820625305176
    }
  },
  "Colombia": {
    "0": {
      "score": 6,
      "time": 0.12064576148986816
    }
  },
  "South,Africa": {
    "0": {
      "score": 9,
      "time": 0.059806108474731445
    }
  },
  "Canada": {
    "0": {
      "score": 7,
      "time": 0.08836865425109863
    }
  },
  "Spain": {
    "0": {
      "score": 3,
      "time": 0.08696508407592773
    }
  },
  "Argentina": {
    "0": {
      "score": 7,
      "time": 0.17063546180725098
    }
  },
  "Poland": {
    "0": {
      "score": 4,
      "time": 0.08798766136169434
    }
  }
}