{
  "England": {
    "0": {
      "score": 7,
      "time": 1.1811137199401855
    }
  },
  "Netherlands": {
    "0": {
      "score": 7,
      "time": 1.7795219421386719
    }
  },
  "Korea,Republic": {
    "0": {
      "score": 7,
      "time": 1.7792353630065918
    }
  },
  "Japan": {
    "0": {
      "score": 9,
      "time": 1.7814290523529053
    }
  },
  "Northern,Ireland": {
    "0": {
      "score": 8,
      "time": 0.5175573825836182
    }
  },
  "Wales": {
    "0": {
      "score": 7,
      "time": 1.509951114654541
    }
  },
  "Iceland": {
    "0": {
      "score": 5,
      "time": 1.1658997535705566
    }
  },
  "United,States": {
    "0": {
      "score": 7,
      "time": 0.898545503616333
    }
  },
  "Finland": {
    "0": {
      "score": 7,
      "time": 1.5312385559082031
    }
  },
  "Turkey": {
    "0": {
      "score": 7,
      "time": 1.7190096378326416
    }
  },
  "Norway": {
    "0": {
      "score": 9,
      "time": 0.9632394313812256
    }
  },
  "Senegal": {
    "0": {
      "score": 8,
      "time": 1.5376925468444824
    }
  },
  "Scotland": {
    "0": {
      "score": 7,
      "time": 1.8301713466644287
    }
  },
  "Republic,of,Ireland": {
    "0": {
      "score": 9,
      "time": 1.6128318309783936
    }
  },
  "Germany": {
    "0": {
      "score": 11,
      "time": 1.8692998886108398
    }
  },
  "Kosovo": {
    "0": {
      "score": 9,
      "time": 1.7340888977050781
    }
  },
  "Denmark": {
    "0": {
      "score": 7,
      "time": 1.9784610271453857
    }
  },
  "Australia": {
    "0": {
      "score": 7,
      "time": 1.8787307739257812
    }
  },
  "Ghana": {
    "0": {
      "score": 4,
      "time": 1.5674588680267334
    }
  },
  "Brazil": {
    "0": {
      "score": 9,
      "time": 1.627718210220337
    }
  },
  "France": {
    "0": {
      "score": 8,
      "time": 0.8033316135406494
    }
  },
  "Austria": {
    "0": {
      "score": 7,
      "time": 0.6084036827087402
    }
  },
  "Romania": {
    "0": {
      "score": 9,
      "time": 0.3785691261291504
    }
  },
  "Switzerland": {
    "0": {
      "score": 5,
      "time": 1.8593416213989258
    }
  },
  "Sweden": {
    "0": {
      "score": 7,
      "time": 1.624821424484253
    }
  },
  "Serbia": {
    "0": {
      "score": 9,
      "time": 1.8378279209136963
    }
  },
  "Mexico": {
    "0": {
      "score": 9,
      "time": 1.743370771408081
    }
  },
  "Italy": {
    "0": {
      "score": 7,
      "time": 1.6794977188110352
    }
  },
  "Nigeria": {
    "0": {
      "score": 7,
      "time": 1.2878625392913818
    }
  },
  "China,PR": {
    "0": {
      "score": 9,
      "time": 0.6079730987548828
    }
  },
  "Croatia": {
    "0": {
      "score": 8,
      "time": 0.8440916538238525
    }
  },
  "Saudi,Arabia": {
    "0": {
      "score": 7,
      "time": 1.940626621246338
    }
  },
  "Chile": {
    "0": {
      "score": 5,
      "time": 1.7902698516845703
    }
  },
  "Belgium": {
    "0": {
      "score": 7,
      "time": 1.8014464378356934
    }
  },
  "Colombia": {
    "0": {
      "score": 9,
      "time": 1.019474744796753
    }
  },
  "South,Africa": {
    "0": {
      "score": 8,
      "time": 1.7228672504425049
    }
  },
  "Canada": {
    "0": {
      "score": 8,
      "time": 1.6536989212036133
    }
  },
  "Spain": {
    "0": {
      "score": 7,
      "time": 1.8570866584777832
    }
  },
  "Argentina": {
    "0": {
      "score": 7,
      "time": 0.9352419376373291
    }
  },
  "Poland": {
    "0": {
      "score": 9,
      "time": 1.868424892425537
    }
  }
}