{
  "England": {
    "0": {
      "score": 9,
      "time": 0.8891737461090088
    }
  },
  "Netherlands": {
    "0": {
      "score": 8,
      "time": 0.7564940452575684
    }
  },
  "Korea,Republic": {
    "0": {
      "score": 5,
      "time": 1.0439176559448242
    }
  },
  "Japan": {
    "0": {
      "score": 9,
      "time": 0.7522332668304443
    }
  },
  "Northern,Ireland": {
    "0": {
      "score": 8,
      "time": 0.6534309387207031
    }
  },
  "Wales": {
    "0": {
      "score": 7,
      "time": 0.7436962127685547
    }
  },
  "Iceland": {
    "0": {
      "score": 5,
      "time": 1.851546049118042
    }
  },
  "United,States": {
    "0": {
      "score": 7,
      "time": 0.7059800624847412
    }
  },
  "Finland": {
    "0": {
      "score": 7,
      "time": 0.61336350440979
    }
  },
  "Turkey": {
    "0": {
      "score": 6,
      "time": 0.8234729766845703
    }
  },
  "Norway": {
    "0": {
      "score": 5,
      "time": 0.6122117042541504
    }
  },
  "Senegal": {
    "0": {
      "score": 8,
      "time": 0.6848223209381104
    }
  },
  "Scotland": {
    "0": {
      "score": 7,
      "time": 0.4479408264160156
    }
  },
  "Republic,of,Ireland": {
    "0": {
      "score": 9,
      "time": 0.20323586463928223
    }
  },
  "Germany": {
    "0": {
      "score": 7,
      "time": 0.1688086986541748
    }
  },
  "Kosovo": {
    "0": {
      "score": 9,
      "time": 1.111206293106079
    }
  },
  "Denmark": {
    "0": {
      "score": 7,
      "time": 1.0235583782196045
    }
  },
  "Australia": {
    "0": {
      "score": 9,
      "time": 0.9817087650299072
    }
  },
  "Ghana": {
    "0": {
      "score": 4,
      "time": 0.3611133098602295
    }
  },
  "Brazil": {
    "0": {
      "score": 9,
      "time": 0.9612064361572266
    }
  },
  "France": {
    "0": {
      "score": 6,
      "time": 0.23301196098327637
    }
  },
  "Austria": {
    "0": {
      "score": 6,
      "time": 0.7247204780578613
    }
  },
  "Romania": {
    "0": {
      "score": 9,
      "time": 0.07553529739379883
    }
  },
  "Switzerland": {
    "0": {
      "score": 5,
      "time": 1.2530958652496338
    }
  },
  "Sweden": {
    "0": {
      "score": 7,
      "time": 0.23383593559265137
    }
  },
  "Serbia": {
    "0": {
      "score": 9,
      "time": 0.8988854885101318
    }
  },
  "Mexico": {
    "0": {
      "score": 4,
      "time": 1.1608562469482422
    }
  },
  "Italy": {
    "0": {
      "score": 5,
      "time": 1.4078047275543213
    }
  },
  "Nigeria": {
    "0": {
      "score": 9,
      "time": 0.4227728843688965
    }
  },
  "China,PR": {
    "0": {
      "score": 9,
      "time": 0.8385112285614014
    }
  },
  "Croatia": {
    "0": {
      "score": 7,
      "time": 0.12458944320678711
    }
  },
  "Saudi,Arabia": {
    "0": {
      "score": 6,
      "time": 0.8247733116149902
    }
  },
  "Chile": {
    "0": {
      "score": 6,
      "time": 0.8976824283599854
    }
  },
  "Belgium": {
    "0": {
      "score": 7,
      "time": 0.6013710498809814
    }
  },
  "Colombia": {
    "0": {
      "score": 9,
      "time": 0.9335737228393555
    }
  },
  "South,Africa": {
    "0": {
      "score": 7,
      "time": 1.066263198852539
    }
  },
  "Canada": {
    "0": {
      "score": 9,
      "time": 0.8645269870758057
    }
  },
  "Spain": {
    "0": {
      "score": 7,
      "time": 0.7566354274749756
    }
  },
  "Argentina": {
    "0": {
      "score": 7,
      "time": 1.1072461605072021
    }
  },
  "Poland": {
    "0": {
      "score": 9,
      "time": 0.6594696044921875
    }
  }
}