{
  "England": {
    "0": {
      "score": 7,
      "time": 0.5496830940246582
    }
  },
  "Netherlands": {
    "0": {
      "score": 5,
      "time": 1.9594781398773193
    }
  },
  "Korea,Republic": {
    "0": {
      "score": 9,
      "time": 1.5001065731048584
    }
  },
  "Japan": {
    "0": {
      "score": 9,
      "time": 1.8173232078552246
    }
  },
  "Northern,Ireland": {
    "0": {
      "score": 8,
      "time": 1.8726310729980469
    }
  },
  "Wales": {
    "0": {
      "score": 7,
      "time": 1.9064311981201172
    }
  },
  "Iceland": {
    "0": {
      "score": 5,
      "time": 1.6658003330230713
    }
  },
  "United,States": {
    "0": {
      "score": 7,
      "time": 1.849421501159668
    }
  },
  "Finland": {
    "0": {
      "score": 7,
      "time": 1.6844470500946045
    }
  },
  "Turkey": {
    "0": {
      "score": 7,
      "time": 1.8903565406799316
    }
  },
  "Norway": {
    "0": {
      "score": 7,
      "time": 1.872859001159668
    }
  },
  "Senegal": {
    "0": {
      "score": 8,
      "time": 1.5928888320922852
    }
  },
  "Scotland": {
    "0": {
      "score": 9,
      "time": 1.8588826656341553
    }
  },
  "Republic,of,Ireland": {
    "0": {
      "score": 9,
      "time": 1.716921091079712
    }
  },
  "Germany": {
    "0": {
      "score": 7,
      "time": 1.6786243915557861
    }
  },
  "Kosovo": {
    "0": {
      "score": 9,
      "time": 1.9161124229431152
    }
  },
  "Denmark": {
    "0": {
      "score": 9,
      "time": 1.7446553707122803
    }
  },
  "Australia": {
    "0": {
      "score": 9,
      "time": 1.910447359085083
    }
  },
  "Ghana": {
    "0": {
      "score": 6,
      "time": 0.8323326110839844
    }
  },
  "Brazil": {
    "0": {
      "score": 8,
      "time": 1.6231300830841064
    }
  },
  "France": {
    "0": {
      "score": 6,
      "time": 1.7771813869476318
    }
  },
  "Austria": {
    "0": {
      "score": 7,
      "time": 1.7181446552276611
    }
  },
  "Romania": {
    "0": {
      "score": 9,
      "time": 1.8066246509552002
    }
  },
  "Switzerland": {
    "0": {
      "score": 5,
      "time": 1.9004058837890625
    }
  },
  "Sweden": {
    "0": {
      "score": 8,
      "time": 1.7799174785614014
    }
  },
  "Serbia": {
    "0": {
      "score": 9,
      "time": 1.8512256145477295
    }
  },
  "Mexico": {
    "0": {
      "score": 7,
      "time": 1.847522497177124
    }
  },
  "Italy": {
    "0": {
      "score": 5,
      "time": 0.5239903926849365
    }
  },
  "Nigeria": {
    "0": {
      "score": 6,
      "time": 1.7987065315246582
    }
  },
  "China,PR": {
    "0": {
      "score": 7,
      "time": 1.672910451889038
    }
  },
  "Croatia": {
    "0": {
      "score": 7,
      "time": 0.4993600845336914
    }
  },
  "Saudi,Arabia": {
    "0": {
      "score": 9,
      "time": 1.8725671768188477
    }
  },
  "Chile": {
    "0": {
      "score": 6,
      "time": 1.7354896068572998
    }
  },
  "Belgium": {
    "0": {
      "score": 11,
      "time": 1.821903944015503
    }
  },
  "Colombia": {
    "0": {
      "score": 9,
      "time": 1.7978711128234863
    }
  },
  "South,Africa": {
    "0": {
      "score": 7,
      "time": 1.2294886112213135
    }
  },
  "Canada": {
    "0": {
      "score": 8,
      "time": 1.9188058376312256
    }
  },
  "Spain": {
    "0": {
      "score": 7,
      "time": 0.7595891952514648
    }
  },
  "Argentina": {
    "0": {
      "score": 7,
      "time": 1.9201006889343262
    }
  },
  "Poland": {
    "0": {
      "score": 7,
      "time": 1.7010128498077393
    }
  }
}