{
  "England": {
    "0": {
      "score": 7,
      "time": 1.4370877742767334
    }
  },
  "Netherlands": {
    "0": {
      "score": 5,
      "time": 1.6716158390045166
    }
  },
  "Korea,Republic": {
    "0": {
      "score": 7,
      "time": 1.9098007678985596
    }
  },
  "Japan": {
    "0": {
      "score": 9,
      "time": 1.1549460887908936
    }
  },
  "Northern,Ireland": {
    "0": {
      "score": 8,
      "time": 1.0425655841827393
    }
  },
  "Wales": {
    "0": {
      "score": 7,
      "time": 1.7581183910369873
    }
  },
  "Iceland": {
    "0": {
      "score": 5,
      "time": 1.5967743396759033
    }
  },
  "United,States": {
    "0": {
      "score": 5,
      "time": 1.8631792068481445
    }
  },
  "Finland": {
    "0": {
      "score": 5,
      "time": 1.2335011959075928
    }
  },
  "Turkey": {
    "0": {
      "score": 7,
      "time": 1.7128784656524658
    }
  },
  "Norway": {
    "0": {
      "score": 9,
      "time": 1.6846654415130615
    }
  },
  "Senegal": {
    "0": {
      "score": 8,
      "time": 1.7239203453063965
    }
  },
  "Scotland": {
    "0": {
      "score": 9,
      "time": 1.8077735900878906
    }
  },
  "Republic,of,Ireland": {
    "0": {
      "score": 9,
      "time": 1.6473917961120605
    }
  },
  "Germany": {
    "0": {
      "score": 11,
      "time": 1.820709466934204
    }
  },
  "Kosovo": {
    "0": {
      "score": 9,
      "time": 1.7451894283294678
    }
  },
  "Denmark": {
    "0": {
      "score": 5,
      "time": 1.7029871940612793
    }
  },
  "Australia": {
    "0": {
      "score": 9,
      "time": 1.8088970184326172
    }
  },
  "Ghana": {
    "0": {
      "score": 4,
      "time": 1.3877122402191162
    }
  },
  "Brazil": {
    "0": {
      "score": 9,
      "time": 1.7539169788360596
    }
  },
  "France": {
    "0": {
      "score": 8,
      "time": 1.1751856803894043
    }
  },
  "Austria": {
    "0": {
      "score": 7,
      "time": 1.7053179740905762
    }
  },
  "Romania": {
    "0": {
      "score": 9,
      "time": 1.0009791851043701
    }
  },
  "Switzerland": {
    "0": {
      "score": 5,
      "time": 1.6783638000488281
    }
  },
  "Sweden": {
    "0": {
      "score": 7,
      "time": 1.7383127212524414
    }
  },
  "Serbia": {
    "0": {
      "score": 9,
      "time": 1.7534945011138916
    }
  },
  "Mexico": {
    "0": {
      "score": 9,
      "time": 1.7395312786102295
    }
  },
  "Italy": {
    "0": {
      "score": 7,
      "time": 1.8711321353912354
    }
  },
  "Nigeria": {
    "0": {
      "score": 6,
      "time": 1.8220710754394531
    }
  },
  "China,PR": {
    "0": {
      "score": 9,
      "time": 0.883641242980957
    }
  },
  "Croatia": {
    "0": {
      "score": 8,
      "time": 1.251941442489624
    }
  },
  "Saudi,Arabia": {
    "0": {
      "score": 7,
      "time": 1.679286003112793
    }
  },
  "Chile": {
    "0": {
      "score": 5,
      "time": 1.4573431015014648
    }
  },
  "Belgium": {
    "0": {
      "score": 7,
      "time": 1.956000804901123
    }
  },
  "Colombia": {
    "0": {
      "score": 9,
      "time": 1.781409740447998
    }
  },
  "South,Africa": {
    "0": {
      "score": 9,
      "time": 1.5314671993255615
    }
  },
  "Canada": {
    "0": {
      "score": 6,
      "time": 0.4516141414642334
    }
  },
  "Spain": {
    "0": {
      "score": 7,
      "time": 1.8193490505218506
    }
  },
  "Argentina": {
    "0": {
      "score": 7,
      "time": 1.909195899963379
    }
  },
  "Poland": {
    "0": {
      "score": 9,
      "time": 1.734041690826416
    }
  }
}